1460865097, 7, 50, 52, 54, 49, 40, 12, 18, 31, 34, 10, 24, 31, 16, 25, 14
1460865097, 5, 50, 52, 54, 49, 40, 12, 19, 31, 34, 10, 24, 31, 16, 26, 14
1460865097, 71, 50, 52, 54, 49, 40, 12, 19, 31, 34, 10, 24, 31, 16, 26, 14
1460865097, 57, 50, 52, 54, 49, 40, 12, 19, 31, 34, 10, 24, 31, 16, 26, 14
1460865097, 17, 50, 52, 54, 49, 40, 12, 19, 31, 34, 10, 24, 31, 15, 25, 14
1460865097, 12, 49, 52, 54, 49, 40, 12, 19, 31, 33, 10, 24, 31, 15, 25, 14
1460865097, 25, 49, 52, 54, 49, 40, 12, 20, 31, 33, 11, 24, 31, 14, 25, 14
1460865097, 5, 49, 52, 54, 49, 40, 12, 21, 31, 33, 11, 25, 31, 14, 25, 14
1460865097, 3, 49, 52, 54, 49, 40, 12, 21, 31, 33, 11, 25, 32, 14, 25, 14
1460865097, 6, 49, 52, 54, 49, 40, 13, 21, 31, 33, 11, 24, 31, 14, 25, 14
1460865097, 37, 49, 52, 54, 49, 40, 13, 22, 32, 34, 11, 24, 31, 14, 25, 14
1460865097, 26, 48, 52, 54, 49, 40, 14, 22, 33, 34, 11, 24, 31, 14, 25, 14
1460865097, 15, 49, 52, 54, 49, 40, 14, 23, 33, 35, 11, 24, 31, 14, 25, 14
1460865097, 33, 49, 52, 54, 49, 40, 15, 24, 34, 36, 11, 24, 31, 14, 25, 14
1460865097, 21, 49, 52, 54, 49, 40, 16, 26, 36, 38, 11, 24, 31, 14, 25, 14
1460865097, 12, 48, 52, 54, 49, 40, 17, 27, 37, 39, 11, 24, 31, 14, 25, 14
1460865098, 28, 48, 52, 54, 49, 40, 18, 27, 38, 39, 11, 24, 31, 14, 25, 14
1460865098, 51, 48, 52, 54, 49, 40, 18, 28, 38, 39, 11, 24, 31, 14, 25, 14
1460865098, 114, 48, 52, 54, 49, 40, 18, 27, 38, 39, 11, 24, 31, 14, 25, 14
1460865098, 68, 48, 52, 54, 49, 40, 17, 26, 36, 38, 10, 23, 31, 14, 25, 14
1460865098, 52, 48, 51, 54, 49, 40, 17, 25, 35, 36, 10, 23, 30, 14, 25, 14
1460865098, 35, 48, 51, 54, 49, 40, 17, 24, 34, 35, 10, 22, 30, 14, 25, 14
1460865098, 34, 48, 51, 54, 49, 40, 17, 24, 34, 35, 9, 22, 30, 14, 25, 14
1460865098, 250, 52, 50, 54, 49, 40, 22, 28, 38, 42, 9, 21, 29, 13, 25, 14
1460865098, 479, 66, 80, 86, 77, 65, 27, 40, 51, 62, 13, 30, 48, 22, 43, 22
1460865098, 385, 81, 101, 105, 98, 88, 74, 97, 114, 130, 29, 59, 95, 32, 73, 42
1460865098, 242, 90, 103, 107, 101, 92, 92, 120, 140, 157, 34, 68, 107, 37, 82, 47
1460865098, 142, 93, 103, 107, 101, 94, 100, 129, 149, 168, 34, 69, 113, 38, 88, 52
1460865098, 70, 93, 103, 107, 101, 95, 102, 131, 151, 171, 34, 69, 115, 38, 91, 55
1460865098, 23, 93, 103, 108, 101, 95, 103, 131, 152, 172, 34, 69, 117, 39, 92, 56
1460865098, 7, 93, 103, 108, 102, 95, 103, 132, 152, 173, 34, 70, 117, 39, 93, 56
1460865098, 11, 93, 103, 108, 102, 95, 103, 132, 152, 173, 34, 69, 117, 39, 93, 57
1460865098, 13, 93, 103, 108, 102, 95, 104, 132, 153, 173, 34, 69, 117, 38, 93, 57
1460865098, 18, 93, 103, 108, 102, 95, 104, 132, 152, 173, 34, 69, 117, 38, 92, 57
1460865098, 19, 93, 103, 108, 102, 95, 104, 132, 152, 173, 34, 69, 117, 38, 92, 57
1460865098, 17, 93, 103, 108, 102, 95, 103, 132, 152, 173, 34, 69, 117, 38, 92, 57
1460865098, 29, 92, 103, 108, 102, 95, 102, 131, 151, 172, 34, 68, 117, 37, 92, 57
1460865098, 114, 90, 103, 107, 101, 95, 99, 127, 145, 168, 34, 66, 115, 35, 90, 56
1460865098, 199, 84, 103, 107, 99, 92, 88, 112, 127, 150, 34, 63, 107, 32, 81, 50
1460865098, 316, 72, 85, 79, 73, 61, 47, 60, 72, 83, 25, 41, 59, 19, 41, 22
1460865099, 472, 67, 60, 53, 55, 45, 37, 52, 59, 66, 18, 25, 36, 13, 25, 16
1460865099, 236, 61, 42, 41, 39, 31, 34, 44, 56, 61, 10, 24, 31, 14, 23, 12
1460865099, 106, 57, 39, 40, 38, 31, 31, 39, 50, 55, 8, 21, 29, 13, 23, 12
1460865099, 82, 53, 38, 40, 38, 31, 28, 35, 46, 52, 8, 20, 28, 13, 23, 12
1460865099, 74, 51, 37, 39, 38, 31, 26, 33, 44, 49, 8, 21, 28, 13, 23, 12
1460865099, 60, 51, 37, 39, 38, 31, 25, 32, 43, 48, 8, 20, 28, 13, 23, 12
1460865099, 26, 51, 37, 39, 38, 31, 25, 31, 42, 48, 8, 21, 28, 13, 23, 12
1460865099, 42, 51, 37, 39, 38, 31, 24, 30, 41, 47, 8, 21, 28, 14, 24, 12
1460865099, 14, 51, 37, 39, 37, 31, 24, 30, 41, 47, 8, 21, 29, 14, 24, 12
1460865099, 6, 51, 37, 39, 37, 31, 24, 30, 42, 47, 8, 21, 29, 14, 24, 11
1460865099, 9, 52, 37, 39, 37, 31, 24, 30, 42, 47, 8, 22, 29, 14, 24, 11
1460865099, 7, 52, 37, 39, 37, 31, 24, 30, 42, 47, 8, 22, 29, 15, 24, 11
1460865099, 15, 52, 37, 39, 37, 31, 24, 29, 42, 47, 8, 22, 29, 15, 24, 11
1460865099, 11, 52, 37, 39, 37, 31, 24, 29, 42, 47, 8, 22, 29, 15, 24, 12
1460865099, 106, 52, 37, 39, 37, 31, 24, 29, 42, 47, 8, 22, 29, 15, 24, 12
1460865099, 61, 52, 37, 39, 37, 31, 24, 30, 42, 46, 9, 22, 29, 14, 24, 12
1460865099, 17, 51, 37, 39, 37, 31, 23, 28, 39, 43, 8, 22, 29, 14, 24, 12
1460865099, 11, 50, 37, 39, 37, 31, 23, 27, 38, 42, 8, 22, 29, 14, 24, 12
1460865099, 7, 50, 37, 39, 37, 31, 23, 26, 38, 42, 8, 22, 29, 14, 24, 12
1460865099, 4, 50, 37, 39, 37, 32, 23, 26, 37, 41, 8, 22, 30, 14, 24, 12
1460865099, 2, 50, 37, 39, 37, 32, 23, 26, 37, 41, 9, 22, 30, 14, 24, 12
1460865099, 5, 50, 37, 39, 37, 32, 23, 26, 37, 41, 9, 22, 30, 14, 24, 12
1460865099, 5, 50, 37, 39, 37, 32, 23, 26, 37, 41, 9, 22, 30, 14, 24, 12
1460865100, 5, 50, 37, 39, 37, 32, 23, 26, 37, 41, 9, 22, 30, 14, 24, 12
1460865100, 5, 50, 37, 39, 37, 32, 23, 26, 37, 41, 9, 22, 30, 14, 24, 12
1460865100, 11, 50, 37, 39, 37, 32, 23, 26, 37, 41, 9, 22, 30, 14, 24, 12
1460865100, 30, 50, 37, 39, 37, 32, 23, 26, 37, 41, 9, 22, 30, 14, 24, 12
1460865100, 274, 52, 37, 39, 37, 32, 25, 29, 39, 44, 9, 22, 30, 14, 24, 12
1460865100, 892, 57, 37, 39, 38, 32, 31, 37, 48, 55, 9, 21, 30, 13, 24, 12
1460865100, 578, 73, 89, 95, 89, 75, 50, 70, 84, 100, 23, 45, 74, 24, 59, 36
1460865100, 325, 77, 100, 104, 98, 90, 65, 91, 111, 130, 33, 66, 104, 35, 79, 45
1460865100, 138, 78, 101, 105, 99, 92, 68, 96, 116, 138, 34, 67, 110, 36, 84, 50
1460865100, 66, 79, 101, 105, 99, 93, 70, 97, 118, 142, 34, 67, 112, 37, 87, 53
1460865100, 35, 79, 102, 105, 99, 93, 71, 98, 120, 143, 34, 68, 113, 37, 88, 54
1460865100, 18, 79, 102, 105, 100, 93, 73, 99, 120, 144, 33, 67, 114, 37, 88, 55
1460865100, 25, 79, 102, 105, 100, 94, 73, 99, 120, 144, 34, 67, 114, 36, 88, 55
1460865100, 39, 79, 102, 105, 100, 94, 74, 100, 120, 144, 34, 67, 114, 36, 88, 55
1460865100, 77, 78, 102, 105, 99, 93, 73, 98, 117, 141, 34, 66, 113, 34, 87, 54
1460865100, 286, 73, 102, 93, 76, 65, 67, 66, 71, 84, 53, 81, 92, 34, 53, 24
1460865100, 394, 68, 68, 75, 66, 55, 36, 47, 59, 67, 12, 25, 40, 20, 37, 19
1460865100, 242, 67, 57, 71, 63, 53, 42, 49, 60, 67, 18, 22, 33, 18, 34, 18
1460865100, 238, 64, 63, 70, 63, 52, 38, 47, 58, 64, 11, 22, 35, 17, 33, 17
1460865100, 131, 60, 65, 70, 63, 52, 34, 43, 53, 59, 10, 23, 36, 17, 33, 17
1460865100, 117, 55, 52, 54, 62, 52, 34, 42, 48, 53, 9, 24, 32, 18, 27, 17
1460865100, 133, 53, 52, 53, 62, 52, 31, 40, 46, 51, 9, 24, 32, 20, 27, 17
1460865100, 80, 53, 51, 53, 62, 52, 30, 39, 45, 51, 9, 24, 32, 20, 27, 17
1460865101, 52, 52, 50, 53, 62, 52, 28, 37, 43, 49, 9, 25, 32, 20, 27, 17
1460865101, 44, 52, 50, 52, 62, 51, 27, 36, 41, 47, 9, 25, 32, 21, 27, 17
1460865101, 22, 52, 50, 51, 62, 51, 26, 36, 40, 46, 10, 25, 32, 22, 27, 17
1460865101, 9, 52, 49, 51, 62, 51, 26, 36, 40, 46, 10, 25, 32, 22, 27, 17
1460865101, 3, 52, 49, 51, 62, 51, 27, 36, 41, 47, 9, 26, 32, 22, 27, 17
1460865101, 3, 52, 49, 51, 62, 51, 27, 37, 41, 47, 9, 26, 32, 22, 27, 17
1460865101, 15, 52, 48, 51, 62, 51, 29, 38, 42, 48, 9, 27, 32, 23, 27, 17
1460865101, 10, 51, 48, 51, 62, 51, 30, 38, 43, 48, 9, 27, 32, 23, 28, 17
1460865101, 8, 51, 48, 51, 62, 51, 30, 39, 43, 49, 9, 27, 32, 23, 28, 17
1460865101, 5, 50, 48, 51, 62, 51, 31, 40, 45, 50, 9, 27, 32, 24, 28, 17
1460865101, 19, 50, 48, 51, 62, 51, 32, 41, 46, 51, 9, 27, 32, 24, 28, 17
1460865101, 54, 50, 48, 51, 62, 51, 33, 41, 47, 51, 9, 27, 32, 24, 28, 17
1460865101, 36, 51, 48, 50, 62, 51, 33, 42, 48, 52, 9, 27, 32, 24, 28, 18
1460865101, 25, 51, 47, 50, 62, 51, 34, 43, 48, 53, 9, 27, 32, 24, 28, 18
1460865101, 24, 51, 47, 50, 62, 51, 34, 43, 48, 53, 9, 27, 31, 25, 27, 18
1460865101, 17, 51, 47, 50, 62, 51, 34, 43, 48, 53, 9, 27, 31, 25, 27, 18
1460865101, 9, 51, 47, 50, 62, 51, 34, 43, 48, 54, 9, 27, 31, 25, 27, 18
1460865101, 14, 52, 47, 50, 62, 50, 34, 43, 48, 54, 9, 27, 31, 25, 27, 18
1460865101, 218, 52, 47, 50, 62, 51, 34, 43, 48, 53, 9, 27, 31, 25, 28, 18
1460865101, 343, 68, 71, 70, 72, 66, 29, 39, 55, 69, 10, 31, 48, 22, 40, 20
1460865101, 594, 81, 94, 98, 92, 83, 72, 96, 112, 132, 28, 54, 91, 28, 70, 43
1460865101, 298, 89, 99, 103, 99, 92, 94, 122, 141, 161, 32, 64, 106, 34, 82, 50
1460865101, 115, 90, 100, 105, 100, 93, 99, 126, 145, 166, 32, 64, 109, 34, 85, 53
1460865101, 77, 90, 100, 106, 101, 94, 101, 129, 148, 168, 32, 64, 110, 35, 87, 54
1460865102, 40, 90, 101, 106, 101, 95, 102, 130, 149, 170, 32, 65, 111, 35, 88, 55
1460865102, 31, 90, 101, 107, 102, 95, 103, 130, 149, 170, 32, 64, 112, 35, 88, 55
1460865102, 43, 90, 101, 107, 102, 96, 103, 130, 149, 169, 33, 64, 112, 35, 88, 55
1460865102, 51, 90, 102, 107, 102, 96, 103, 130, 148, 169, 33, 64, 112, 34, 88, 55
1460865102, 100, 88, 102, 107, 101, 95, 100, 127, 143, 165, 33, 63, 111, 32, 86, 55
1460865102, 265, 83, 102, 107, 85, 76, 90, 115, 100, 118, 33, 74, 93, 63, 78, 32
1460865102, 432, 74, 76, 73, 69, 59, 45, 57, 71, 81, 16, 31, 48, 17, 37, 20
1460865102, 327, 69, 56, 59, 66, 56, 42, 52, 58, 68, 10, 28, 38, 23, 33, 19
1460865102, 189, 64, 54, 55, 66, 55, 37, 48, 51, 60, 11, 29, 37, 28, 33, 19
1460865102, 174, 59, 53, 54, 65, 54, 33, 42, 46, 54, 9, 30, 36, 28, 32, 19
1460865102, 121, 55, 52, 54, 65, 54, 30, 39, 43, 50, 9, 31, 36, 29, 32, 19
1460865102, 128, 54, 52, 54, 65, 54, 28, 37, 42, 49, 9, 31, 36, 28, 31, 19
1460865102, 119, 53, 52, 54, 65, 53, 28, 37, 42, 49, 9, 31, 36, 28, 31, 19
1460865102, 30, 53, 51, 54, 65, 53, 27, 35, 41, 48, 9, 32, 36, 28, 31, 19
1460865102, 23, 53, 51, 54, 65, 54, 27, 34, 40, 47, 9, 32, 37, 28, 31, 19
1460865102, 34, 53, 51, 54, 65, 53, 26, 34, 40, 47, 9, 32, 36, 28, 31, 19
1460865102, 23, 53, 51, 54, 65, 53, 26, 34, 40, 47, 9, 32, 36, 29, 31, 19
1460865102, 9, 53, 51, 54, 65, 53, 26, 35, 40, 47, 9, 32, 35, 29, 30, 19
1460865102, 2, 53, 51, 53, 65, 53, 27, 35, 41, 47, 9, 32, 35, 29, 31, 19
1460865102, 1, 53, 51, 53, 65, 53, 27, 35, 41, 47, 9, 33, 36, 30, 31, 19
1460865102, 8, 52, 51, 53, 65, 53, 27, 35, 41, 48, 9, 33, 36, 30, 31, 19
1460865102, 9, 52, 50, 53, 65, 53, 27, 35, 41, 48, 9, 33, 36, 30, 31, 19
1460865102, 19, 52, 50, 53, 65, 53, 27, 36, 41, 48, 9, 33, 36, 31, 32, 19
1460865102, 35, 52, 50, 52, 65, 53, 27, 36, 41, 47, 9, 33, 36, 31, 32, 19
1460865103, 17, 52, 50, 52, 65, 53, 27, 37, 41, 47, 10, 33, 36, 32, 32, 19
1460865103, 10, 52, 50, 52, 65, 53, 27, 37, 41, 47, 10, 33, 35, 32, 31, 19
1460865103, 6, 52, 50, 52, 65, 53, 27, 37, 41, 47, 10, 33, 35, 32, 31, 19
1460865103, 29, 52, 50, 52, 65, 53, 27, 37, 41, 47, 10, 33, 35, 32, 31, 19
1460865103, 22, 52, 50, 52, 65, 53, 27, 36, 41, 47, 10, 33, 35, 32, 31, 19
1460865103, 41, 52, 50, 52, 65, 53, 27, 36, 41, 47, 10, 33, 36, 32, 31, 19
1460865103, 22, 52, 50, 52, 65, 53, 27, 36, 41, 47, 10, 33, 37, 32, 33, 19
1460865103, 146, 52, 50, 52, 65, 53, 27, 37, 41, 47, 10, 33, 37, 32, 33, 19
1460865103, 626, 66, 73, 64, 64, 54, 31, 36, 52, 66, 12, 27, 47, 18, 36, 21
1460865103, 600, 90, 102, 106, 100, 93, 88, 116, 135, 157, 34, 66, 111, 34, 85, 53
1460865103, 456, 94, 103, 107, 102, 95, 106, 136, 155, 174, 36, 69, 115, 36, 88, 54
1460865103, 205, 96, 103, 107, 102, 95, 112, 141, 160, 179, 35, 68, 115, 36, 89, 55
1460865103, 122, 96, 103, 108, 102, 96, 112, 141, 159, 179, 34, 68, 115, 37, 91, 56
1460865103, 72, 96, 103, 108, 102, 96, 113, 142, 160, 180, 34, 68, 116, 37, 91, 56
1460865103, 26, 95, 103, 108, 102, 96, 112, 141, 159, 179, 34, 68, 116, 36, 91, 57
1460865103, 26, 95, 103, 108, 102, 96, 111, 140, 158, 178, 34, 68, 116, 36, 91, 57
1460865103, 52, 95, 103, 108, 102, 96, 110, 139, 158, 178, 35, 68, 116, 36, 91, 57
1460865103, 104, 93, 103, 108, 102, 96, 108, 137, 154, 175, 35, 67, 117, 35, 91, 58
1460865103, 188, 91, 103, 108, 101, 95, 103, 131, 147, 170, 35, 65, 116, 33, 90, 58
1460865103, 366, 84, 98, 97, 91, 84, 81, 93, 103, 125, 29, 45, 86, 18, 62, 44
1460865103, 447, 74, 83, 83, 83, 74, 37, 59, 67, 87, 24, 33, 63, 12, 46, 34
1460865103, 353, 70, 49, 52, 49, 38, 37, 40, 57, 67, 8, 22, 32, 16, 30, 16
1460865103, 193, 65, 41, 41, 40, 31, 39, 50, 61, 67, 10, 22, 31, 13, 24, 13
1460865104, 108, 55, 40, 39, 39, 31, 31, 44, 53, 58, 12, 23, 30, 13, 23, 12
1460865104, 71, 49, 40, 39, 38, 31, 25, 38, 47, 51, 12, 23, 31, 13, 22, 12
1460865104, 63, 47, 40, 39, 38, 31, 23, 35, 45, 49, 12, 23, 31, 13, 22, 12
1460865104, 53, 46, 39, 39, 38, 31, 22, 35, 44, 49, 12, 23, 31, 13, 22, 12
1460865104, 28, 47, 39, 39, 38, 31, 23, 35, 44, 48, 11, 23, 30, 13, 22, 11
1460865104, 48, 47, 39, 39, 38, 31, 23, 34, 44, 48, 11, 22, 30, 13, 22, 11
1460865104, 41, 48, 39, 39, 38, 31, 24, 35, 44, 49, 11, 23, 30, 13, 22, 11
1460865104, 33, 48, 39, 39, 38, 31, 25, 36, 45, 49, 11, 23, 30, 13, 22, 11
1460865104, 17, 49, 39, 39, 38, 31, 25, 37, 46, 50, 11, 23, 30, 13, 22, 11
1460865104, 7, 49, 39, 39, 38, 31, 26, 37, 46, 51, 11, 23, 30, 13, 22, 11
1460865104, 1, 50, 39, 39, 38, 31, 27, 38, 47, 52, 11, 23, 30, 13, 22, 11
1460865104, 3, 50, 39, 39, 38, 32, 27, 39, 48, 52, 11, 23, 30, 13, 23, 11
1460865104, 11, 50, 39, 39, 38, 32, 27, 39, 48, 53, 12, 23, 31, 13, 23, 11
1460865104, 6, 50, 39, 39, 38, 32, 28, 40, 49, 53, 12, 23, 31, 13, 23, 11
1460865104, 9, 50, 39, 39, 38, 32, 28, 41, 50, 54, 12, 23, 31, 13, 23, 11
1460865104, 19, 49, 39, 39, 38, 32, 28, 41, 50, 54, 12, 23, 31, 13, 23, 11
1460865104, 32, 49, 39, 39, 38, 32, 29, 41, 50, 54, 12, 24, 31, 13, 23, 11
1460865104, 20, 49, 39, 39, 38, 32, 29, 42, 51, 55, 12, 24, 31, 13, 23, 11
1460865104, 22, 49, 39, 39, 38, 32, 29, 42, 51, 55, 12, 24, 31, 13, 23, 11
1460865104, 13, 49, 39, 39, 38, 32, 30, 42, 51, 55, 12, 24, 32, 13, 23, 11
1460865104, 74, 48, 39, 39, 38, 32, 29, 42, 51, 55, 12, 24, 32, 13, 23, 11
1460865104, 222, 48, 39, 39, 38, 32, 29, 42, 50, 55, 12, 23, 32, 13, 23, 11
1460865104, 320, 73, 78, 84, 81, 71, 25, 44, 61, 81, 19, 38, 63, 21, 50, 30
1460865105, 483, 80, 99, 104, 97, 89, 67, 93, 111, 130, 33, 65, 104, 34, 80, 47
1460865105, 431, 84, 101, 104, 98, 92, 76, 102, 122, 143, 34, 68, 110, 37, 85, 49
1460865105, 212, 86, 101, 105, 99, 93, 79, 106, 127, 149, 34, 69, 113, 38, 88, 52
1460865105, 81, 86, 102, 105, 99, 93, 80, 108, 129, 152, 34, 69, 115, 38, 90, 54
1460865105, 40, 85, 102, 105, 100, 94, 81, 108, 130, 153, 34, 69, 116, 38, 91, 55
1460865105, 20, 84, 102, 106, 100, 94, 81, 108, 130, 153, 34, 69, 117, 38, 91, 56
1460865105, 18, 82, 102, 106, 100, 94, 81, 108, 129, 152, 34, 69, 117, 37, 91, 57
1460865105, 25, 81, 102, 106, 100, 94, 82, 108, 128, 151, 34, 68, 117, 37, 91, 57
1460865105, 41, 81, 103, 106, 100, 94, 82, 108, 127, 150, 34, 68, 117, 36, 91, 57
1460865105, 114, 80, 103, 106, 100, 94, 81, 107, 125, 148, 35, 68, 117, 36, 91, 57
1460865105, 164, 72, 103, 105, 96, 74, 76, 89, 98, 91, 35, 64, 97, 32, 74, 48
1460865105, 492, 77, 75, 70, 65, 57, 24, 34, 51, 68, 16, 31, 51, 18, 38, 21
1460865105, 375, 76, 62, 64, 56, 49, 20, 30, 48, 61, 11, 27, 41, 18, 33, 15
1460865105, 238, 73, 60, 61, 54, 47, 16, 24, 42, 56, 11, 27, 40, 17, 32, 15
1460865105, 185, 70, 58, 60, 54, 46, 14, 20, 36, 50, 10, 25, 39, 16, 32, 16
1460865105, 79, 67, 57, 57, 54, 46, 12, 18, 31, 45, 10, 25, 38, 15, 31, 16
1460865105, 24, 65, 56, 56, 54, 45, 12, 16, 28, 43, 10, 24, 38, 15, 30, 16
1460865105, 12, 64, 55, 56, 53, 45, 12, 16, 27, 42, 10, 24, 38, 15, 30, 17
1460865105, 20, 63, 54, 55, 53, 45, 12, 15, 25, 40, 10, 24, 37, 15, 30, 17
1460865105, 3, 63, 54, 55, 53, 45, 12, 15, 24, 39, 10, 24, 37, 15, 30, 17
1460865105, 2, 62, 53, 54, 53, 45, 12, 15, 24, 39, 10, 24, 37, 15, 30, 17
1460865105, 6, 62, 53, 54, 53, 44, 13, 16, 25, 40, 10, 23, 36, 15, 29, 17
1460865105, 3, 62, 52, 54, 53, 44, 13, 17, 25, 40, 10, 23, 36, 15, 29, 17
1460865106, 5, 62, 52, 53, 53, 44, 13, 17, 25, 40, 10, 23, 36, 15, 29, 17
1460865106, 5, 62, 52, 53, 53, 44, 13, 17, 25, 40, 9, 23, 36, 15, 29, 17
1460865106, 4, 61, 52, 53, 53, 44, 13, 17, 25, 40, 9, 23, 36, 15, 29, 17
1460865106, 3, 61, 52, 53, 53, 44, 13, 16, 25, 40, 9, 23, 36, 15, 29, 17
1460865106, 5, 61, 52, 53, 53, 44, 13, 16, 25, 40, 9, 23, 36, 15, 30, 17
1460865106, 6, 61, 52, 53, 53, 44, 13, 17, 25, 40, 9, 23, 36, 15, 30, 17
1460865106, 13, 61, 52, 53, 53, 44, 13, 17, 25, 41, 9, 23, 36, 15, 30, 17
1460865106, 21, 61, 52, 53, 53, 44, 13, 17, 26, 42, 9, 23, 36, 15, 29, 17
1460865106, 22, 61, 52, 53, 53, 44, 14, 18, 27, 42, 9, 23, 36, 15, 29, 17
1460865106, 34, 61, 51, 53, 53, 44, 14, 19, 29, 44, 9, 23, 36, 15, 29, 17
1460865106, 40, 61, 51, 53, 53, 44, 14, 19, 29, 44, 9, 23, 36, 15, 29, 17
1460865106, 23, 61, 51, 53, 53, 44, 15, 20, 29, 44, 9, 23, 36, 15, 29, 17
1460865106, 23, 61, 51, 53, 53, 44, 15, 20, 30, 45, 9, 23, 36, 15, 29, 17
1460865106, 130, 62, 52, 53, 53, 44, 15, 21, 31, 45, 9, 23, 36, 14, 29, 17
1460865106, 533, 66, 52, 54, 52, 44, 22, 30, 43, 56, 9, 23, 36, 14, 29, 16
1460865106, 507, 77, 86, 90, 87, 77, 47, 65, 84, 106, 21, 43, 76, 24, 61, 39
1460865106, 449, 88, 99, 103, 98, 91, 82, 110, 132, 152, 33, 65, 105, 35, 80, 47
1460865106, 192, 92, 101, 105, 100, 93, 96, 124, 146, 166, 34, 68, 112, 37, 86, 52
1460865106, 98, 92, 102, 106, 101, 94, 100, 128, 150, 170, 34, 69, 115, 38, 89, 54
1460865106, 55, 92, 102, 106, 101, 95, 102, 130, 151, 172, 34, 69, 116, 38, 90, 55
1460865106, 22, 92, 103, 107, 101, 95, 103, 131, 152, 173, 34, 69, 117, 38, 91, 56
1460865106, 11, 92, 103, 107, 101, 95, 103, 131, 152, 173, 35, 69, 117, 38, 91, 56
1460865106, 22, 92, 103, 107, 102, 95, 103, 132, 152, 173, 35, 69, 117, 38, 91, 57
1460865106, 23, 92, 103, 107, 102, 95, 103, 132, 152, 173, 35, 69, 117, 37, 91, 57
1460865107, 22, 92, 103, 107, 102, 96, 103, 132, 152, 173, 35, 69, 117, 37, 91, 57
1460865107, 15, 92, 103, 107, 102, 96, 103, 132, 152, 173, 35, 69, 117, 37, 91, 57
1460865107, 9, 92, 103, 107, 102, 96, 103, 132, 152, 173, 35, 69, 117, 37, 91, 57
1460865107, 9, 92, 103, 107, 102, 96, 103, 132, 152, 173, 35, 69, 117, 36, 91, 58
1460865107, 16, 92, 103, 107, 102, 96, 103, 132, 152, 173, 35, 68, 117, 36, 91, 58
1460865107, 17, 92, 103, 107, 102, 96, 103, 132, 151, 173, 35, 68, 117, 36, 91, 58
1460865107, 18, 91, 103, 107, 102, 96, 102, 131, 150, 172, 35, 68, 117, 35, 91, 58
1460865107, 75, 88, 103, 107, 101, 95, 94, 122, 140, 161, 35, 67, 115, 34, 89, 57
1460865107, 458, 80, 89, 85, 78, 70, 52, 58, 71, 93, 20, 37, 69, 19, 52, 33
1460865107, 372, 76, 75, 64, 58, 50, 19, 27, 44, 61, 19, 34, 51, 17, 35, 19
1460865107, 221, 72, 62, 62, 57, 49, 12, 21, 37, 53, 10, 26, 42, 16, 34, 18
1460865107, 119, 70, 59, 60, 56, 48, 14, 21, 35, 52, 10, 25, 40, 16, 33, 18
1460865107, 73, 68, 56, 59, 54, 47, 16, 22, 37, 50, 10, 25, 39, 16, 32, 17
1460865107, 59, 66, 55, 57, 53, 46, 16, 22, 36, 48, 10, 24, 38, 15, 31, 17
1460865107, 39, 64, 55, 57, 53, 45, 15, 21, 34, 46, 10, 24, 38, 15, 31, 17
1460865107, 18, 63, 55, 56, 53, 45, 14, 20, 32, 45, 10, 24, 38, 15, 30, 17
1460865107, 10, 62, 54, 55, 53, 45, 14, 20, 30, 42, 10, 24, 37, 14, 30, 17
1460865107, 23, 61, 53, 55, 53, 45, 15, 19, 29, 41, 10, 24, 37, 14, 30, 17
1460865107, 11, 61, 53, 54, 53, 45, 15, 19, 29, 41, 10, 23, 36, 14, 30, 16
1460865107, 6, 60, 52, 54, 53, 45, 15, 20, 29, 40, 10, 23, 36, 14, 29, 16
1460865107, 28, 60, 52, 54, 53, 45, 14, 20, 28, 40, 10, 23, 36, 14, 30, 16
1460865107, 18, 60, 52, 54, 53, 46, 15, 19, 28, 40, 10, 23, 36, 14, 30, 17
1460865107, 23, 60, 52, 54, 53, 46, 14, 19, 28, 40, 10, 23, 36, 14, 29, 17
1460865108, 26, 60, 52, 54, 53, 45, 14, 18, 28, 39, 10, 23, 36, 14, 29, 16
1460865108, 23, 60, 52, 54, 53, 45, 13, 17, 27, 39, 10, 23, 36, 14, 29, 16
1460865108, 21, 60, 52, 54, 53, 45, 13, 17, 27, 39, 10, 23, 36, 14, 29, 16
1460865108, 28, 60, 52, 54, 53, 45, 13, 17, 27, 39, 10, 23, 36, 14, 29, 16
1460865108, 19, 60, 52, 54, 53, 45, 14, 18, 28, 40, 9, 23, 36, 14, 29, 16
1460865108, 17, 61, 52, 54, 53, 46, 14, 18, 29, 41, 9, 23, 36, 14, 29, 16
1460865108, 15, 61, 52, 54, 53, 46, 14, 18, 29, 41, 9, 23, 36, 14, 29, 16
1460865108, 11, 61, 52, 54, 53, 46, 14, 18, 30, 42, 9, 23, 36, 14, 29, 16
1460865108, 14, 61, 52, 54, 53, 45, 14, 18, 30, 42, 9, 23, 36, 14, 29, 16
1460865108, 327, 62, 53, 55, 53, 45, 15, 21, 34, 46, 10, 23, 36, 14, 29, 16
1460865108, 597, 74, 80, 85, 79, 65, 42, 57, 72, 91, 15, 33, 63, 21, 55, 35
1460865108, 373, 89, 101, 107, 101, 94, 92, 121, 140, 160, 32, 65, 109, 35, 86, 52
1460865108, 214, 91, 102, 108, 102, 96, 102, 131, 150, 170, 34, 67, 113, 37, 90, 54
1460865108, 122, 92, 102, 108, 102, 96, 105, 133, 152, 172, 33, 68, 114, 38, 91, 55
1460865108, 79, 92, 102, 108, 102, 96, 106, 135, 154, 174, 33, 68, 116, 38, 92, 56
1460865108, 32, 92, 102, 108, 103, 96, 107, 135, 155, 175, 33, 68, 116, 38, 92, 57
1460865108, 15, 92, 102, 108, 103, 97, 107, 135, 154, 175, 33, 67, 116, 37, 93, 58
1460865108, 19, 92, 102, 108, 103, 97, 107, 135, 155, 175, 33, 67, 117, 37, 93, 58
1460865108, 19, 92, 103, 108, 103, 97, 107, 135, 154, 175, 33, 67, 117, 37, 93, 59
1460865108, 20, 92, 103, 108, 103, 97, 107, 135, 154, 176, 33, 67, 117, 37, 93, 59
1460865108, 21, 92, 103, 108, 103, 97, 107, 135, 154, 176, 33, 67, 117, 37, 93, 59
1460865108, 21, 92, 103, 108, 103, 97, 107, 135, 154, 176, 33, 67, 117, 37, 93, 59
1460865108, 20, 92, 103, 108, 103, 97, 107, 136, 154, 176, 34, 67, 117, 36, 93, 59
1460865109, 27, 91, 103, 108, 103, 97, 107, 135, 153, 175, 34, 67, 118, 36, 93, 59
1460865109, 63, 90, 103, 108, 103, 96, 104, 133, 151, 171, 35, 67, 117, 35, 92, 58
1460865109, 120, 87, 103, 108, 102, 95, 99, 126, 143, 162, 35, 66, 115, 34, 89, 57
1460865109, 272, 80, 103, 96, 87, 67, 88, 80, 92, 97, 62, 78, 103, 26, 60, 37
1460865109, 429, 73, 103, 74, 68, 58, 79, 40, 56, 69, 95, 101, 105, 19, 39, 20
1460865109, 304, 70, 61, 56, 51, 44, 18, 36, 49, 56, 18, 32, 41, 15, 28, 16
1460865109, 217, 66, 51, 53, 49, 47, 28, 34, 47, 46, 8, 22, 31, 15, 27, 21
1460865109, 126, 64, 50, 53, 49, 50, 27, 32, 45, 41, 8, 21, 33, 15, 29, 26
1460865109, 250, 63, 50, 53, 48, 51, 25, 29, 43, 38, 8, 22, 33, 15, 30, 27
1460865109, 65, 60, 50, 52, 48, 51, 22, 26, 39, 33, 8, 22, 33, 15, 30, 27
1460865109, 15, 58, 49, 52, 48, 51, 21, 26, 37, 31, 8, 21, 33, 14, 30, 27
1460865109, 8, 57, 48, 51, 48, 51, 21, 25, 36, 30, 8, 20, 33, 14, 31, 28
1460865109, 9, 55, 48, 51, 48, 51, 20, 24, 33, 29, 8, 20, 33, 13, 31, 28
1460865109, 15, 54, 48, 51, 48, 51, 19, 22, 31, 27, 8, 20, 33, 13, 31, 28
1460865109, 24, 53, 47, 50, 48, 51, 19, 23, 30, 27, 8, 19, 34, 12, 32, 28
1460865109, 15, 53, 46, 49, 48, 51, 18, 23, 29, 26, 8, 18, 34, 12, 33, 28
1460865109, 11, 52, 46, 49, 48, 51, 18, 23, 28, 26, 8, 18, 35, 11, 34, 29
1460865109, 10, 52, 46, 49, 48, 52, 18, 23, 27, 25, 8, 18, 35, 11, 35, 29
1460865109, 7, 51, 46, 49, 48, 52, 18, 23, 27, 25, 8, 18, 35, 11, 35, 29
1460865109, 11, 51, 46, 49, 48, 52, 18, 23, 26, 24, 9, 18, 36, 11, 36, 30
1460865109, 16, 51, 46, 48, 48, 52, 18, 23, 25, 23, 9, 18, 36, 11, 36, 30
1460865109, 17, 51, 46, 48, 48, 52, 18, 23, 25, 23, 9, 18, 36, 11, 36, 30
1460865109, 17, 51, 46, 48, 47, 52, 18, 23, 28, 23, 9, 19, 36, 11, 36, 33
1460865109, 5, 50, 46, 48, 46, 52, 18, 23, 29, 23, 9, 19, 36, 12, 36, 34
1460865110, 6, 50, 46, 49, 46, 52, 18, 22, 29, 23, 8, 20, 36, 12, 36, 34
1460865110, 13, 50, 46, 49, 46, 52, 18, 22, 30, 23, 9, 20, 36, 13, 36, 34
1460865110, 107, 51, 46, 49, 46, 52, 19, 23, 31, 24, 8, 20, 35, 13, 35, 34
1460865110, 410, 55, 46, 51, 46, 49, 21, 26, 39, 35, 8, 20, 32, 15, 30, 28
1460865110, 460, 83, 92, 98, 89, 87, 56, 78, 93, 124, 23, 45, 85, 25, 68, 43
1460865110, 383, 90, 100, 106, 100, 94, 91, 120, 137, 162, 33, 62, 108, 32, 83, 52
1460865110, 188, 91, 102, 107, 102, 96, 102, 130, 148, 170, 33, 65, 113, 35, 89, 55
1460865110, 98, 92, 102, 107, 102, 96, 104, 132, 151, 173, 33, 66, 114, 36, 91, 56
1460865110, 48, 92, 102, 108, 102, 96, 105, 133, 152, 174, 32, 66, 115, 37, 91, 56
1460865110, 27, 92, 102, 108, 102, 96, 105, 133, 152, 174, 32, 66, 115, 37, 91, 56
1460865110, 7, 91, 102, 108, 102, 96, 105, 133, 152, 174, 32, 66, 115, 37, 91, 56
1460865110, 0, 91, 102, 108, 102, 96, 105, 133, 152, 173, 32, 66, 115, 37, 91, 56
1460865110, 7, 91, 102, 108, 102, 96, 105, 132, 151, 173, 32, 66, 115, 37, 91, 56
1460865110, 13, 91, 102, 108, 102, 96, 105, 132, 151, 172, 32, 65, 114, 36, 91, 56
1460865110, 48, 90, 102, 108, 102, 96, 103, 130, 149, 171, 32, 66, 114, 36, 91, 56
1460865110, 199, 82, 102, 107, 101, 93, 88, 112, 126, 146, 33, 63, 108, 33, 84, 51
1460865110, 321, 76, 102, 89, 81, 64, 77, 63, 76, 86, 68, 82, 99, 23, 50, 29
1460865110, 338, 72, 96, 64, 69, 57, 51, 47, 58, 70, 75, 70, 81, 21, 34, 20
1460865110, 231, 69, 71, 55, 63, 53, 26, 47, 54, 62, 32, 32, 44, 18, 28, 18
1460865110, 160, 63, 56, 55, 62, 52, 30, 41, 47, 55, 11, 23, 34, 17, 27, 17
1460865110, 98, 59, 51, 55, 62, 51, 31, 38, 44, 52, 9, 24, 32, 16, 26, 17
1460865110, 111, 57, 51, 55, 62, 51, 27, 34, 40, 48, 9, 25, 32, 16, 26, 17
1460865110, 60, 57, 50, 55, 62, 51, 25, 30, 37, 45, 9, 25, 32, 16, 25, 17
1460865111, 24, 57, 50, 55, 61, 51, 23, 28, 35, 44, 10, 25, 32, 16, 25, 17
1460865111, 37, 57, 51, 54, 61, 51, 17, 23, 30, 39, 10, 25, 32, 16, 25, 17
1460865111, 38, 57, 51, 54, 61, 51, 16, 22, 29, 39, 10, 25, 32, 16, 25, 17
1460865111, 40, 58, 51, 54, 61, 51, 16, 21, 29, 39, 9, 25, 32, 16, 25, 17
1460865111, 29, 58, 51, 54, 61, 51, 15, 20, 29, 39, 9, 24, 32, 15, 25, 17
1460865111, 17, 59, 52, 54, 61, 51, 14, 20, 28, 39, 10, 24, 33, 15, 25, 17
1460865111, 18, 60, 52, 54, 61, 51, 14, 20, 28, 38, 10, 24, 33, 15, 25, 17
1460865111, 6, 60, 52, 54, 61, 51, 15, 20, 28, 39, 10, 24, 33, 15, 25, 17
1460865111, 5, 60, 52, 54, 61, 51, 15, 20, 28, 39, 10, 24, 33, 15, 24, 17
1460865111, 6, 61, 52, 54, 61, 51, 14, 19, 28, 39, 10, 24, 33, 15, 24, 17
1460865111, 12, 61, 52, 54, 61, 51, 14, 18, 28, 39, 10, 24, 33, 14, 24, 17
1460865111, 31, 61, 52, 54, 61, 51, 13, 18, 28, 39, 10, 24, 33, 14, 24, 17
1460865111, 29, 60, 52, 54, 61, 51, 13, 18, 27, 38, 10, 24, 33, 14, 24, 17
1460865111, 16, 60, 52, 54, 61, 51, 13, 18, 27, 38, 10, 24, 33, 14, 24, 17
1460865111, 99, 61, 52, 54, 61, 51, 13, 20, 30, 40, 10, 24, 33, 15, 24, 17
1460865111, 348, 65, 53, 58, 61, 51, 20, 28, 41, 51, 11, 24, 33, 13, 26, 17
1460865111, 446, 73, 74, 74, 77, 67, 37, 48, 69, 86, 12, 34, 56, 23, 47, 27
1460865111, 504, 84, 93, 91, 92, 86, 83, 100, 126, 148, 22, 57, 96, 34, 77, 47
1460865111, 268, 90, 95, 99, 94, 89, 98, 122, 142, 164, 28, 59, 103, 35, 84, 51
1460865111, 131, 91, 97, 102, 97, 91, 102, 129, 148, 169, 30, 62, 107, 35, 87, 54
1460865111, 37, 90, 98, 104, 99, 93, 104, 131, 150, 170, 31, 64, 110, 35, 88, 56
1460865111, 15, 90, 100, 105, 100, 94, 104, 131, 149, 170, 32, 63, 112, 34, 89, 57
1460865111, 33, 89, 101, 106, 101, 94, 103, 129, 148, 170, 32, 63, 113, 34, 91, 59
1460865111, 34, 88, 101, 107, 102, 95, 102, 129, 147, 169, 32, 63, 114, 34, 91, 59
1460865112, 15, 88, 102, 108, 102, 95, 101, 128, 146, 169, 32, 63, 114, 34, 92, 59
1460865112, 13, 88, 102, 108, 102, 95, 101, 128, 146, 169, 32, 63, 114, 35, 92, 59
1460865112, 28, 88, 102, 108, 102, 96, 100, 128, 146, 168, 32, 64, 114, 35, 92, 59
1460865112, 90, 87, 103, 108, 102, 95, 99, 126, 144, 166, 32, 64, 114, 34, 91, 58
1460865112, 183, 84, 103, 108, 101, 94, 95, 122, 135, 158, 33, 62, 111, 33, 87, 56
1460865112, 252, 78, 67, 69, 64, 63, 65, 76, 88, 103, 11, 27, 49, 17, 41, 26
1460865112, 339, 74, 54, 57, 51, 44, 64, 73, 84, 90, 9, 23, 35, 16, 29, 15
1460865112, 261, 71, 53, 56, 50, 43, 63, 72, 83, 88, 9, 23, 35, 16, 29, 14
1460865112, 205, 69, 52, 55, 50, 43, 62, 71, 82, 87, 9, 23, 34, 16, 29, 14
1460865112, 142, 70, 51, 54, 50, 42, 63, 72, 82, 87, 9, 22, 33, 15, 28, 14
1460865112, 94, 71, 48, 48, 50, 42, 63, 71, 81, 86, 9, 21, 31, 13, 23, 14
1460865112, 97, 72, 44, 48, 50, 42, 62, 70, 79, 86, 9, 22, 30, 13, 23, 14
1460865112, 62, 73, 43, 44, 50, 42, 60, 70, 76, 84, 10, 23, 29, 17, 21, 14
1460865112, 35, 75, 42, 42, 49, 42, 60, 70, 75, 84, 10, 23, 29, 19, 21, 14
1460865112, 30, 76, 41, 41, 49, 42, 60, 71, 75, 84, 10, 24, 29, 19, 21, 14
1460865112, 35, 76, 40, 41, 49, 42, 59, 70, 74, 83, 10, 24, 29, 20, 21, 14
1460865112, 40, 77, 40, 41, 49, 42, 59, 69, 72, 82, 10, 25, 29, 20, 21, 14
1460865112, 31, 78, 39, 41, 49, 42, 57, 67, 70, 80, 10, 25, 29, 20, 21, 14
1460865112, 20, 78, 39, 41, 49, 42, 56, 66, 68, 79, 10, 25, 29, 20, 21, 14
1460865112, 14, 78, 39, 41, 49, 42, 55, 65, 67, 78, 10, 25, 29, 20, 21, 14
1460865112, 13, 78, 39, 41, 49, 42, 55, 65, 67, 78, 10, 25, 29, 20, 21, 14
1460865112, 13, 78, 39, 41, 49, 43, 55, 65, 67, 77, 10, 25, 29, 19, 21, 13
1460865112, 23, 78, 39, 41, 50, 43, 56, 65, 68, 77, 10, 24, 29, 17, 22, 13
1460865113, 44, 79, 39, 41, 50, 42, 57, 65, 70, 78, 10, 23, 29, 16, 22, 14
1460865113, 125, 78, 39, 41, 42, 41, 56, 65, 75, 78, 10, 21, 29, 11, 21, 13
1460865113, 519, 79, 39, 41, 43, 38, 59, 68, 77, 84, 10, 21, 29, 11, 22, 13
1460865113, 678, 83, 78, 96, 88, 77, 57, 85, 99, 111, 39, 49, 64, 24, 51, 27
1460865113, 333, 95, 99, 108, 100, 83, 120, 145, 145, 150, 27, 34, 61, 13, 46, 33
1460865113, 177, 102, 100, 108, 100, 86, 133, 160, 158, 168, 30, 34, 69, 11, 51, 40
1460865113, 77, 102, 100, 108, 100, 89, 134, 161, 159, 174, 30, 34, 76, 10, 56, 46
1460865113, 25, 103, 100, 108, 100, 90, 135, 161, 158, 177, 29, 33, 79, 10, 60, 50
1460865113, 34, 103, 100, 108, 100, 90, 135, 161, 158, 178, 29, 32, 80, 10, 61, 52
1460865113, 25, 103, 100, 108, 100, 91, 135, 161, 157, 178, 30, 31, 81, 9, 61, 53
1460865113, 18, 103, 101, 108, 99, 91, 133, 161, 155, 178, 32, 32, 84, 9, 62, 55
1460865113, 33, 103, 101, 108, 99, 91, 132, 161, 155, 179, 35, 34, 87, 9, 62, 56
1460865113, 26, 103, 101, 108, 99, 91, 131, 161, 154, 179, 35, 34, 88, 9, 63, 57
1460865113, 21, 103, 101, 108, 99, 91, 132, 160, 154, 179, 34, 33, 88, 9, 64, 58
1460865113, 13, 103, 101, 108, 99, 91, 132, 160, 154, 179, 32, 32, 87, 9, 64, 58
1460865113, 14, 103, 101, 108, 99, 91, 133, 160, 154, 179, 31, 31, 87, 9, 65, 58
1460865113, 33, 103, 101, 108, 99, 91, 133, 159, 153, 179, 30, 30, 86, 9, 65, 58
1460865113, 255, 104, 101, 108, 98, 90, 135, 161, 154, 179, 29, 30, 85, 13, 65, 57
1460865113, 393, 104, 89, 85, 74, 72, 117, 123, 130, 149, 25, 45, 60, 22, 46, 31
1460865113, 209, 89, 60, 49, 45, 47, 107, 109, 116, 124, 22, 35, 37, 14, 27, 20
1460865113, 523, 87, 57, 46, 42, 45, 102, 104, 112, 120, 22, 35, 36, 14, 25, 18
1460865113, 265, 83, 57, 46, 42, 38, 97, 100, 108, 112, 22, 35, 42, 14, 25, 13
1460865113, 108, 82, 57, 45, 42, 37, 95, 99, 107, 111, 22, 35, 43, 14, 26, 13
1460865114, 50, 85, 57, 45, 42, 37, 98, 101, 109, 113, 22, 35, 43, 14, 26, 13
1460865114, 187, 87, 56, 45, 42, 37, 93, 98, 107, 113, 22, 35, 44, 14, 26, 13
1460865114, 37, 89, 56, 45, 42, 37, 94, 99, 108, 114, 22, 35, 44, 14, 26, 13
1460865114, 18, 90, 56, 45, 42, 37, 95, 99, 109, 115, 22, 35, 44, 14, 26, 13
1460865114, 9, 90, 56, 45, 41, 37, 95, 100, 109, 115, 22, 35, 44, 14, 26, 13
1460865114, 36, 90, 56, 45, 41, 37, 95, 100, 109, 115, 22, 35, 44, 14, 26, 13
1460865114, 19, 91, 56, 45, 41, 37, 95, 100, 109, 115, 22, 35, 44, 14, 26, 13
1460865114, 14, 91, 56, 45, 41, 37, 95, 100, 109, 115, 22, 35, 44, 14, 26, 13
1460865114, 11, 91, 56, 45, 41, 37, 95, 100, 109, 115, 22, 35, 44, 14, 26, 13
1460865114, 33, 91, 56, 45, 41, 37, 95, 100, 109, 115, 22, 35, 44, 14, 26, 13
1460865114, 17, 91, 56, 45, 41, 36, 95, 100, 109, 115, 22, 35, 44, 14, 26, 13
1460865114, 122, 91, 56, 45, 41, 36, 95, 100, 109, 115, 22, 35, 44, 14, 26, 13
1460865114, 34, 91, 56, 45, 41, 36, 95, 100, 109, 115, 22, 35, 44, 14, 26, 13
1460865114, 16, 91, 56, 45, 41, 36, 95, 100, 109, 115, 22, 35, 44, 14, 26, 13
1460865114, 83, 91, 56, 45, 41, 36, 95, 100, 109, 115, 22, 35, 44, 14, 26, 13
1460865114, 120, 91, 56, 45, 41, 36, 95, 100, 109, 115, 22, 35, 44, 14, 26, 13
1460865114, 184, 92, 46, 45, 41, 36, 95, 103, 112, 118, 10, 24, 35, 14, 26, 13
1460865114, 360, 89, 43, 43, 41, 36, 89, 98, 108, 113, 10, 23, 33, 12, 25, 13
1460865114, 416, 89, 51, 70, 81, 75, 69, 83, 108, 127, 31, 56, 68, 28, 51, 31
1460865114, 294, 94, 99, 105, 100, 94, 104, 130, 147, 170, 29, 56, 102, 30, 83, 55
1460865114, 173, 94, 102, 108, 102, 95, 108, 133, 153, 173, 29, 62, 110, 38, 92, 56
1460865114, 63, 92, 103, 108, 102, 96, 104, 131, 152, 172, 31, 68, 115, 40, 95, 57
1460865114, 36, 92, 104, 108, 103, 96, 103, 134, 156, 174, 37, 75, 120, 41, 94, 55
1460865115, 16, 90, 105, 109, 104, 96, 94, 129, 154, 171, 43, 85, 126, 46, 95, 52
1460865115, 8, 87, 105, 109, 104, 97, 88, 126, 153, 169, 48, 91, 131, 48, 95, 51
1460865115, 8, 88, 106, 109, 104, 97, 86, 127, 154, 170, 52, 95, 133, 48, 95, 50
1460865115, 8, 87, 106, 109, 104, 97, 84, 127, 153, 169, 54, 97, 135, 48, 95, 50
1460865115, 10, 86, 106, 109, 104, 97, 82, 125, 150, 168, 55, 97, 136, 46, 94, 52
1460865115, 10, 85, 106, 109, 104, 97, 81, 126, 149, 167, 58, 97, 137, 43, 92, 52
1460865115, 6, 85, 106, 109, 104, 97, 80, 126, 149, 167, 59, 96, 137, 42, 92, 53
1460865115, 12, 85, 106, 109, 104, 97, 80, 126, 148, 167, 59, 96, 138, 41, 92, 54
1460865115, 38, 84, 106, 109, 104, 97, 79, 125, 147, 166, 60, 96, 137, 41, 92, 53
1460865115, 102, 84, 106, 109, 104, 97, 80, 124, 147, 166, 58, 95, 136, 41, 92, 53
1460865115, 69, 85, 106, 109, 103, 96, 81, 125, 144, 163, 57, 92, 134, 41, 92, 53
1460865115, 353, 71, 58, 62, 54, 68, 45, 53, 66, 72, 9, 22, 45, 16, 40, 39
1460865115, 413, 68, 50, 55, 51, 65, 46, 54, 64, 62, 10, 20, 45, 13, 42, 40
1460865115, 232, 65, 49, 54, 50, 51, 43, 51, 60, 55, 10, 20, 27, 12, 21, 17
1460865115, 128, 60, 48, 54, 50, 40, 38, 46, 55, 56, 10, 20, 26, 12, 22, 12
1460865115, 158, 57, 48, 53, 50, 39, 36, 44, 53, 53, 10, 20, 27, 12, 23, 13
1460865115, 141, 53, 48, 53, 50, 39, 31, 40, 48, 48, 11, 20, 27, 12, 23, 13
1460865115, 63, 51, 48, 53, 50, 39, 30, 39, 48, 48, 10, 20, 27, 12, 23, 13
1460865115, 72, 50, 48, 53, 50, 39, 30, 39, 48, 48, 10, 20, 27, 12, 23, 13
1460865115, 22, 50, 48, 53, 50, 39, 29, 39, 47, 48, 10, 20, 27, 12, 23, 13
1460865115, 10, 50, 49, 53, 49, 39, 30, 39, 48, 48, 10, 20, 27, 12, 23, 13
1460865115, 7, 50, 49, 53, 49, 39, 30, 40, 49, 49, 10, 20, 27, 12, 23, 13
1460865115, 4, 50, 49, 53, 49, 39, 31, 41, 50, 50, 10, 20, 27, 12, 23, 14
1460865115, 2, 50, 49, 53, 49, 39, 32, 42, 50, 51, 10, 20, 27, 12, 23, 14
1460865116, 3, 50, 49, 53, 49, 39, 32, 42, 50, 51, 10, 20, 28, 12, 23, 14
1460865116, 5, 50, 49, 53, 49, 39, 32, 42, 51, 51, 10, 21, 28, 12, 23, 14
1460865116, 35, 50, 49, 53, 49, 39, 32, 42, 51, 51, 10, 21, 28, 12, 23, 14
1460865116, 12, 50, 49, 53, 49, 39, 32, 42, 51, 52, 10, 21, 28, 12, 23, 14
1460865116, 50, 50, 50, 53, 49, 39, 32, 42, 51, 51, 10, 21, 28, 12, 23, 14
1460865116, 80, 50, 50, 53, 49, 39, 31, 42, 50, 51, 10, 21, 28, 12, 23, 14
1460865116, 471, 52, 51, 53, 50, 39, 32, 43, 52, 53, 10, 21, 29, 13, 24, 14
1460865116, 441, 71, 69, 91, 87, 81, 46, 80, 98, 118, 34, 53, 80, 28, 65, 39
1460865116, 282, 76, 78, 101, 95, 89, 56, 96, 117, 142, 42, 67, 103, 36, 86, 53
1460865116, 180, 77, 83, 103, 97, 91, 60, 100, 121, 147, 42, 69, 108, 38, 91, 57
1460865116, 100, 77, 89, 105, 99, 93, 64, 102, 124, 150, 41, 72, 114, 39, 95, 59
1460865116, 54, 77, 98, 106, 99, 94, 71, 104, 124, 151, 38, 72, 120, 39, 97, 60
1460865116, 21, 77, 104, 107, 100, 94, 76, 104, 125, 151, 36, 73, 124, 40, 97, 61
1460865116, 20, 77, 104, 107, 101, 95, 77, 104, 125, 152, 36, 72, 124, 40, 97, 61
1460865116, 14, 76, 105, 107, 101, 95, 77, 105, 125, 151, 36, 71, 124, 39, 97, 61
1460865116, 7, 76, 105, 108, 101, 95, 78, 105, 125, 151, 36, 71, 123, 38, 96, 61
1460865116, 11, 77, 105, 108, 101, 95, 78, 106, 125, 151, 36, 71, 123, 38, 96, 60
1460865116, 10, 76, 105, 108, 101, 95, 79, 106, 125, 151, 36, 71, 123, 38, 96, 60
1460865116, 5, 76, 105, 108, 101, 95, 78, 106, 125, 151, 36, 71, 123, 38, 95, 60
1460865116, 6, 80, 105, 108, 101, 95, 79, 108, 128, 155, 36, 70, 122, 37, 95, 60
1460865116, 34, 85, 105, 108, 101, 95, 83, 113, 132, 159, 37, 70, 121, 36, 93, 59
1460865116, 282, 81, 100, 104, 86, 73, 73, 99, 88, 102, 30, 57, 82, 51, 72, 32
1460865116, 367, 75, 99, 74, 65, 55, 64, 39, 54, 68, 72, 83, 91, 19, 38, 20
1460865117, 273, 71, 76, 67, 61, 51, 20, 34, 47, 60, 24, 37, 52, 16, 34, 18
1460865117, 207, 71, 68, 67, 61, 51, 21, 34, 47, 60, 13, 27, 43, 16, 33, 18
1460865117, 103, 69, 62, 66, 47, 51, 26, 33, 57, 58, 10, 34, 38, 33, 33, 22
1460865117, 159, 66, 62, 66, 46, 50, 19, 27, 52, 53, 10, 35, 38, 34, 33, 21
1460865117, 114, 59, 62, 66, 46, 51, 9, 17, 40, 41, 10, 35, 38, 34, 33, 23
1460865117, 55, 57, 61, 65, 46, 51, 9, 17, 38, 38, 10, 34, 38, 33, 33, 24
1460865117, 32, 56, 60, 63, 46, 51, 9, 17, 36, 36, 10, 32, 37, 28, 32, 24
1460865117, 18, 55, 59, 62, 46, 51, 10, 17, 35, 36, 10, 31, 37, 26, 31, 24
1460865117, 14, 55, 57, 58, 46, 51, 12, 20, 35, 36, 10, 28, 37, 21, 31, 24
1460865117, 38, 55, 55, 56, 46, 51, 15, 22, 33, 34, 10, 26, 37, 18, 32, 24
1460865117, 33, 54, 54, 55, 46, 51, 16, 23, 32, 33, 10, 25, 37, 17, 32, 24
1460865117, 28, 54, 53, 55, 46, 51, 18, 24, 31, 32, 10, 23, 37, 16, 33, 24
1460865117, 34, 53, 52, 54, 46, 51, 19, 23, 31, 32, 10, 22, 38, 15, 33, 24
1460865117, 37, 53, 51, 54, 46, 51, 19, 24, 30, 31, 10, 22, 38, 15, 33, 24
1460865117, 23, 53, 51, 53, 46, 51, 19, 24, 30, 31, 10, 22, 38, 14, 34, 25
1460865117, 15, 53, 51, 53, 47, 41, 19, 23, 30, 35, 10, 22, 34, 14, 28, 15
1460865117, 8, 53, 50, 53, 47, 40, 19, 22, 30, 36, 10, 22, 33, 14, 28, 14
1460865117, 51, 53, 50, 53, 47, 40, 18, 22, 29, 37, 10, 22, 33, 14, 27, 14
1460865117, 229, 54, 50, 52, 47, 40, 18, 22, 31, 39, 9, 21, 33, 14, 27, 14
1460865117, 427, 68, 59, 72, 67, 58, 20, 27, 43, 61, 19, 34, 48, 22, 43, 23
1460865117, 457, 83, 94, 103, 99, 95, 71, 106, 128, 154, 37, 69, 112, 36, 86, 53
1460865117, 271, 88, 102, 107, 103, 97, 93, 125, 147, 169, 37, 74, 121, 40, 94, 57
1460865117, 118, 89, 102, 108, 103, 97, 96, 127, 149, 171, 37, 74, 120, 41, 95, 58
1460865118, 40, 89, 103, 108, 103, 97, 98, 127, 150, 172, 35, 73, 120, 42, 96, 58
1460865118, 18, 90, 103, 108, 103, 97, 100, 128, 151, 173, 33, 73, 119, 44, 97, 59
1460865118, 10, 90, 103, 108, 103, 97, 100, 128, 151, 173, 32, 72, 119, 43, 97, 59
1460865118, 57, 89, 103, 109, 103, 97, 100, 127, 151, 173, 32, 71, 119, 43, 98, 60
1460865118, 49, 89, 103, 109, 103, 97, 100, 127, 150, 172, 32, 70, 119, 42, 98, 60
1460865118, 32, 89, 103, 109, 103, 97, 99, 126, 149, 172, 31, 70, 119, 42, 98, 60
1460865118, 17, 88, 103, 109, 103, 97, 99, 126, 149, 171, 31, 71, 119, 43, 98, 60
1460865118, 11, 88, 103, 109, 103, 97, 99, 126, 149, 171, 31, 71, 119, 43, 98, 60
1460865118, 10, 88, 103, 109, 103, 97, 99, 125, 149, 171, 31, 70, 119, 43, 98, 60
1460865118, 13, 88, 103, 109, 103, 97, 98, 125, 148, 170, 31, 70, 119, 43, 98, 60
1460865118, 29, 87, 103, 109, 103, 97, 98, 125, 148, 170, 31, 70, 119, 43, 98, 60
1460865118, 62, 87, 103, 109, 103, 97, 97, 124, 146, 169, 31, 70, 119, 43, 98, 60
1460865118, 180, 82, 103, 108, 102, 97, 88, 114, 133, 160, 32, 65, 119, 37, 96, 62
1460865118, 319, 76, 83, 81, 61, 78, 57, 70, 81, 112, 16, 50, 72, 38, 61, 57
1460865118, 364, 73, 58, 59, 51, 65, 56, 66, 78, 92, 9, 25, 53, 18, 48, 42
1460865118, 277, 62, 54, 56, 51, 61, 47, 56, 66, 75, 9, 23, 48, 15, 43, 36
1460865118, 257, 60, 53, 56, 51, 58, 45, 53, 64, 70, 9, 22, 43, 15, 37, 30
1460865118, 218, 59, 53, 55, 51, 47, 41, 50, 60, 65, 9, 23, 35, 15, 28, 15
1460865118, 169, 59, 52, 54, 50, 44, 36, 44, 56, 63, 9, 23, 35, 15, 29, 15
1460865118, 111, 59, 52, 54, 50, 43, 29, 39, 51, 60, 10, 24, 36, 14, 29, 16
1460865118, 57, 59, 52, 53, 50, 43, 28, 38, 49, 58, 10, 23, 36, 14, 29, 16
1460865118, 138, 59, 50, 51, 50, 43, 29, 37, 48, 58, 9, 22, 35, 13, 28, 16
1460865118, 4, 57, 49, 50, 50, 43, 25, 32, 43, 53, 9, 22, 35, 13, 28, 16
1460865118, 5, 56, 48, 49, 49, 43, 24, 32, 41, 51, 10, 22, 35, 13, 27, 15
1460865119, 7, 56, 47, 48, 46, 42, 26, 33, 43, 51, 10, 22, 35, 13, 27, 14
1460865119, 15, 56, 47, 47, 46, 41, 26, 34, 43, 52, 10, 22, 35, 13, 27, 14
1460865119, 21, 57, 47, 47, 46, 40, 27, 35, 44, 53, 10, 22, 35, 13, 27, 15
1460865119, 19, 57, 47, 47, 46, 40, 27, 35, 44, 53, 10, 23, 35, 13, 27, 15
1460865119, 18, 57, 47, 47, 45, 40, 27, 35, 44, 53, 10, 23, 35, 13, 26, 15
1460865119, 28, 57, 46, 47, 45, 39, 28, 35, 44, 53, 10, 23, 35, 13, 26, 15
1460865119, 37, 58, 46, 47, 45, 39, 29, 37, 45, 54, 11, 23, 35, 13, 26, 15
1460865119, 66, 59, 46, 47, 45, 39, 30, 38, 47, 55, 10, 23, 35, 13, 26, 14
1460865119, 125, 60, 46, 47, 45, 39, 32, 40, 49, 57, 10, 23, 35, 13, 26, 14
1460865119, 306, 59, 46, 47, 45, 39, 33, 41, 51, 58, 10, 23, 35, 13, 27, 14
1460865119, 777, 59, 47, 49, 45, 38, 34, 42, 53, 61, 10, 23, 35, 14, 28, 14
1460865119, 317, 81, 93, 94, 89, 85, 56, 78, 95, 116, 25, 49, 79, 25, 58, 33
1460865119, 394, 94, 104, 107, 102, 92, 94, 127, 153, 165, 39, 81, 115, 46, 87, 45
1460865119, 152, 95, 106, 109, 102, 93, 99, 130, 156, 172, 37, 80, 120, 47, 93, 51
1460865119, 27, 95, 105, 109, 102, 93, 100, 129, 155, 172, 34, 78, 119, 47, 94, 52
1460865119, 57, 95, 105, 108, 102, 93, 99, 124, 154, 171, 30, 77, 118, 51, 97, 52
1460865119, 60, 94, 105, 108, 102, 93, 98, 122, 152, 170, 28, 77, 118, 52, 99, 53
1460865119, 32, 93, 105, 108, 102, 93, 97, 121, 151, 169, 27, 76, 118, 52, 99, 53
1460865119, 10, 93, 105, 108, 102, 93, 97, 120, 150, 169, 26, 74, 117, 51, 99, 53
1460865119, 11, 92, 105, 108, 102, 93, 97, 119, 149, 168, 26, 73, 117, 50, 99, 53
1460865119, 11, 92, 105, 108, 102, 93, 95, 118, 147, 167, 26, 72, 116, 50, 99, 53
1460865119, 18, 88, 105, 108, 102, 93, 90, 114, 140, 161, 28, 71, 116, 46, 96, 54
1460865119, 68, 85, 104, 109, 101, 93, 85, 111, 134, 156, 30, 69, 115, 42, 94, 55
1460865120, 139, 80, 104, 108, 100, 93, 77, 102, 119, 146, 32, 63, 113, 34, 90, 57
1460865120, 584, 73, 76, 50, 50, 40, 19, 40, 54, 59, 47, 58, 61, 14, 23, 14
1460865120, 389, 65, 64, 43, 43, 35, 6, 43, 53, 54, 40, 50, 52, 12, 20, 12
1460865120, 280, 59, 54, 43, 43, 35, 20, 40, 45, 46, 26, 35, 40, 11, 21, 12
1460865120, 233, 58, 52, 43, 43, 35, 23, 39, 44, 43, 24, 34, 39, 11, 21, 12
1460865120, 230, 58, 52, 44, 43, 35, 24, 40, 43, 43, 24, 33, 38, 11, 21, 12
1460865120, 161, 58, 52, 44, 42, 35, 25, 39, 42, 42, 23, 33, 38, 11, 22, 12
1460865120, 120, 58, 52, 44, 43, 35, 25, 38, 41, 42, 22, 31, 38, 11, 22, 12
1460865120, 55, 59, 52, 45, 43, 35, 26, 35, 38, 41, 19, 30, 38, 12, 23, 12
1460865120, 54, 59, 52, 45, 43, 35, 26, 34, 37, 40, 18, 29, 37, 12, 23, 12
1460865120, 35, 59, 52, 45, 43, 35, 26, 33, 36, 39, 17, 29, 37, 12, 24, 13
1460865120, 33, 59, 52, 46, 43, 36, 26, 32, 35, 39, 16, 28, 37, 13, 24, 13
1460865120, 24, 59, 52, 46, 43, 36, 26, 31, 34, 38, 15, 27, 37, 13, 24, 13
1460865120, 30, 59, 52, 46, 43, 36, 26, 30, 32, 38, 15, 27, 37, 13, 24, 13
1460865120, 7, 59, 52, 46, 44, 37, 26, 29, 32, 37, 14, 27, 37, 13, 25, 13
1460865120, 24, 59, 51, 46, 44, 37, 25, 29, 30, 36, 14, 26, 37, 13, 25, 13
1460865120, 15, 59, 51, 47, 44, 37, 25, 28, 29, 36, 13, 25, 37, 13, 26, 14
1460865120, 33, 59, 50, 48, 44, 38, 26, 24, 29, 36, 10, 24, 36, 14, 27, 14
1460865120, 68, 59, 48, 48, 44, 38, 27, 22, 28, 36, 10, 24, 35, 15, 28, 14
1460865120, 56, 59, 47, 49, 44, 38, 27, 21, 28, 36, 10, 24, 35, 15, 28, 14
1460865120, 112, 59, 47, 49, 44, 39, 27, 21, 28, 36, 10, 24, 36, 15, 28, 14
1460865120, 309, 60, 47, 48, 45, 40, 23, 22, 29, 39, 10, 24, 37, 14, 28, 15
1460865120, 468, 70, 65, 69, 70, 59, 12, 23, 40, 59, 12, 28, 46, 17, 38, 25
1460865121, 494, 85, 91, 97, 95, 84, 68, 91, 113, 134, 24, 52, 87, 29, 70, 43
1460865121, 279, 87, 101, 105, 100, 92, 88, 114, 135, 156, 31, 64, 106, 36, 83, 49
1460865121, 185, 89, 101, 106, 100, 94, 92, 119, 140, 162, 32, 66, 109, 37, 86, 50
1460865121, 54, 90, 101, 106, 100, 95, 95, 123, 144, 166, 32, 66, 111, 37, 87, 51
1460865121, 44, 91, 101, 106, 100, 95, 97, 125, 145, 168, 32, 67, 112, 37, 88, 52
1460865121, 24, 91, 102, 106, 100, 95, 98, 126, 146, 169, 32, 67, 114, 37, 89, 53
1460865121, 24, 92, 102, 106, 100, 95, 99, 126, 146, 169, 33, 67, 114, 37, 90, 55
1460865121, 12, 92, 102, 106, 100, 95, 99, 126, 146, 170, 33, 66, 115, 36, 90, 55
1460865121, 10, 92, 102, 106, 100, 95, 99, 126, 146, 170, 33, 66, 115, 36, 90, 55
1460865121, 143, 90, 102, 106, 100, 93, 95, 122, 141, 162, 33, 65, 111, 35, 86, 52
1460865121, 222, 84, 102, 105, 85, 90, 82, 105, 99, 140, 33, 71, 104, 54, 79, 55
1460865121, 407, 76, 85, 77, 67, 57, 44, 55, 68, 78, 25, 45, 58, 21, 38, 18
1460865121, 314, 69, 64, 71, 63, 51, 34, 43, 56, 64, 11, 24, 36, 18, 34, 17
1460865121, 228, 68, 53, 70, 62, 51, 40, 42, 55, 62, 22, 23, 31, 17, 33, 17
1460865121, 185, 60, 56, 69, 62, 50, 28, 34, 44, 51, 16, 22, 31, 16, 32, 17
1460865121, 116, 56, 52, 68, 62, 50, 28, 34, 42, 48, 21, 24, 30, 15, 31, 17
1460865121, 57, 51, 52, 55, 62, 50, 24, 33, 37, 42, 9, 24, 30, 20, 26, 17
1460865121, 55, 49, 50, 52, 62, 50, 24, 34, 35, 39, 10, 26, 30, 26, 28, 17
1460865121, 41, 48, 48, 51, 62, 50, 22, 30, 28, 32, 9, 29, 31, 28, 29, 17
1460865121, 16, 48, 47, 51, 62, 50, 21, 28, 25, 29, 9, 29, 31, 28, 29, 17
1460865121, 11, 48, 47, 51, 62, 50, 21, 27, 23, 27, 9, 29, 31, 28, 29, 17
1460865121, 10, 48, 47, 51, 62, 50, 21, 27, 23, 27, 9, 29, 31, 28, 29, 17
1460865121, 9, 48, 47, 51, 54, 50, 20, 26, 24, 27, 9, 20, 31, 15, 28, 15
1460865121, 1, 49, 47, 51, 48, 50, 20, 25, 27, 26, 8, 18, 31, 12, 28, 19
1460865122, 24, 49, 47, 50, 48, 50, 20, 25, 27, 26, 8, 18, 31, 11, 28, 19
1460865122, 5, 49, 47, 50, 47, 50, 19, 25, 27, 26, 9, 18, 31, 11, 29, 19
1460865122, 51, 49, 47, 50, 47, 50, 19, 25, 27, 26, 9, 18, 31, 11, 29, 19
1460865122, 51, 49, 47, 49, 47, 50, 20, 26, 27, 26, 9, 18, 31, 12, 29, 20
1460865122, 211, 49, 46, 49, 47, 50, 20, 26, 27, 26, 9, 18, 32, 12, 29, 20
1460865122, 207, 49, 46, 49, 47, 50, 20, 26, 27, 25, 9, 18, 32, 11, 29, 20
1460865122, 491, 54, 46, 49, 47, 50, 24, 31, 34, 33, 9, 18, 32, 11, 29, 20
1460865122, 625, 81, 94, 97, 91, 82, 72, 92, 109, 129, 26, 51, 87, 27, 67, 41
1460865122, 451, 85, 99, 105, 100, 94, 89, 117, 139, 159, 32, 68, 110, 38, 86, 50
1460865122, 221, 86, 101, 106, 101, 95, 93, 121, 142, 164, 32, 68, 113, 38, 89, 53
1460865122, 119, 86, 101, 107, 102, 95, 94, 122, 143, 165, 32, 67, 114, 38, 90, 54
1460865122, 59, 86, 102, 107, 102, 96, 96, 123, 143, 166, 32, 67, 114, 38, 91, 56
1460865122, 32, 86, 102, 107, 102, 96, 96, 123, 143, 166, 32, 66, 115, 38, 92, 57
1460865122, 22, 86, 102, 107, 102, 96, 96, 123, 143, 166, 32, 66, 115, 38, 92, 57
1460865122, 23, 86, 102, 107, 102, 96, 95, 122, 143, 166, 32, 66, 115, 37, 92, 57
1460865122, 16, 86, 102, 107, 102, 96, 95, 123, 143, 166, 32, 66, 115, 37, 92, 57
1460865122, 10, 86, 102, 107, 102, 96, 95, 122, 142, 166, 32, 66, 115, 37, 92, 57
1460865122, 8, 86, 102, 107, 102, 96, 95, 122, 142, 165, 32, 66, 115, 37, 92, 57
1460865122, 34, 86, 102, 107, 102, 96, 94, 122, 142, 165, 32, 66, 115, 37, 92, 57
1460865122, 107, 84, 102, 107, 102, 94, 90, 118, 136, 156, 33, 65, 110, 35, 86, 54
1460865122, 169, 81, 102, 107, 99, 92, 83, 109, 120, 141, 34, 60, 104, 31, 79, 49
1460865122, 383, 76, 93, 87, 73, 63, 57, 65, 75, 88, 30, 52, 70, 26, 48, 22
1460865122, 329, 70, 75, 75, 66, 57, 31, 43, 56, 67, 13, 30, 46, 19, 37, 19
1460865122, 374, 65, 55, 55, 65, 46, 37, 47, 50, 61, 10, 27, 33, 24, 26, 25
1460865123, 353, 62, 52, 54, 64, 47, 36, 45, 47, 56, 9, 29, 32, 25, 26, 23
1460865123, 357, 56, 50, 51, 50, 43, 22, 32, 36, 41, 11, 21, 32, 12, 26, 14
1460865123, 268, 54, 49, 50, 48, 40, 22, 29, 34, 40, 10, 21, 32, 12, 26, 15
1460865123, 125, 52, 48, 50, 47, 40, 21, 26, 33, 37, 9, 21, 32, 13, 26, 15
1460865123, 124, 51, 48, 49, 46, 39, 18, 21, 28, 32, 9, 21, 32, 13, 26, 15
1460865123, 43, 51, 47, 49, 46, 39, 18, 20, 27, 31, 9, 21, 32, 13, 26, 15
1460865123, 11, 50, 47, 49, 46, 39, 17, 18, 25, 30, 9, 21, 32, 13, 25, 15
1460865123, 15, 50, 47, 48, 46, 39, 17, 17, 24, 29, 9, 22, 32, 13, 25, 15
1460865123, 27, 50, 47, 48, 45, 39, 17, 18, 23, 28, 10, 22, 32, 13, 25, 14
1460865123, 18, 50, 47, 48, 45, 39, 17, 18, 24, 28, 9, 22, 32, 13, 25, 14
1460865123, 25, 51, 47, 48, 45, 39, 17, 17, 24, 28, 9, 22, 32, 13, 25, 14
1460865123, 21, 51, 47, 48, 45, 39, 18, 18, 24, 28, 9, 22, 32, 13, 25, 14
1460865123, 25, 51, 47, 48, 45, 39, 18, 18, 24, 29, 10, 22, 32, 13, 25, 14
1460865123, 30, 51, 47, 48, 45, 39, 18, 18, 24, 28, 10, 22, 32, 13, 25, 14
1460865123, 174, 51, 47, 48, 45, 39, 19, 19, 24, 28, 10, 22, 32, 13, 25, 14
1460865123, 168, 51, 47, 48, 45, 39, 19, 19, 24, 28, 10, 22, 32, 13, 25, 14
1460865123, 227, 52, 47, 48, 45, 39, 19, 19, 25, 29, 10, 22, 32, 13, 25, 14
1460865123, 283, 52, 47, 48, 45, 39, 20, 19, 26, 29, 10, 22, 32, 13, 25, 14
1460865123, 495, 56, 47, 48, 45, 39, 20, 24, 34, 39, 10, 22, 32, 13, 25, 14
1460865123, 480, 67, 67, 68, 65, 56, 25, 36, 46, 54, 10, 23, 36, 14, 31, 18
1460865123, 534, 81, 92, 96, 96, 84, 60, 86, 112, 127, 28, 61, 89, 33, 67, 39
1460865123, 304, 86, 95, 102, 98, 90, 71, 103, 126, 148, 35, 68, 105, 36, 81, 48
1460865123, 127, 87, 101, 105, 99, 92, 77, 108, 130, 156, 36, 70, 115, 37, 89, 55
1460865123, 61, 87, 103, 106, 99, 93, 80, 110, 132, 158, 36, 71, 119, 38, 92, 57
1460865124, 27, 87, 104, 106, 99, 93, 81, 111, 132, 159, 36, 71, 120, 38, 93, 58
1460865124, 9, 90, 104, 106, 99, 93, 85, 115, 137, 163, 36, 71, 121, 38, 94, 58
1460865124, 22, 92, 104, 107, 99, 93, 88, 119, 140, 167, 36, 71, 121, 38, 94, 59
1460865124, 27, 93, 104, 107, 100, 94, 90, 121, 142, 168, 36, 71, 121, 38, 94, 59
1460865124, 32, 93, 104, 107, 100, 94, 91, 121, 143, 168, 36, 71, 121, 38, 94, 59
1460865124, 50, 93, 104, 107, 100, 94, 91, 122, 143, 169, 36, 71, 121, 37, 94, 59
1460865124, 95, 91, 104, 107, 99, 93, 88, 118, 138, 162, 37, 69, 118, 36, 91, 57
1460865124, 225, 86, 104, 106, 85, 74, 79, 107, 103, 119, 37, 77, 100, 60, 80, 31
1460865124, 242, 79, 76, 70, 71, 60, 58, 69, 83, 93, 18, 29, 47, 20, 35, 21
1460865124, 218, 73, 67, 58, 52, 59, 51, 63, 75, 82, 19, 34, 41, 16, 35, 28
1460865124, 344, 64, 60, 58, 51, 58, 45, 55, 66, 70, 11, 27, 39, 16, 34, 28
1460865124, 257, 54, 51, 53, 51, 44, 40, 49, 57, 60, 9, 21, 32, 13, 26, 14
1460865124, 249, 48, 51, 46, 50, 43, 36, 45, 51, 55, 13, 21, 32, 14, 24, 14
1460865124, 221, 44, 51, 46, 50, 42, 31, 40, 46, 50, 13, 20, 32, 14, 24, 15
1460865124, 145, 42, 46, 47, 50, 42, 27, 35, 41, 45, 9, 20, 30, 14, 24, 15
1460865124, 72, 41, 42, 47, 50, 42, 25, 32, 37, 42, 10, 22, 30, 13, 24, 15
1460865124, 73, 42, 42, 47, 50, 42, 23, 29, 34, 39, 10, 23, 30, 13, 24, 15
1460865124, 36, 42, 42, 46, 50, 42, 22, 30, 33, 38, 10, 23, 30, 16, 24, 15
1460865124, 18, 43, 43, 45, 50, 42, 21, 30, 31, 37, 10, 22, 30, 16, 24, 15
1460865124, 16, 43, 43, 45, 50, 42, 20, 29, 30, 36, 10, 22, 30, 17, 24, 15
1460865124, 13, 44, 43, 45, 50, 42, 20, 28, 29, 35, 10, 22, 30, 17, 24, 15
1460865124, 44, 44, 43, 45, 50, 42, 19, 27, 26, 33, 10, 22, 30, 17, 24, 15
1460865124, 36, 45, 43, 45, 50, 42, 19, 27, 24, 32, 10, 22, 30, 18, 25, 15
1460865125, 9, 46, 42, 44, 50, 42, 20, 27, 22, 30, 10, 22, 30, 18, 25, 15
1460865125, 2, 47, 42, 44, 50, 42, 21, 27, 21, 30, 10, 23, 30, 19, 25, 15
1460865125, 64, 47, 42, 44, 50, 42, 21, 27, 21, 30, 10, 23, 30, 19, 25, 15
1460865125, 26, 47, 42, 44, 50, 42, 21, 27, 21, 30, 10, 23, 30, 19, 25, 15
1460865125, 79, 48, 42, 44, 50, 42, 22, 27, 20, 29, 10, 23, 30, 19, 25, 15
1460865125, 259, 48, 42, 44, 50, 42, 22, 27, 20, 29, 10, 23, 30, 19, 25, 15
1460865125, 759, 56, 42, 46, 50, 42, 29, 33, 35, 44, 9, 23, 30, 15, 24, 15
1460865125, 472, 76, 88, 92, 94, 80, 50, 73, 101, 114, 25, 58, 84, 33, 66, 40
1460865125, 413, 81, 94, 99, 97, 89, 65, 94, 120, 141, 33, 67, 103, 37, 81, 48
1460865125, 207, 81, 97, 103, 98, 91, 70, 100, 123, 146, 35, 68, 110, 38, 88, 52
1460865125, 97, 80, 101, 104, 98, 92, 73, 101, 123, 147, 34, 69, 114, 38, 89, 54
1460865125, 35, 78, 103, 105, 99, 93, 74, 101, 122, 146, 35, 69, 116, 37, 90, 55
1460865125, 18, 76, 103, 106, 99, 93, 74, 101, 121, 145, 35, 69, 118, 37, 91, 57
1460865125, 17, 75, 104, 106, 99, 93, 75, 101, 120, 144, 36, 69, 119, 37, 92, 58
1460865125, 27, 75, 104, 106, 99, 93, 75, 102, 120, 144, 36, 70, 119, 37, 92, 58
1460865125, 30, 75, 104, 106, 99, 93, 76, 102, 120, 143, 36, 69, 119, 36, 92, 58
1460865125, 30, 74, 104, 106, 99, 93, 75, 101, 118, 141, 36, 69, 118, 36, 91, 58
1460865125, 39, 73, 104, 107, 99, 92, 75, 99, 114, 135, 36, 68, 116, 35, 89, 56
1460865125, 93, 73, 104, 106, 97, 90, 74, 96, 106, 127, 36, 65, 112, 33, 85, 53
1460865125, 161, 69, 103, 103, 94, 86, 69, 79, 90, 111, 36, 61, 102, 29, 75, 46
1460865125, 278, 69, 77, 80, 71, 60, 41, 53, 64, 74, 13, 30, 47, 19, 39, 20
1460865125, 326, 64, 68, 74, 65, 55, 31, 41, 52, 60, 11, 24, 38, 20, 35, 18
1460865125, 338, 58, 67, 74, 64, 54, 24, 33, 43, 50, 12, 23, 37, 20, 36, 17
1460865125, 218, 54, 59, 62, 64, 53, 22, 30, 38, 44, 9, 22, 33, 16, 28, 17
1460865126, 113, 52, 49, 55, 50, 53, 25, 31, 41, 42, 9, 20, 34, 15, 29, 23
1460865126, 144, 49, 49, 54, 49, 53, 22, 28, 38, 39, 9, 20, 34, 15, 29, 24
1460865126, 104, 47, 48, 54, 48, 53, 19, 24, 34, 35, 10, 20, 34, 15, 29, 24
1460865126, 61, 46, 47, 54, 48, 53, 18, 22, 32, 33, 10, 20, 35, 15, 29, 24
1460865126, 37, 46, 46, 54, 48, 53, 18, 21, 31, 32, 11, 20, 35, 15, 29, 24
1460865126, 32, 46, 46, 54, 48, 53, 17, 20, 30, 32, 11, 20, 35, 15, 29, 24
1460865126, 44, 47, 46, 50, 48, 53, 16, 23, 29, 31, 10, 20, 35, 12, 31, 24
1460865126, 13, 48, 46, 49, 48, 53, 17, 23, 28, 30, 10, 20, 35, 12, 32, 24
1460865126, 41, 48, 46, 49, 48, 53, 18, 23, 26, 27, 9, 19, 36, 11, 33, 24
1460865126, 89, 49, 46, 48, 48, 53, 18, 23, 24, 25, 9, 19, 36, 11, 33, 24
1460865126, 195, 49, 46, 48, 48, 53, 18, 23, 23, 24, 10, 19, 36, 11, 33, 24
1460865126, 415, 50, 46, 48, 47, 52, 19, 24, 26, 26, 9, 19, 35, 11, 33, 24
1460865126, 545, 57, 46, 49, 47, 43, 26, 32, 40, 44, 9, 19, 28, 11, 23, 13
1460865126, 613, 78, 84, 78, 81, 68, 43, 50, 72, 89, 12, 33, 59, 22, 47, 30
1460865126, 642, 89, 96, 95, 95, 84, 83, 99, 124, 142, 20, 52, 87, 32, 69, 41
1460865126, 359, 90, 101, 107, 102, 95, 98, 125, 144, 166, 31, 63, 110, 34, 87, 55
1460865126, 122, 89, 102, 107, 102, 96, 99, 126, 145, 167, 32, 64, 112, 34, 89, 57
1460865126, 36, 90, 102, 107, 102, 96, 100, 128, 146, 169, 33, 64, 113, 34, 89, 58
1460865126, 8, 90, 102, 108, 102, 96, 101, 129, 147, 170, 33, 64, 115, 34, 90, 59
1460865126, 7, 90, 102, 108, 102, 96, 101, 129, 147, 170, 33, 65, 115, 34, 91, 59
1460865126, 9, 90, 103, 108, 102, 96, 101, 129, 147, 171, 33, 65, 116, 34, 91, 59
1460865126, 14, 90, 103, 108, 102, 96, 101, 129, 147, 171, 34, 65, 116, 34, 91, 59
1460865126, 32, 90, 103, 108, 102, 96, 101, 129, 147, 170, 34, 65, 116, 34, 91, 59
1460865127, 44, 90, 103, 108, 102, 96, 100, 129, 147, 170, 34, 65, 116, 34, 91, 59
1460865127, 95, 88, 103, 108, 102, 95, 97, 125, 142, 165, 34, 64, 114, 33, 89, 58
1460865127, 260, 81, 100, 98, 91, 82, 74, 90, 98, 119, 30, 54, 89, 26, 64, 40
1460865127, 239, 73, 47, 50, 47, 38, 57, 65, 78, 81, 7, 21, 29, 15, 26, 13
1460865127, 306, 59, 42, 44, 42, 34, 49, 57, 69, 70, 8, 22, 28, 15, 24, 12
1460865127, 374, 53, 42, 44, 42, 34, 43, 51, 63, 62, 8, 22, 28, 15, 24, 12
1460865127, 246, 47, 41, 44, 42, 34, 36, 44, 55, 55, 8, 22, 28, 15, 24, 12
1460865127, 230, 45, 41, 44, 42, 34, 33, 41, 52, 51, 8, 22, 28, 15, 24, 12
1460865127, 113, 44, 41, 44, 41, 34, 31, 39, 50, 50, 8, 22, 28, 15, 24, 12
1460865127, 118, 44, 41, 44, 41, 34, 30, 38, 49, 49, 8, 22, 28, 15, 24, 12
1460865127, 73, 45, 41, 44, 41, 34, 29, 36, 47, 47, 8, 22, 28, 15, 24, 12
1460865127, 48, 45, 41, 44, 41, 34, 27, 34, 46, 46, 8, 22, 28, 15, 24, 12
1460865127, 21, 45, 41, 44, 41, 34, 26, 33, 45, 45, 8, 22, 28, 15, 24, 12
1460865127, 19, 45, 41, 44, 41, 34, 26, 32, 45, 46, 8, 22, 29, 16, 24, 12
1460865127, 17, 46, 41, 44, 41, 34, 25, 32, 45, 46, 8, 23, 29, 16, 24, 12
1460865127, 13, 46, 41, 44, 41, 34, 25, 32, 45, 46, 8, 23, 29, 16, 25, 12
1460865127, 9, 47, 41, 44, 41, 34, 25, 31, 45, 47, 7, 23, 29, 17, 25, 12
1460865127, 18, 48, 41, 44, 41, 34, 25, 31, 45, 47, 7, 23, 29, 17, 25, 12
1460865127, 15, 49, 41, 44, 41, 34, 25, 31, 45, 47, 7, 23, 29, 17, 25, 12
1460865127, 2, 50, 41, 44, 41, 34, 24, 30, 45, 47, 8, 23, 29, 17, 25, 12
1460865127, 133, 50, 41, 44, 41, 34, 24, 30, 45, 47, 8, 23, 29, 17, 25, 12
1460865127, 444, 55, 41, 44, 41, 34, 29, 35, 49, 53, 8, 22, 29, 15, 25, 12
1460865127, 592, 76, 77, 83, 79, 69, 36, 53, 72, 90, 17, 38, 62, 24, 52, 29
1460865128, 568, 91, 101, 106, 100, 84, 90, 120, 139, 149, 35, 66, 104, 34, 80, 51
1460865128, 320, 93, 102, 107, 101, 88, 102, 130, 148, 161, 34, 66, 109, 34, 85, 54
1460865128, 150, 93, 102, 107, 102, 94, 104, 132, 150, 169, 33, 65, 112, 34, 88, 57
1460865128, 69, 92, 102, 108, 102, 94, 104, 132, 150, 170, 33, 64, 113, 34, 89, 57
1460865128, 33, 92, 102, 108, 102, 95, 105, 133, 150, 171, 33, 64, 113, 34, 89, 58
1460865128, 20, 92, 103, 108, 102, 95, 105, 133, 150, 172, 33, 64, 113, 34, 90, 58
1460865128, 10, 92, 103, 108, 102, 95, 105, 133, 150, 172, 33, 63, 114, 34, 90, 59
1460865128, 8, 91, 103, 108, 102, 95, 105, 133, 150, 172, 33, 63, 114, 34, 90, 59
1460865128, 5, 91, 103, 108, 102, 96, 105, 132, 149, 172, 33, 63, 114, 34, 90, 59
1460865128, 5, 91, 103, 108, 102, 96, 104, 132, 149, 171, 33, 63, 114, 33, 90, 59
1460865128, 2, 91, 103, 108, 102, 96, 104, 132, 149, 171, 33, 63, 114, 33, 90, 59
1460865128, 11, 91, 103, 108, 102, 96, 104, 132, 148, 171, 33, 63, 114, 33, 90, 59
1460865128, 17, 91, 103, 108, 102, 96, 104, 131, 148, 171, 33, 63, 114, 33, 90, 59
1460865128, 40, 90, 103, 108, 102, 96, 103, 131, 148, 171, 33, 62, 114, 32, 90, 59
1460865128, 57, 90, 103, 108, 102, 96, 103, 131, 147, 170, 33, 62, 114, 32, 90, 59
1460865128, 111, 90, 103, 108, 102, 96, 102, 130, 146, 169, 33, 62, 114, 32, 89, 59
1460865128, 227, 85, 103, 108, 101, 94, 93, 118, 132, 156, 33, 59, 110, 30, 85, 56
1460865128, 374, 82, 89, 78, 73, 66, 50, 59, 73, 91, 20, 39, 61, 18, 42, 24
1460865128, 427, 72, 65, 59, 54, 45, 31, 40, 52, 63, 10, 24, 38, 14, 29, 15
1460865128, 341, 67, 54, 56, 50, 42, 28, 39, 51, 59, 10, 23, 34, 14, 28, 14
1460865128, 321, 65, 54, 55, 50, 42, 26, 36, 47, 55, 10, 23, 34, 14, 28, 14
1460865129, 0, 81, 100, 103, 98, 91, 85, 111, 128, 148, 33, 62, 105, 31, 79, 50
1460865129, 82, 82, 100, 104, 99, 92, 87, 114, 131, 152, 34, 62, 106, 31, 80, 51
1460865130, 81, 82, 100, 104, 99, 93, 87, 115, 132, 154, 34, 62, 107, 32, 81, 52
1460865130, 133, 83, 100, 105, 100, 94, 87, 115, 133, 155, 34, 63, 109, 32, 82, 53
1460865130, 125, 84, 100, 105, 100, 94, 87, 115, 133, 157, 34, 63, 109, 32, 83, 54
1460865130, 86, 84, 101, 105, 101, 95, 86, 115, 133, 157, 35, 63, 110, 32, 84, 55
1460865130, 89, 83, 101, 105, 101, 95, 86, 114, 132, 156, 35, 63, 110, 32, 84, 55
1460865130, 104, 83, 101, 106, 101, 95, 85, 114, 132, 156, 35, 63, 110, 32, 84, 55
1460865130, 110, 81, 101, 106, 101, 95, 81, 109, 127, 151, 34, 63, 110, 32, 83, 55
1460865130, 84, 80, 101, 106, 101, 95, 80, 108, 126, 150, 34, 63, 109, 32, 83, 54
1460865130, 91, 80, 101, 106, 101, 94, 79, 106, 124, 148, 34, 62, 108, 31, 82, 54
1460865130, 66, 78, 101, 106, 101, 94, 76, 103, 121, 144, 34, 61, 107, 31, 81, 53
1460865130, 33, 78, 101, 106, 101, 94, 74, 101, 119, 142, 33, 61, 106, 31, 80, 53
1460865130, 28, 77, 100, 106, 100, 94, 73, 100, 117, 140, 33, 60, 104, 31, 79, 52
1460865130, 69, 77, 100, 105, 100, 94, 73, 99, 116, 139, 33, 60, 104, 30, 79, 51
1460865130, 140, 75, 100, 90, 82, 73, 70, 73, 86, 102, 53, 63, 84, 22, 51, 29
1460865130, 231, 70, 77, 75, 70, 59, 51, 63, 74, 83, 14, 30, 49, 19, 39, 21
1460865130, 246, 69, 70, 73, 52, 57, 51, 62, 75, 81, 11, 38, 44, 35, 37, 27
1460865130, 308, 69, 52, 54, 49, 43, 57, 66, 75, 81, 9, 21, 33, 14, 28, 14
1460865130, 163, 68, 51, 54, 49, 42, 56, 65, 74, 79, 9, 21, 33, 14, 28, 14
1460865130, 78, 67, 51, 53, 49, 42, 56, 64, 73, 78, 9, 21, 33, 14, 28, 15
1460865130, 80, 67, 51, 53, 49, 42, 56, 64, 73, 78, 9, 21, 33, 14, 28, 15
1460865130, 22, 66, 51, 53, 49, 41, 56, 64, 72, 78, 9, 21, 33, 13, 28, 15
1460865130, 41, 66, 50, 53, 49, 41, 56, 64, 72, 78, 8, 21, 33, 13, 28, 15
1460865130, 19, 66, 49, 52, 49, 41, 54, 61, 69, 75, 9, 20, 32, 13, 28, 15
1460865131, 23, 65, 48, 52, 49, 41, 52, 58, 66, 73, 9, 20, 32, 13, 28, 15
1460865131, 15, 65, 48, 51, 49, 41, 52, 59, 66, 73, 9, 20, 32, 13, 27, 15
1460865131, 28, 65, 48, 51, 49, 41, 52, 60, 66, 73, 9, 20, 32, 13, 27, 15
1460865131, 20, 65, 48, 51, 49, 41, 52, 60, 66, 73, 9, 20, 32, 13, 27, 15
1460865131, 8, 66, 48, 50, 49, 41, 52, 60, 67, 74, 9, 20, 32, 13, 27, 15
1460865131, 5, 66, 48, 50, 49, 41, 52, 61, 67, 74, 9, 20, 32, 13, 26, 15
1460865131, 12, 66, 48, 49, 49, 41, 52, 62, 66, 73, 9, 20, 32, 14, 26, 15
1460865131, 54, 66, 48, 49, 49, 40, 52, 61, 66, 73, 9, 20, 32, 14, 26, 15
1460865131, 19, 66, 47, 49, 47, 40, 53, 62, 68, 73, 9, 20, 32, 12, 26, 14
1460865131, 19, 66, 47, 49, 47, 40, 56, 65, 72, 76, 9, 20, 31, 12, 26, 14
1460865131, 36, 66, 47, 49, 47, 40, 58, 67, 74, 78, 9, 20, 31, 12, 26, 14
1460865131, 207, 68, 47, 49, 46, 40, 62, 71, 79, 82, 9, 20, 31, 12, 26, 14
1460865131, 658, 74, 74, 64, 70, 57, 53, 58, 79, 93, 13, 31, 55, 22, 42, 28
1460865131, 541, 87, 98, 97, 97, 82, 83, 102, 128, 140, 26, 60, 94, 35, 71, 45
1460865131, 409, 87, 103, 106, 101, 88, 88, 118, 140, 152, 38, 72, 108, 36, 79, 47
1460865131, 317, 86, 103, 107, 102, 92, 88, 117, 138, 155, 37, 70, 110, 37, 82, 48
1460865131, 98, 86, 103, 107, 102, 94, 89, 119, 139, 159, 36, 70, 112, 36, 84, 50
1460865131, 40, 86, 103, 107, 102, 94, 90, 119, 139, 160, 36, 68, 112, 36, 85, 52
1460865131, 18, 86, 103, 107, 102, 95, 91, 119, 139, 161, 35, 68, 113, 36, 86, 53
1460865131, 15, 86, 103, 107, 102, 95, 92, 121, 140, 162, 35, 67, 113, 36, 87, 54
1460865131, 9, 86, 103, 108, 102, 95, 92, 121, 140, 163, 34, 67, 114, 36, 88, 54
1460865131, 26, 87, 103, 108, 102, 95, 93, 121, 140, 163, 34, 67, 114, 36, 88, 55
1460865131, 35, 87, 103, 108, 102, 95, 92, 121, 140, 163, 34, 67, 114, 36, 88, 55
1460865132, 61, 86, 103, 108, 102, 95, 92, 120, 140, 163, 34, 66, 114, 35, 88, 55
1460865132, 107, 85, 103, 108, 101, 94, 88, 116, 133, 155, 34, 64, 111, 33, 85, 53
1460865132, 120, 81, 103, 107, 99, 92, 81, 106, 116, 140, 34, 59, 105, 28, 79, 51
1460865132, 470, 76, 88, 83, 77, 64, 48, 52, 59, 69, 11, 30, 50, 19, 39, 22
1460865132, 521, 74, 63, 59, 54, 45, 21, 30, 47, 61, 9, 26, 42, 17, 33, 18
1460865132, 238, 72, 50, 54, 49, 41, 36, 40, 54, 63, 8, 20, 33, 15, 30, 17
1460865132, 244, 70, 48, 54, 48, 41, 35, 40, 53, 61, 9, 20, 32, 15, 29, 16
1460865132, 386, 68, 48, 54, 48, 41, 34, 39, 51, 59, 9, 20, 32, 15, 29, 16
1460865132, 0, 64, 59, 60, 65, 52, 11, 4, 22, 35, 11, 29, 40, 20, 32, 20
1460865132, 107, 64, 59, 60, 65, 52, 10, 4, 23, 36, 11, 29, 40, 20, 32, 20
1460865132, 56, 64, 59, 59, 65, 52, 9, 6, 25, 37, 11, 29, 40, 21, 31, 20
1460865132, 18, 64, 59, 58, 65, 52, 10, 6, 25, 37, 11, 30, 40, 22, 31, 20
1460865132, 65, 63, 58, 58, 65, 52, 11, 6, 23, 35, 11, 30, 40, 22, 31, 20
1460865132, 45, 62, 58, 57, 65, 52, 13, 4, 22, 33, 11, 30, 40, 23, 31, 20
1460865132, 20, 60, 57, 56, 65, 52, 15, 5, 21, 30, 11, 31, 40, 23, 31, 20
1460865132, 3, 60, 55, 54, 65, 52, 15, 7, 21, 30, 11, 32, 40, 25, 31, 20
1460865132, 23, 60, 54, 53, 65, 52, 15, 7, 22, 30, 11, 33, 40, 26, 31, 20
1460865132, 46, 60, 53, 53, 65, 52, 16, 7, 22, 30, 11, 34, 40, 27, 30, 21
1460865132, 86, 59, 52, 51, 50, 51, 17, 10, 19, 29, 11, 27, 39, 16, 30, 21
1460865132, 213, 58, 51, 51, 48, 51, 17, 9, 20, 28, 11, 28, 39, 17, 30, 22
1460865133, 270, 59, 52, 50, 47, 51, 15, 10, 22, 30, 11, 28, 39, 17, 30, 21
1460865133, 450, 71, 73, 70, 69, 61, 25, 34, 48, 63, 11, 28, 45, 16, 34, 21
1460865133, 534, 78, 100, 92, 91, 87, 68, 80, 102, 123, 28, 57, 98, 29, 71, 45
1460865133, 182, 82, 101, 96, 94, 89, 74, 90, 114, 137, 30, 62, 106, 33, 79, 49
1460865133, 71, 82, 101, 100, 95, 90, 75, 95, 117, 140, 31, 63, 108, 34, 82, 50
1460865133, 41, 82, 101, 103, 96, 91, 75, 99, 120, 144, 31, 64, 111, 35, 86, 52
1460865133, 12, 82, 101, 104, 98, 92, 76, 101, 122, 146, 32, 66, 112, 37, 87, 54
1460865133, 5, 81, 101, 104, 98, 93, 76, 102, 123, 147, 32, 66, 113, 37, 88, 54
1460865133, 1, 80, 101, 105, 99, 93, 76, 101, 122, 147, 32, 67, 114, 37, 89, 55
1460865133, 6, 79, 102, 105, 99, 94, 76, 100, 121, 146, 33, 66, 114, 37, 89, 55
1460865133, 8, 80, 102, 105, 99, 94, 76, 100, 121, 145, 33, 66, 115, 36, 89, 55
1460865133, 21, 80, 102, 105, 99, 94, 77, 100, 120, 144, 33, 66, 115, 36, 89, 55
1460865133, 54, 80, 102, 106, 99, 94, 77, 103, 121, 144, 34, 66, 114, 35, 89, 55
1460865133, 99, 76, 102, 106, 99, 94, 74, 98, 115, 136, 34, 66, 113, 35, 87, 54
1460865133, 184, 74, 102, 106, 98, 90, 74, 94, 105, 123, 32, 61, 102, 31, 77, 47
1460865133, 140, 70, 102, 90, 82, 71, 71, 54, 65, 78, 57, 71, 89, 23, 49, 27
1460865133, 301, 65, 79, 66, 70, 57, 31, 42, 53, 61, 32, 33, 49, 21, 32, 19
1460865133, 449, 63, 45, 45, 39, 32, 33, 44, 60, 64, 10, 27, 34, 17, 27, 12
1460865133, 345, 61, 44, 43, 36, 30, 32, 43, 61, 63, 11, 30, 36, 20, 28, 11
1460865133, 301, 57, 45, 42, 35, 30, 27, 39, 56, 58, 12, 31, 36, 20, 28, 11
1460865133, 180, 55, 46, 42, 35, 30, 24, 37, 54, 54, 13, 32, 37, 20, 27, 11
1460865133, 139, 53, 47, 44, 35, 30, 21, 33, 50, 50, 13, 34, 38, 22, 28, 11
1460865133, 71, 53, 43, 45, 35, 30, 24, 29, 48, 48, 8, 30, 34, 24, 30, 11
1460865133, 11, 53, 40, 45, 35, 30, 26, 28, 47, 46, 8, 27, 31, 24, 29, 11
1460865134, 34, 53, 41, 45, 35, 30, 26, 28, 47, 46, 8, 27, 32, 24, 29, 11
1460865134, 11, 53, 41, 45, 35, 30, 25, 27, 46, 45, 8, 28, 32, 24, 29, 11
1460865134, 4, 53, 41, 45, 35, 30, 24, 26, 45, 44, 8, 28, 32, 24, 29, 11
1460865134, 32, 53, 42, 45, 35, 30, 24, 26, 45, 44, 8, 28, 32, 24, 29, 11
1460865134, 43, 53, 42, 45, 35, 30, 23, 24, 44, 43, 8, 28, 32, 25, 30, 11
1460865134, 17, 53, 42, 45, 35, 30, 23, 23, 44, 43, 7, 28, 32, 25, 30, 11
1460865134, 9, 53, 42, 45, 35, 30, 23, 23, 44, 43, 8, 28, 32, 25, 29, 11
1460865134, 20, 53, 42, 44, 35, 30, 22, 24, 44, 43, 8, 29, 33, 24, 29, 11
1460865134, 56, 53, 42, 44, 35, 30, 22, 25, 43, 42, 8, 29, 33, 24, 29, 11
1460865134, 67, 53, 42, 44, 35, 30, 22, 25, 43, 42, 8, 29, 33, 23, 28, 11
1460865134, 144, 54, 42, 44, 35, 30, 22, 25, 45, 44, 8, 29, 32, 23, 28, 11
1460865134, 451, 57, 42, 44, 35, 30, 24, 30, 52, 52, 8, 29, 32, 23, 28, 11
1460865134, 294, 59, 42, 44, 35, 30, 27, 33, 55, 56, 8, 29, 32, 23, 28, 11
1460865134, 539, 87, 100, 105, 98, 86, 74, 105, 127, 144, 37, 72, 111, 38, 86, 51
1460865134, 462, 91, 103, 108, 102, 88, 92, 126, 148, 160, 40, 76, 117, 39, 89, 55
1460865134, 250, 92, 103, 108, 103, 89, 97, 129, 150, 164, 39, 73, 116, 38, 90, 57
1460865134, 95, 91, 103, 108, 102, 90, 99, 129, 150, 166, 37, 71, 116, 38, 90, 57
1460865134, 56, 91, 103, 108, 102, 90, 99, 129, 150, 166, 35, 70, 115, 38, 90, 57
1460865134, 17, 90, 103, 108, 102, 91, 99, 129, 149, 166, 35, 69, 114, 38, 90, 57
1460865134, 5, 90, 102, 107, 102, 92, 98, 127, 148, 167, 34, 68, 114, 37, 91, 57
1460865134, 19, 90, 102, 107, 102, 92, 98, 127, 148, 167, 33, 68, 114, 37, 91, 57
1460865134, 27, 90, 102, 107, 102, 93, 98, 127, 147, 167, 33, 67, 114, 37, 91, 57
1460865134, 46, 90, 102, 107, 102, 93, 97, 125, 145, 166, 33, 67, 114, 36, 90, 57
1460865135, 28, 90, 102, 107, 102, 94, 96, 125, 145, 167, 33, 66, 114, 36, 90, 57
1460865135, 80, 88, 102, 107, 102, 95, 93, 122, 141, 164, 33, 65, 113, 35, 89, 57
1460865135, 82, 87, 102, 107, 101, 95, 92, 119, 137, 160, 33, 63, 111, 33, 86, 55
1460865135, 221, 80, 102, 93, 85, 67, 81, 78, 93, 100, 63, 75, 95, 24, 52, 31
1460865135, 606, 77, 67, 61, 55, 43, 32, 48, 62, 73, 19, 33, 46, 15, 32, 18
1460865135, 895, 74, 50, 54, 49, 42, 39, 45, 58, 67, 8, 20, 32, 14, 29, 16
1460865135, 100, 71, 49, 53, 49, 41, 38, 42, 54, 63, 8, 19, 31, 14, 28, 16
1460865135, 121, 71, 49, 53, 49, 41, 37, 42, 53, 62, 8, 19, 31, 14, 28, 16
1460865135, 175, 69, 49, 53, 49, 41, 36, 40, 51, 58, 8, 19, 31, 13, 28, 16
1460865135, 95, 68, 49, 52, 49, 41, 35, 39, 49, 56, 8, 19, 31, 13, 28, 16
1460865135, 96, 67, 49, 52, 48, 41, 34, 38, 47, 54, 8, 19, 31, 13, 28, 16
1460865135, 27, 66, 48, 52, 48, 41, 33, 37, 46, 53, 8, 19, 31, 13, 28, 16
1460865135, 108, 65, 48, 52, 48, 41, 33, 37, 46, 52, 8, 19, 31, 13, 27, 16
1460865135, 27, 65, 48, 51, 48, 41, 32, 37, 44, 51, 8, 19, 31, 12, 27, 16
1460865135, 17, 64, 48, 51, 48, 41, 31, 37, 43, 49, 9, 19, 31, 12, 27, 16
1460865135, 18, 63, 48, 51, 48, 41, 31, 37, 43, 49, 9, 19, 31, 12, 27, 16
1460865135, 28, 62, 47, 50, 48, 41, 32, 38, 42, 48, 9, 18, 30, 11, 26, 16
1460865135, 18, 61, 47, 50, 48, 41, 31, 38, 41, 47, 9, 18, 30, 11, 26, 15
