1460865144, 12, 36, 45, 47, 45, 40, 55, 63, 67, 64, 10, 21, 29, 12, 23, 14
1460865144, 29, 35, 45, 47, 45, 40, 55, 62, 67, 63, 10, 21, 29, 12, 23, 14
1460865144, 21, 35, 45, 47, 45, 40, 54, 62, 66, 62, 10, 21, 29, 12, 23, 14
1460865144, 15, 34, 45, 47, 45, 40, 52, 60, 64, 61, 10, 21, 29, 12, 23, 14
1460865144, 92, 33, 45, 47, 45, 40, 51, 59, 63, 60, 10, 21, 29, 12, 23, 14
1460865145, 147, 32, 45, 47, 45, 40, 50, 58, 62, 59, 10, 21, 29, 12, 23, 14
1460865145, 46, 32, 45, 47, 45, 40, 50, 57, 61, 58, 10, 21, 29, 12, 23, 14
1460865145, 11, 32, 45, 47, 45, 40, 49, 57, 61, 58, 10, 21, 29, 12, 23, 14
1460865145, 14, 32, 45, 47, 45, 40, 48, 56, 60, 57, 10, 21, 29, 12, 23, 14
1460865145, 20, 32, 45, 47, 45, 40, 49, 56, 61, 58, 10, 21, 29, 12, 23, 14
1460865145, 18, 32, 45, 47, 45, 40, 50, 58, 62, 59, 10, 21, 29, 12, 23, 14
1460865145, 37, 32, 45, 47, 45, 40, 50, 58, 62, 59, 10, 21, 29, 12, 23, 14
1460865145, 23, 32, 45, 47, 45, 40, 50, 58, 62, 59, 10, 21, 29, 12, 23, 14
1460865145, 15, 32, 45, 47, 45, 40, 50, 58, 62, 59, 10, 21, 29, 12, 23, 14
1460865145, 33, 31, 45, 47, 45, 40, 49, 56, 61, 58, 10, 21, 29, 12, 23, 14
1460865145, 21, 33, 45, 47, 45, 40, 50, 58, 62, 59, 10, 21, 29, 12, 23, 14
1460865145, 60, 34, 45, 47, 45, 40, 51, 58, 63, 61, 10, 21, 29, 12, 23, 14
1460865145, 37, 35, 45, 47, 45, 40, 51, 59, 64, 61, 10, 21, 29, 12, 23, 14
1460865145, 22, 35, 45, 47, 45, 40, 50, 59, 64, 61, 10, 21, 29, 12, 23, 14
1460865145, 35, 35, 45, 47, 45, 40, 50, 59, 64, 61, 10, 21, 29, 12, 23, 14
1460865145, 139, 35, 45, 47, 45, 40, 50, 58, 63, 61, 10, 21, 29, 12, 23, 14
1460865145, 426, 35, 45, 47, 45, 40, 49, 57, 62, 60, 10, 21, 29, 12, 23, 14
1460865145, 474, 32, 45, 47, 45, 40, 46, 54, 59, 56, 10, 21, 29, 11, 23, 13
1460865145, 215, 31, 45, 47, 45, 40, 45, 52, 57, 54, 10, 21, 29, 11, 23, 13
1460865145, 102, 30, 45, 47, 45, 40, 43, 50, 55, 53, 10, 21, 29, 11, 23, 13
1460865145, 47, 30, 45, 47, 45, 40, 42, 49, 54, 52, 10, 21, 29, 11, 23, 13
1460865145, 28, 30, 45, 47, 45, 39, 41, 49, 54, 52, 10, 21, 29, 12, 23, 13
1460865145, 55, 31, 45, 47, 45, 39, 40, 48, 53, 52, 10, 21, 30, 12, 23, 13
1460865145, 27, 31, 45, 47, 45, 39, 39, 47, 52, 51, 10, 21, 30, 12, 23, 13
1460865146, 38, 31, 45, 47, 45, 39, 38, 46, 52, 50, 10, 21, 30, 12, 23, 13
1460865146, 29, 32, 44, 47, 45, 39, 38, 45, 51, 50, 10, 21, 30, 12, 23, 13
1460865146, 26, 32, 44, 47, 45, 39, 37, 45, 51, 50, 10, 21, 30, 12, 23, 13
1460865146, 26, 32, 44, 46, 45, 39, 37, 45, 51, 50, 10, 21, 30, 12, 23, 13
1460865146, 15, 32, 44, 46, 45, 39, 37, 45, 51, 50, 10, 21, 30, 12, 23, 13
1460865146, 22, 32, 44, 46, 45, 39, 38, 45, 51, 51, 10, 21, 30, 12, 23, 13
1460865146, 99, 32, 44, 46, 45, 39, 38, 45, 51, 51, 10, 21, 30, 12, 23, 13
1460865146, 118, 32, 44, 46, 45, 39, 38, 46, 51, 51, 10, 21, 30, 12, 23, 13
1460865146, 72, 33, 44, 46, 44, 39, 38, 45, 51, 51, 10, 21, 30, 12, 23, 13
1460865146, 54, 34, 44, 46, 44, 39, 38, 45, 52, 51, 10, 21, 30, 12, 23, 13
1460865146, 83, 34, 44, 46, 44, 39, 37, 45, 52, 51, 10, 21, 30, 12, 23, 13
1460865146, 82, 35, 44, 46, 44, 39, 37, 45, 51, 51, 10, 21, 30, 12, 23, 13
1460865146, 89, 38, 44, 46, 44, 39, 38, 46, 54, 54, 10, 22, 30, 12, 23, 13
1460865146, 78, 39, 44, 45, 44, 39, 39, 48, 55, 56, 10, 22, 30, 12, 23, 13
1460865146, 102, 42, 44, 45, 44, 38, 41, 50, 58, 59, 10, 22, 30, 12, 23, 13
1460865146, 107, 42, 44, 45, 44, 38, 41, 50, 58, 59, 10, 22, 30, 12, 23, 13
1460865146, 55, 42, 44, 45, 44, 38, 41, 50, 58, 59, 10, 22, 30, 12, 23, 13
1460865146, 41, 43, 44, 45, 44, 38, 42, 51, 59, 60, 10, 21, 30, 12, 23, 13
1460865146, 47, 43, 44, 45, 44, 38, 42, 51, 59, 60, 10, 21, 30, 11, 23, 13
1460865146, 22, 44, 44, 45, 44, 38, 42, 51, 59, 61, 10, 21, 30, 11, 23, 13
1460865146, 11, 46, 44, 45, 44, 38, 43, 53, 60, 62, 10, 21, 30, 11, 23, 13
1460865146, 22, 46, 44, 45, 44, 38, 43, 53, 60, 62, 10, 21, 30, 11, 23, 13
1460865146, 26, 49, 44, 45, 44, 38, 45, 55, 63, 65, 10, 21, 30, 11, 23, 13
1460865147, 40, 51, 44, 45, 44, 38, 46, 56, 65, 67, 10, 21, 30, 11, 23, 13
1460865147, 53, 51, 44, 45, 44, 38, 47, 58, 66, 69, 10, 21, 30, 11, 23, 13
1460865147, 51, 51, 44, 45, 44, 38, 49, 59, 67, 70, 10, 21, 30, 11, 23, 13
1460865147, 17, 51, 44, 45, 44, 38, 49, 59, 67, 70, 10, 21, 30, 11, 23, 13
1460865147, 25, 50, 44, 45, 44, 38, 49, 59, 67, 69, 10, 21, 30, 11, 23, 13
1460865147, 67, 48, 44, 45, 44, 38, 47, 57, 65, 67, 10, 21, 30, 11, 23, 13
1460865147, 29, 46, 44, 45, 44, 38, 45, 55, 63, 65, 10, 21, 30, 11, 23, 13
1460865147, 47, 43, 44, 45, 44, 38, 43, 52, 60, 62, 10, 21, 30, 11, 23, 13
1460865147, 312, 41, 44, 45, 44, 38, 41, 50, 58, 59, 10, 21, 30, 11, 23, 13
1460865147, 495, 37, 43, 45, 44, 38, 38, 47, 53, 54, 10, 21, 30, 11, 23, 13
1460865147, 405, 35, 43, 45, 44, 38, 37, 46, 52, 53, 10, 21, 30, 11, 23, 13
1460865147, 151, 35, 43, 45, 44, 38, 37, 45, 52, 52, 10, 21, 30, 11, 23, 13
1460865147, 33, 34, 43, 45, 44, 38, 37, 45, 51, 52, 10, 21, 30, 11, 23, 13
1460865147, 26, 33, 43, 45, 44, 38, 37, 46, 52, 52, 10, 21, 30, 11, 23, 13
1460865147, 57, 33, 43, 45, 43, 38, 38, 47, 53, 52, 10, 21, 30, 12, 23, 13
1460865147, 36, 33, 43, 45, 43, 38, 39, 47, 53, 53, 10, 21, 30, 12, 23, 13
1460865147, 55, 33, 43, 45, 43, 38, 39, 47, 53, 53, 10, 21, 30, 12, 23, 13
1460865147, 33, 33, 43, 45, 43, 38, 39, 47, 53, 53, 10, 21, 30, 12, 23, 13
1460865147, 40, 33, 43, 45, 43, 38, 39, 47, 53, 53, 10, 21, 30, 12, 23, 13
1460865147, 51, 33, 43, 45, 43, 38, 39, 47, 53, 53, 10, 21, 30, 12, 23, 13
1460865147, 87, 33, 43, 45, 43, 38, 38, 46, 53, 53, 10, 21, 30, 12, 23, 13
1460865147, 85, 33, 43, 45, 43, 38, 38, 46, 53, 53, 10, 21, 30, 12, 23, 13
1460865147, 174, 33, 43, 45, 43, 38, 38, 46, 53, 53, 10, 21, 30, 12, 23, 13
1460865148, 162, 33, 43, 44, 43, 38, 38, 46, 52, 53, 10, 21, 30, 12, 23, 13
1460865148, 66, 33, 43, 44, 43, 37, 38, 46, 53, 53, 10, 21, 30, 12, 23, 13
1460865148, 187, 34, 43, 44, 43, 37, 39, 47, 53, 54, 10, 21, 30, 12, 23, 13
1460865148, 113, 34, 43, 44, 43, 37, 39, 47, 53, 54, 10, 21, 30, 12, 23, 13
1460865148, 116, 34, 42, 44, 43, 37, 40, 48, 54, 54, 10, 21, 30, 12, 23, 13
1460865148, 114, 34, 42, 44, 43, 37, 40, 48, 55, 55, 10, 21, 30, 12, 23, 13
1460865148, 90, 33, 42, 44, 43, 37, 40, 48, 54, 54, 10, 21, 30, 12, 23, 13
1460865148, 55, 33, 42, 44, 43, 37, 40, 48, 54, 54, 10, 21, 30, 12, 23, 13
1460865148, 92, 32, 42, 44, 43, 37, 40, 48, 54, 53, 10, 21, 30, 12, 23, 13
1460865148, 45, 32, 42, 44, 43, 37, 40, 48, 54, 53, 10, 21, 30, 12, 23, 13
1460865148, 28, 32, 42, 44, 43, 37, 40, 48, 54, 53, 10, 21, 30, 12, 23, 13
1460865148, 27, 32, 42, 44, 43, 37, 42, 49, 55, 54, 10, 21, 30, 12, 23, 13
1460865148, 18, 32, 42, 44, 43, 37, 42, 49, 55, 54, 10, 21, 30, 12, 23, 13
1460865148, 8, 32, 42, 44, 43, 37, 42, 49, 55, 54, 10, 21, 30, 12, 23, 13
1460865148, 11, 34, 42, 44, 43, 37, 44, 51, 57, 56, 10, 21, 30, 12, 23, 13
1460865148, 24, 34, 42, 44, 43, 37, 44, 52, 57, 56, 10, 21, 30, 12, 23, 13
1460865148, 15, 34, 42, 44, 43, 37, 46, 53, 59, 58, 9, 21, 30, 12, 23, 13
1460865148, 39, 35, 42, 44, 43, 37, 45, 53, 58, 57, 10, 21, 30, 12, 23, 13
1460865148, 36, 35, 42, 44, 43, 37, 45, 52, 58, 57, 10, 21, 30, 12, 23, 13
1460865148, 38, 35, 42, 44, 43, 37, 45, 53, 59, 58, 10, 21, 30, 12, 23, 13
1460865148, 57, 36, 42, 44, 43, 37, 46, 53, 59, 58, 10, 21, 30, 12, 23, 13
1460865148, 43, 36, 42, 44, 43, 37, 46, 54, 60, 59, 10, 21, 30, 12, 23, 13
1460865148, 52, 36, 42, 44, 43, 37, 46, 54, 60, 59, 10, 21, 30, 12, 23, 13
1460865148, 205, 35, 42, 44, 43, 37, 45, 53, 58, 57, 10, 21, 30, 12, 23, 13
1460865149, 527, 34, 42, 44, 43, 37, 41, 49, 55, 54, 10, 21, 30, 12, 23, 13
1460865149, 339, 35, 42, 44, 43, 37, 40, 48, 54, 54, 10, 21, 30, 12, 23, 13
1460865149, 51, 36, 42, 44, 43, 37, 38, 46, 53, 52, 10, 21, 30, 12, 24, 13
1460865149, 41, 36, 42, 44, 43, 37, 36, 44, 51, 50, 10, 21, 30, 12, 23, 13
1460865149, 30, 36, 42, 44, 43, 37, 35, 43, 50, 50, 10, 21, 30, 12, 23, 13
1460865149, 21, 35, 42, 44, 43, 37, 35, 43, 49, 49, 10, 21, 30, 12, 23, 13
1460865149, 8, 35, 42, 44, 43, 37, 34, 42, 49, 49, 10, 21, 30, 12, 23, 13
1460865149, 9, 35, 42, 44, 43, 37, 34, 42, 48, 49, 10, 21, 30, 12, 23, 13
1460865149, 12, 36, 42, 44, 43, 37, 33, 41, 48, 49, 10, 22, 30, 12, 23, 13
1460865149, 23, 36, 42, 44, 42, 37, 33, 41, 48, 48, 10, 21, 30, 12, 23, 13
1460865149, 54, 36, 42, 44, 42, 37, 32, 40, 47, 48, 10, 21, 30, 12, 23, 13
1460865149, 69, 36, 42, 44, 42, 37, 32, 40, 47, 48, 10, 21, 30, 12, 24, 13
1460865149, 79, 36, 42, 44, 43, 37, 31, 40, 47, 47, 10, 21, 30, 12, 23, 13
1460865149, 153, 36, 42, 44, 43, 37, 31, 39, 47, 47, 10, 21, 30, 12, 23, 13
1460865149, 124, 36, 42, 44, 43, 37, 31, 39, 47, 47, 10, 21, 30, 12, 23, 13
1460865149, 263, 37, 42, 44, 43, 37, 30, 38, 46, 47, 10, 22, 30, 12, 23, 13
1460865149, 188, 37, 42, 44, 43, 37, 28, 37, 44, 45, 10, 22, 31, 12, 23, 13
1460865149, 127, 37, 42, 44, 43, 37, 27, 36, 43, 44, 10, 22, 31, 12, 23, 13
1460865149, 123, 38, 42, 44, 43, 37, 27, 34, 42, 43, 10, 22, 31, 12, 23, 13
1460865149, 83, 38, 42, 44, 42, 37, 27, 34, 42, 42, 10, 22, 31, 12, 23, 13
1460865149, 45, 39, 42, 44, 42, 37, 27, 34, 42, 42, 10, 22, 31, 13, 23, 13
1460865149, 40, 39, 42, 44, 42, 37, 27, 34, 41, 42, 10, 22, 31, 13, 23, 13
1460865149, 28, 41, 42, 44, 42, 37, 27, 33, 41, 42, 10, 22, 31, 13, 23, 13
1460865149, 19, 42, 42, 44, 42, 37, 27, 33, 41, 42, 10, 22, 31, 13, 23, 13
1460865150, 22, 42, 42, 44, 42, 37, 26, 33, 41, 42, 10, 22, 31, 13, 23, 13
1460865150, 12, 42, 42, 44, 42, 37, 26, 32, 40, 41, 10, 22, 31, 13, 23, 13
1460865150, 5, 42, 42, 44, 42, 37, 26, 32, 40, 41, 10, 22, 31, 13, 23, 13
1460865150, 30, 43, 42, 44, 42, 37, 25, 31, 40, 41, 10, 22, 31, 13, 23, 13
1460865150, 4, 44, 42, 44, 42, 37, 26, 32, 40, 42, 10, 22, 31, 13, 24, 13
1460865150, 5, 45, 42, 44, 42, 37, 25, 32, 41, 42, 10, 23, 31, 13, 24, 13
1460865150, 16, 46, 42, 44, 42, 37, 26, 32, 41, 43, 10, 23, 31, 13, 24, 13
1460865150, 37, 48, 42, 44, 42, 37, 28, 34, 44, 45, 10, 23, 31, 14, 24, 13
1460865150, 13, 53, 42, 44, 42, 37, 32, 38, 48, 50, 10, 23, 31, 14, 24, 13
1460865150, 42, 54, 42, 44, 42, 37, 33, 39, 49, 51, 10, 23, 31, 14, 24, 13
1460865150, 127, 54, 42, 44, 42, 37, 31, 36, 45, 49, 10, 22, 31, 13, 24, 13
1460865150, 463, 52, 42, 44, 42, 37, 29, 33, 41, 45, 10, 22, 31, 13, 24, 13
1460865150, 672, 52, 42, 44, 42, 37, 28, 32, 39, 43, 10, 22, 31, 12, 24, 13
1460865150, 530, 51, 42, 44, 42, 37, 26, 30, 36, 39, 10, 21, 31, 12, 24, 13
1460865150, 208, 51, 42, 44, 42, 37, 26, 30, 35, 39, 10, 21, 31, 12, 24, 13
1460865150, 78, 51, 42, 44, 42, 37, 27, 30, 35, 38, 10, 21, 31, 12, 24, 13
1460865150, 99, 51, 42, 44, 42, 37, 27, 30, 34, 37, 10, 21, 30, 12, 24, 13
1460865150, 70, 52, 42, 44, 42, 37, 27, 30, 34, 37, 10, 21, 30, 12, 23, 13
1460865150, 43, 52, 42, 44, 42, 36, 28, 30, 34, 37, 10, 21, 30, 11, 23, 13
1460865150, 12, 52, 42, 44, 42, 36, 28, 30, 34, 37, 10, 21, 30, 11, 23, 13
1460865150, 4, 52, 42, 44, 42, 36, 28, 31, 34, 37, 10, 21, 30, 11, 23, 13
1460865150, 18, 52, 42, 44, 42, 36, 28, 31, 36, 37, 10, 21, 30, 12, 23, 13
1460865150, 19, 52, 42, 44, 42, 36, 28, 31, 36, 37, 10, 21, 29, 12, 23, 13
1460865151, 27, 52, 42, 44, 42, 36, 28, 31, 36, 37, 10, 21, 29, 12, 23, 13
1460865151, 42, 53, 42, 44, 42, 35, 29, 31, 36, 38, 10, 21, 29, 12, 22, 12
1460865151, 18, 53, 42, 44, 42, 35, 29, 31, 36, 38, 10, 21, 29, 12, 22, 12
1460865151, 28, 52, 42, 44, 42, 35, 27, 30, 35, 37, 10, 21, 29, 12, 22, 12
1460865151, 73, 52, 42, 44, 42, 35, 27, 30, 34, 36, 10, 21, 29, 12, 22, 12
1460865151, 86, 51, 42, 44, 42, 35, 26, 29, 35, 36, 10, 22, 29, 12, 22, 12
1460865151, 104, 51, 42, 44, 42, 35, 26, 29, 35, 36, 10, 22, 29, 12, 22, 12
1460865151, 110, 51, 42, 44, 42, 35, 26, 29, 36, 36, 10, 22, 29, 12, 22, 12
1460865151, 107, 50, 42, 44, 42, 35, 26, 29, 36, 37, 10, 22, 29, 13, 22, 12
1460865151, 124, 50, 42, 44, 42, 35, 25, 29, 37, 38, 10, 22, 29, 13, 22, 12
1460865151, 121, 50, 42, 44, 42, 35, 25, 30, 37, 38, 10, 22, 29, 13, 22, 12
1460865151, 137, 50, 42, 44, 42, 35, 25, 31, 39, 40, 10, 23, 29, 13, 22, 12
1460865151, 146, 52, 42, 44, 42, 35, 28, 35, 44, 45, 11, 23, 29, 13, 22, 12
1460865151, 278, 55, 42, 44, 42, 35, 32, 41, 50, 51, 10, 23, 29, 13, 22, 12
1460865151, 107, 56, 42, 44, 42, 35, 35, 44, 54, 55, 10, 22, 29, 13, 22, 12
1460865151, 50, 56, 42, 44, 42, 35, 37, 46, 56, 57, 10, 22, 29, 13, 22, 12
1460865151, 505, 72, 49, 53, 46, 38, 40, 44, 62, 68, 8, 23, 32, 19, 30, 15
1460865151, 104, 73, 47, 52, 48, 39, 43, 49, 60, 69, 9, 20, 30, 13, 27, 15
1460865151, 148, 73, 47, 51, 48, 39, 42, 49, 58, 67, 10, 19, 30, 12, 26, 15
1460865151, 81, 71, 47, 51, 48, 39, 40, 48, 56, 64, 10, 19, 30, 12, 26, 15
1460865151, 34, 67, 47, 51, 48, 40, 36, 43, 51, 57, 9, 19, 30, 12, 26, 15
1460865151, 34, 66, 47, 51, 48, 40, 35, 41, 49, 54, 9, 20, 30, 12, 26, 15
1460865151, 11, 65, 47, 51, 48, 40, 34, 41, 48, 53, 9, 20, 30, 12, 25, 15
1460865151, 38, 64, 47, 50, 48, 40, 33, 40, 47, 51, 9, 20, 30, 12, 25, 15
1460865152, 25, 63, 47, 50, 48, 41, 33, 40, 48, 50, 9, 20, 29, 12, 25, 15
1460865152, 63, 63, 47, 50, 47, 41, 33, 40, 49, 50, 9, 20, 29, 12, 25, 15
1460865152, 75, 63, 47, 50, 47, 41, 34, 40, 49, 50, 9, 20, 29, 12, 25, 15
1460865152, 116, 63, 47, 50, 47, 41, 34, 40, 49, 51, 9, 20, 30, 12, 25, 15
1460865152, 371, 64, 47, 50, 47, 41, 35, 42, 51, 54, 9, 20, 30, 13, 25, 15
1460865152, 683, 64, 47, 50, 47, 41, 36, 43, 53, 56, 9, 20, 29, 12, 25, 15
1460865152, 331, 62, 46, 50, 47, 41, 38, 45, 54, 56, 9, 19, 29, 12, 25, 15
1460865152, 130, 61, 45, 50, 47, 41, 39, 45, 54, 56, 9, 19, 29, 12, 25, 15
1460865152, 76, 60, 45, 50, 47, 41, 39, 45, 54, 56, 9, 19, 29, 12, 25, 15
1460865152, 72, 60, 45, 50, 47, 40, 39, 45, 54, 56, 9, 19, 29, 12, 25, 15
1460865152, 34, 60, 45, 50, 47, 40, 39, 45, 54, 56, 9, 19, 29, 12, 25, 15
1460865152, 16, 60, 45, 50, 47, 40, 39, 45, 54, 57, 9, 19, 29, 12, 26, 15
1460865152, 7, 60, 45, 49, 46, 39, 39, 45, 54, 57, 9, 19, 29, 13, 26, 14
1460865152, 8, 60, 44, 49, 45, 39, 40, 46, 54, 57, 9, 19, 30, 12, 26, 15
1460865152, 9, 60, 44, 48, 45, 39, 40, 46, 54, 58, 9, 19, 30, 12, 25, 15
1460865152, 16, 60, 44, 47, 45, 38, 40, 47, 54, 58, 9, 19, 30, 12, 25, 15
1460865152, 41, 60, 44, 47, 45, 38, 40, 47, 54, 58, 9, 19, 30, 11, 25, 15
1460865152, 30, 59, 44, 47, 45, 38, 40, 47, 54, 58, 9, 19, 30, 11, 25, 15
1460865152, 46, 59, 44, 47, 44, 38, 40, 47, 55, 59, 9, 19, 30, 12, 25, 14
1460865152, 58, 59, 44, 47, 43, 37, 40, 47, 55, 59, 9, 20, 30, 12, 25, 14
1460865152, 57, 59, 44, 46, 41, 37, 40, 47, 56, 59, 9, 20, 31, 13, 25, 13
1460865152, 44, 59, 44, 46, 41, 37, 40, 47, 56, 59, 9, 20, 31, 13, 26, 13
1460865152, 28, 65, 43, 46, 40, 36, 44, 52, 62, 66, 9, 21, 31, 14, 26, 13
1460865153, 10, 69, 43, 45, 39, 36, 46, 54, 65, 70, 9, 21, 31, 15, 26, 12
1460865153, 21, 70, 43, 44, 38, 36, 47, 55, 67, 72, 9, 21, 31, 15, 26, 12
1460865153, 41, 71, 42, 41, 38, 36, 48, 57, 68, 73, 9, 22, 32, 13, 24, 12
1460865153, 73, 71, 41, 38, 37, 35, 48, 59, 69, 74, 10, 22, 32, 12, 23, 12
1460865153, 171, 72, 38, 37, 36, 35, 50, 59, 69, 75, 9, 21, 31, 12, 23, 12
1460865153, 142, 72, 36, 37, 36, 35, 51, 59, 69, 75, 9, 21, 31, 12, 23, 12
1460865153, 141, 72, 35, 36, 36, 35, 51, 59, 69, 75, 9, 21, 31, 12, 23, 12
1460865153, 213, 72, 35, 36, 36, 35, 51, 59, 69, 75, 9, 21, 31, 12, 23, 12
1460865153, 190, 72, 35, 36, 36, 34, 52, 59, 70, 76, 9, 21, 31, 12, 24, 12
1460865153, 170, 71, 35, 36, 36, 34, 52, 60, 70, 76, 9, 21, 31, 12, 24, 12
1460865153, 371, 71, 35, 36, 36, 34, 52, 60, 70, 76, 9, 21, 31, 12, 24, 12
1460865153, 363, 71, 35, 36, 36, 34, 52, 60, 71, 76, 9, 21, 31, 12, 24, 12
1460865153, 182, 71, 35, 36, 36, 34, 52, 60, 71, 76, 9, 21, 31, 12, 24, 13
1460865153, 214, 71, 35, 37, 35, 34, 52, 60, 71, 76, 9, 22, 32, 13, 24, 13
1460865153, 102, 72, 36, 37, 35, 34, 52, 61, 73, 78, 9, 22, 32, 13, 24, 13
1460865153, 146, 74, 37, 37, 35, 34, 54, 64, 76, 83, 10, 23, 32, 13, 24, 13
1460865153, 212, 77, 37, 37, 35, 34, 59, 70, 83, 90, 10, 23, 33, 13, 24, 13
1460865153, 93, 77, 38, 37, 35, 34, 61, 72, 85, 92, 10, 24, 33, 13, 24, 13
1460865153, 50, 77, 38, 37, 35, 34, 61, 72, 85, 92, 10, 24, 33, 13, 24, 13
1460865153, 68, 77, 38, 37, 35, 34, 62, 72, 85, 92, 10, 24, 33, 13, 24, 13
1460865153, 314, 77, 37, 37, 35, 34, 62, 73, 85, 93, 10, 23, 33, 13, 25, 13
1460865153, 661, 77, 37, 37, 35, 34, 62, 73, 85, 93, 10, 23, 33, 13, 25, 13
1460865153, 1070, 77, 37, 37, 35, 34, 62, 73, 85, 93, 10, 23, 33, 13, 25, 13
1460865153, 778, 77, 37, 37, 35, 34, 62, 73, 85, 93, 10, 22, 33, 13, 25, 13
1460865154, 322, 77, 37, 37, 36, 34, 62, 73, 85, 93, 10, 22, 33, 13, 25, 13
1460865154, 154, 77, 36, 37, 36, 34, 62, 73, 85, 93, 10, 22, 33, 13, 25, 13
1460865154, 101, 77, 36, 37, 36, 34, 62, 72, 85, 93, 10, 22, 33, 13, 25, 13
1460865154, 50, 77, 36, 37, 36, 34, 62, 72, 85, 93, 10, 22, 33, 13, 25, 13
1460865154, 18, 76, 36, 37, 36, 34, 61, 72, 84, 92, 10, 22, 33, 13, 25, 13
1460865154, 7, 75, 36, 37, 36, 34, 61, 71, 83, 91, 10, 22, 33, 13, 25, 13
1460865154, 12, 75, 36, 37, 36, 34, 61, 71, 83, 91, 10, 22, 33, 13, 25, 13
1460865154, 39, 75, 36, 37, 36, 34, 60, 71, 83, 91, 10, 22, 33, 13, 25, 13
1460865154, 30, 75, 36, 37, 36, 34, 60, 71, 83, 90, 10, 23, 33, 13, 25, 13
1460865154, 19, 75, 36, 37, 36, 34, 60, 71, 83, 90, 10, 22, 33, 13, 25, 13
1460865154, 13, 75, 36, 37, 36, 34, 60, 71, 83, 90, 10, 22, 33, 13, 25, 13
1460865154, 24, 75, 36, 37, 36, 34, 60, 71, 83, 90, 10, 22, 33, 13, 25, 13
1460865154, 100, 75, 36, 37, 36, 34, 60, 71, 83, 90, 10, 22, 33, 13, 25, 13
1460865154, 119, 75, 36, 37, 36, 34, 60, 71, 83, 90, 10, 22, 32, 13, 25, 13
1460865154, 193, 75, 36, 37, 36, 34, 60, 71, 83, 90, 10, 22, 32, 13, 25, 13
1460865154, 224, 75, 36, 37, 36, 34, 60, 71, 83, 90, 10, 22, 32, 13, 25, 13
1460865154, 182, 75, 36, 37, 36, 34, 60, 71, 83, 90, 10, 22, 32, 13, 25, 13
1460865154, 60, 75, 36, 37, 36, 34, 60, 71, 83, 90, 10, 22, 32, 13, 25, 13
1460865154, 66, 75, 36, 38, 36, 34, 60, 71, 83, 90, 10, 22, 32, 13, 25, 13
1460865154, 33, 75, 36, 38, 36, 34, 60, 71, 83, 90, 10, 22, 32, 13, 25, 13
1460865154, 51, 75, 36, 38, 36, 34, 60, 71, 83, 90, 10, 22, 32, 13, 25, 13
1460865154, 71, 75, 36, 38, 36, 34, 61, 71, 83, 90, 10, 22, 32, 13, 25, 13
1460865154, 44, 75, 35, 38, 36, 34, 61, 71, 83, 91, 10, 22, 32, 13, 25, 13
1460865155, 127, 75, 35, 38, 36, 34, 61, 71, 83, 91, 10, 22, 32, 13, 25, 13
1460865155, 349, 78, 35, 38, 36, 34, 64, 74, 86, 94, 10, 22, 32, 13, 25, 13
1460865155, 276, 79, 35, 38, 36, 34, 66, 77, 89, 97, 10, 22, 32, 13, 25, 13
1460865155, 106, 78, 35, 38, 36, 34, 68, 78, 90, 98, 10, 22, 32, 13, 25, 13
1460865155, 42, 78, 34, 38, 36, 34, 68, 78, 90, 98, 10, 22, 32, 13, 25, 13
1460865155, 17, 78, 34, 37, 36, 34, 69, 79, 91, 99, 10, 22, 32, 13, 25, 13
1460865155, 39, 81, 34, 37, 35, 34, 71, 81, 93, 102, 10, 22, 32, 13, 25, 13
1460865155, 35, 85, 34, 37, 35, 34, 74, 83, 96, 105, 10, 22, 33, 14, 25, 13
1460865155, 36, 84, 34, 37, 35, 34, 71, 81, 94, 103, 10, 22, 33, 14, 25, 13
1460865155, 46, 83, 34, 36, 35, 34, 71, 80, 93, 102, 10, 22, 33, 13, 25, 13
1460865155, 188, 83, 34, 36, 35, 34, 70, 80, 93, 102, 10, 22, 33, 13, 25, 13
1460865155, 345, 79, 42, 44, 42, 39, 53, 63, 76, 82, 10, 23, 31, 13, 25, 14
1460865155, 480, 77, 47, 50, 44, 39, 45, 54, 69, 76, 10, 24, 34, 16, 29, 15
1460865155, 781, 76, 48, 51, 46, 40, 43, 51, 64, 74, 9, 21, 34, 14, 29, 16
1460865155, 656, 74, 48, 51, 47, 40, 42, 50, 61, 71, 9, 21, 33, 13, 29, 16
1460865155, 278, 72, 49, 51, 48, 41, 39, 48, 55, 64, 10, 20, 32, 12, 27, 16
1460865155, 54, 72, 49, 51, 48, 41, 39, 47, 55, 63, 10, 20, 32, 12, 27, 15
1460865155, 22, 72, 49, 51, 48, 41, 39, 47, 55, 63, 10, 20, 32, 12, 27, 15
1460865155, 30, 72, 49, 51, 48, 41, 39, 48, 55, 63, 10, 20, 32, 12, 27, 15
1460865155, 34, 72, 49, 51, 48, 41, 39, 48, 56, 63, 10, 20, 32, 12, 27, 15
1460865155, 17, 72, 49, 51, 48, 41, 39, 48, 57, 63, 10, 21, 32, 13, 27, 15
1460865155, 4, 71, 49, 51, 48, 41, 39, 48, 57, 63, 10, 21, 32, 12, 26, 15
1460865155, 6, 71, 49, 50, 48, 41, 40, 49, 56, 62, 10, 20, 32, 12, 26, 15
1460865156, 18, 70, 48, 50, 47, 41, 40, 48, 57, 62, 10, 20, 32, 12, 26, 15
1460865156, 58, 67, 48, 50, 47, 41, 37, 45, 53, 58, 9, 20, 32, 12, 26, 15
1460865156, 110, 64, 48, 50, 47, 41, 34, 41, 49, 53, 9, 21, 31, 12, 26, 15
1460865156, 135, 62, 47, 50, 47, 41, 33, 39, 47, 51, 9, 20, 31, 13, 26, 15
1460865156, 207, 60, 47, 50, 47, 41, 32, 38, 45, 49, 9, 20, 31, 12, 26, 15
1460865156, 178, 58, 47, 50, 47, 41, 31, 36, 43, 47, 9, 20, 31, 12, 26, 15
1460865156, 168, 57, 46, 49, 47, 41, 31, 36, 42, 45, 9, 20, 30, 12, 26, 15
1460865156, 240, 56, 46, 49, 47, 41, 30, 35, 42, 45, 9, 20, 31, 12, 25, 15
1460865156, 171, 56, 47, 49, 47, 41, 29, 34, 41, 44, 9, 20, 31, 12, 26, 15
1460865156, 150, 55, 47, 49, 47, 41, 28, 34, 41, 45, 9, 20, 31, 12, 26, 15
1460865156, 124, 57, 46, 49, 47, 41, 29, 36, 43, 47, 9, 20, 31, 12, 26, 15
1460865156, 82, 57, 47, 49, 47, 41, 29, 36, 44, 48, 9, 20, 31, 12, 26, 15
1460865156, 64, 58, 47, 49, 47, 41, 29, 36, 44, 49, 9, 20, 31, 12, 26, 15
1460865156, 43, 58, 47, 49, 47, 41, 30, 37, 45, 49, 9, 20, 31, 12, 26, 15
1460865156, 17, 59, 47, 50, 47, 41, 30, 37, 45, 49, 9, 20, 31, 12, 26, 15
1460865156, 14, 59, 47, 50, 47, 41, 30, 37, 45, 49, 9, 20, 31, 12, 26, 15
1460865156, 33, 59, 47, 49, 47, 41, 31, 37, 45, 49, 9, 20, 31, 12, 26, 15
1460865156, 18, 60, 47, 49, 47, 41, 31, 37, 44, 48, 9, 20, 31, 12, 26, 15
1460865156, 27, 61, 47, 50, 47, 41, 33, 39, 46, 50, 9, 20, 31, 12, 26, 15
1460865156, 35, 63, 47, 50, 47, 41, 35, 41, 48, 53, 9, 19, 31, 12, 26, 15
1460865156, 50, 63, 47, 50, 47, 41, 35, 41, 48, 54, 9, 19, 31, 12, 26, 15
1460865156, 40, 63, 47, 50, 47, 41, 35, 41, 48, 53, 9, 19, 31, 12, 26, 15
1460865156, 23, 63, 47, 49, 47, 40, 35, 40, 48, 53, 9, 19, 31, 12, 26, 15
1460865156, 18, 63, 46, 49, 47, 40, 35, 40, 47, 52, 9, 19, 31, 12, 26, 15
1460865157, 168, 63, 46, 49, 46, 40, 36, 41, 48, 52, 9, 19, 30, 12, 25, 14
1460865157, 425, 62, 46, 49, 46, 40, 36, 40, 47, 51, 9, 19, 30, 12, 25, 14
1460865157, 661, 62, 46, 49, 46, 40, 36, 40, 47, 52, 9, 19, 30, 12, 26, 14
1460865157, 490, 60, 46, 49, 46, 40, 35, 40, 47, 51, 9, 19, 30, 12, 25, 14
1460865157, 212, 59, 45, 49, 46, 40, 35, 40, 47, 50, 9, 19, 30, 12, 25, 14
1460865157, 69, 58, 45, 48, 46, 40, 36, 41, 47, 50, 9, 19, 30, 12, 25, 14
1460865157, 27, 58, 44, 48, 46, 40, 36, 41, 48, 50, 9, 19, 30, 12, 25, 14
1460865157, 9, 58, 44, 47, 45, 40, 36, 42, 48, 50, 9, 19, 30, 12, 24, 14
1460865157, 6, 57, 44, 47, 45, 40, 36, 42, 48, 50, 9, 19, 30, 11, 24, 14
1460865157, 26, 57, 44, 46, 45, 40, 36, 42, 47, 49, 9, 20, 30, 11, 24, 14
1460865157, 14, 57, 44, 46, 45, 40, 36, 42, 47, 49, 9, 20, 29, 11, 24, 14
1460865157, 25, 56, 43, 46, 45, 39, 36, 41, 47, 48, 9, 20, 29, 11, 24, 14
1460865157, 38, 56, 43, 46, 45, 39, 36, 41, 47, 49, 9, 20, 30, 11, 24, 14
1460865157, 81, 56, 43, 46, 44, 39, 35, 41, 47, 50, 9, 20, 29, 11, 24, 14
1460865157, 134, 50, 43, 46, 44, 39, 28, 34, 42, 46, 9, 20, 30, 11, 24, 14
1460865157, 244, 50, 43, 46, 44, 39, 27, 34, 42, 47, 9, 20, 30, 11, 24, 14
1460865157, 177, 50, 43, 46, 44, 39, 27, 35, 44, 48, 9, 20, 30, 11, 24, 14
1460865157, 292, 51, 43, 46, 43, 39, 27, 36, 45, 51, 9, 20, 30, 12, 24, 13
1460865157, 79, 52, 43, 46, 42, 38, 27, 36, 46, 51, 9, 20, 30, 12, 24, 13
1460865157, 24, 52, 43, 45, 42, 38, 27, 36, 46, 51, 9, 20, 30, 12, 24, 13
1460865157, 70, 52, 43, 45, 42, 38, 27, 36, 46, 52, 9, 20, 30, 12, 24, 13
1460865157, 48, 52, 43, 45, 42, 38, 27, 36, 46, 52, 9, 20, 30, 12, 24, 13
1460865157, 393, 53, 43, 45, 42, 38, 28, 37, 48, 54, 9, 20, 30, 13, 24, 13
1460865158, 117, 54, 43, 45, 42, 38, 29, 38, 49, 55, 9, 21, 30, 13, 24, 13
1460865158, 34, 56, 43, 45, 42, 38, 30, 39, 50, 57, 9, 21, 30, 13, 25, 13
1460865158, 66, 57, 43, 45, 42, 38, 31, 40, 51, 58, 9, 21, 30, 13, 25, 13
1460865158, 71, 57, 43, 45, 42, 37, 31, 40, 51, 58, 9, 21, 31, 13, 25, 13
1460865158, 48, 57, 43, 45, 42, 37, 31, 40, 51, 58, 9, 21, 31, 13, 25, 13
1460865158, 173, 57, 43, 45, 42, 37, 33, 42, 53, 60, 9, 21, 31, 13, 25, 13
1460865158, 31, 58, 43, 45, 42, 37, 33, 42, 54, 61, 9, 21, 31, 13, 25, 13
1460865158, 25, 58, 42, 45, 42, 37, 33, 43, 54, 61, 9, 21, 31, 13, 25, 14
1460865158, 138, 58, 42, 44, 42, 37, 33, 43, 55, 61, 10, 22, 31, 13, 25, 14
1460865158, 85, 59, 42, 44, 42, 37, 42, 53, 64, 71, 10, 22, 31, 13, 25, 14
1460865158, 30, 59, 42, 44, 42, 37, 43, 53, 64, 71, 10, 22, 31, 13, 25, 14
1460865158, 352, 57, 42, 44, 42, 37, 44, 54, 65, 71, 10, 22, 32, 13, 25, 14
1460865158, 186, 55, 42, 44, 42, 37, 45, 56, 66, 72, 10, 22, 32, 13, 25, 14
1460865158, 213, 55, 42, 44, 42, 37, 46, 56, 66, 72, 10, 22, 32, 13, 25, 14
1460865158, 91, 54, 42, 44, 42, 37, 46, 56, 66, 72, 10, 22, 32, 13, 25, 14
1460865158, 737, 54, 42, 44, 41, 37, 46, 56, 66, 72, 10, 22, 32, 13, 25, 14
1460865158, 618, 54, 42, 44, 41, 37, 46, 56, 66, 72, 10, 22, 32, 13, 25, 14
1460865158, 315, 54, 42, 44, 41, 37, 46, 56, 66, 72, 10, 22, 32, 13, 25, 13
1460865158, 148, 54, 42, 44, 41, 37, 46, 56, 66, 72, 10, 22, 32, 13, 24, 13
1460865158, 120, 63, 38, 42, 38, 33, 45, 52, 64, 71, 8, 20, 32, 14, 28, 14
1460865158, 42, 64, 38, 41, 38, 33, 45, 52, 63, 71, 8, 20, 32, 13, 27, 15
1460865158, 31, 64, 38, 41, 38, 33, 45, 52, 63, 71, 8, 19, 31, 13, 27, 15
1460865158, 39, 64, 38, 40, 37, 33, 45, 52, 63, 71, 8, 19, 31, 12, 26, 14
1460865158, 39, 64, 37, 40, 37, 33, 45, 53, 64, 71, 8, 19, 31, 12, 26, 14
1460865159, 65, 64, 37, 39, 37, 34, 46, 53, 64, 71, 8, 19, 31, 12, 26, 14
1460865159, 54, 64, 37, 39, 37, 34, 46, 53, 64, 71, 8, 19, 31, 12, 26, 14
1460865159, 62, 64, 37, 39, 37, 34, 46, 53, 64, 72, 8, 19, 32, 12, 26, 15
1460865159, 64, 64, 37, 39, 37, 34, 46, 53, 63, 72, 8, 19, 32, 12, 26, 15
1460865159, 432, 59, 37, 39, 37, 34, 40, 44, 50, 54, 8, 19, 32, 12, 26, 15
1460865159, 249, 56, 37, 39, 37, 34, 45, 45, 43, 39, 8, 19, 32, 12, 26, 15
1460865159, 170, 56, 37, 38, 37, 34, 47, 45, 42, 37, 8, 19, 31, 12, 26, 15
1460865159, 96, 56, 37, 38, 37, 34, 47, 45, 41, 36, 8, 19, 31, 12, 26, 15
1460865159, 80, 55, 37, 38, 37, 34, 47, 45, 41, 36, 8, 19, 31, 12, 26, 14
1460865159, 31, 55, 37, 38, 37, 34, 47, 45, 41, 36, 8, 19, 31, 12, 26, 14
1460865159, 38, 55, 37, 38, 36, 34, 45, 45, 41, 37, 8, 19, 31, 12, 26, 14
1460865159, 17, 55, 37, 38, 36, 34, 45, 45, 42, 38, 8, 19, 31, 12, 26, 14
1460865159, 13, 55, 37, 38, 36, 34, 45, 44, 42, 38, 8, 19, 31, 12, 26, 14
1460865159, 48, 55, 36, 38, 36, 34, 45, 44, 42, 38, 8, 19, 31, 12, 26, 14
1460865159, 23, 55, 36, 38, 36, 34, 45, 44, 42, 38, 8, 19, 31, 12, 26, 14
1460865159, 8, 55, 36, 38, 36, 34, 45, 44, 43, 38, 8, 19, 31, 12, 26, 14
1460865159, 14, 55, 36, 38, 36, 34, 45, 45, 43, 37, 8, 20, 31, 12, 26, 14
1460865159, 18, 55, 36, 38, 36, 34, 46, 45, 43, 37, 8, 20, 31, 12, 26, 14
1460865159, 32, 55, 36, 38, 36, 34, 46, 45, 43, 37, 8, 20, 31, 13, 26, 14
1460865159, 14, 55, 36, 38, 36, 34, 46, 45, 43, 37, 8, 20, 31, 13, 26, 14
1460865159, 45, 55, 36, 38, 36, 34, 46, 45, 43, 37, 8, 20, 31, 13, 26, 14
1460865159, 53, 55, 36, 38, 36, 34, 46, 45, 43, 37, 8, 20, 31, 13, 26, 14
1460865159, 49, 55, 36, 38, 36, 34, 45, 45, 43, 37, 8, 20, 31, 13, 26, 14
1460865160, 32, 55, 36, 38, 36, 34, 45, 45, 43, 37, 8, 20, 31, 13, 26, 14
1460865160, 101, 55, 36, 38, 36, 34, 45, 45, 44, 37, 8, 20, 31, 13, 26, 14
1460865160, 297, 55, 36, 38, 36, 34, 45, 45, 43, 37, 8, 20, 31, 13, 26, 14
1460865160, 683, 55, 36, 38, 36, 34, 45, 45, 43, 37, 8, 20, 31, 12, 26, 14
1460865160, 513, 54, 36, 38, 36, 34, 38, 42, 46, 47, 8, 19, 31, 12, 26, 14
1460865160, 147, 55, 36, 38, 37, 34, 37, 42, 47, 51, 8, 19, 31, 12, 26, 14
1460865160, 43, 56, 36, 39, 37, 34, 36, 41, 48, 53, 8, 19, 31, 12, 26, 14
1460865160, 43, 58, 36, 39, 37, 35, 36, 41, 46, 51, 8, 19, 31, 12, 26, 14
1460865160, 20, 58, 36, 39, 37, 35, 36, 41, 46, 51, 8, 19, 31, 12, 26, 14
1460865160, 22, 61, 36, 39, 37, 35, 39, 44, 50, 56, 8, 19, 31, 12, 26, 14
1460865160, 33, 61, 36, 39, 37, 35, 38, 43, 49, 54, 8, 19, 31, 12, 26, 14
1460865160, 40, 59, 36, 39, 37, 35, 37, 42, 47, 52, 8, 19, 30, 12, 26, 14
1460865160, 30, 59, 36, 39, 37, 35, 37, 41, 46, 50, 8, 18, 30, 11, 25, 14
1460865160, 28, 58, 36, 39, 37, 35, 37, 41, 44, 48, 8, 18, 30, 11, 25, 14
1460865160, 138, 57, 36, 39, 38, 35, 36, 39, 42, 45, 8, 18, 30, 11, 25, 14
1460865160, 159, 56, 36, 39, 38, 35, 36, 38, 40, 42, 8, 18, 30, 11, 25, 14
1460865160, 148, 55, 36, 40, 38, 35, 37, 38, 39, 40, 8, 18, 30, 11, 25, 14
1460865160, 112, 55, 36, 40, 38, 35, 37, 38, 39, 39, 8, 19, 30, 12, 25, 14
1460865160, 281, 55, 36, 40, 38, 35, 39, 39, 39, 37, 8, 19, 30, 12, 25, 14
1460865160, 191, 55, 36, 40, 38, 35, 40, 39, 39, 36, 8, 19, 30, 12, 25, 14
1460865160, 281, 55, 36, 40, 38, 35, 36, 39, 43, 44, 8, 19, 30, 12, 25, 14
1460865160, 258, 55, 36, 40, 38, 35, 36, 39, 43, 45, 8, 19, 30, 12, 25, 14
1460865160, 167, 55, 36, 40, 38, 35, 38, 38, 40, 38, 8, 19, 30, 12, 25, 14
1460865160, 131, 55, 36, 40, 38, 35, 40, 39, 38, 35, 8, 19, 30, 12, 25, 14
1460865161, 68, 55, 36, 40, 38, 35, 40, 39, 37, 33, 8, 19, 30, 12, 25, 14
1460865161, 98, 55, 36, 40, 38, 35, 41, 39, 37, 32, 8, 19, 30, 12, 25, 14
1460865161, 29, 55, 36, 40, 38, 35, 41, 39, 37, 32, 8, 19, 30, 12, 25, 14
1460865161, 15, 55, 36, 40, 38, 35, 41, 39, 37, 32, 8, 19, 30, 12, 25, 14
1460865161, 21, 55, 36, 40, 38, 35, 41, 39, 37, 32, 8, 19, 30, 12, 25, 14
1460865161, 13, 55, 36, 40, 38, 35, 41, 39, 37, 32, 8, 19, 30, 12, 25, 14
1460865161, 66, 55, 36, 40, 38, 35, 41, 39, 37, 32, 8, 19, 30, 12, 25, 14
1460865161, 61, 55, 36, 40, 38, 35, 41, 39, 37, 32, 8, 19, 30, 12, 25, 14
1460865161, 64, 55, 36, 40, 38, 35, 41, 39, 37, 32, 8, 19, 30, 12, 25, 14
1460865161, 67, 55, 36, 40, 38, 35, 43, 41, 37, 32, 8, 19, 30, 12, 25, 14
1460865161, 22, 56, 36, 40, 38, 35, 43, 41, 38, 32, 8, 19, 30, 12, 25, 14
1460865161, 35, 56, 36, 40, 38, 35, 43, 41, 38, 32, 8, 19, 30, 12, 25, 14
1460865161, 367, 56, 36, 40, 38, 35, 43, 41, 38, 32, 8, 19, 30, 12, 25, 14
1460865161, 783, 56, 36, 40, 38, 35, 43, 41, 38, 32, 8, 19, 29, 12, 25, 14
1460865161, 870, 56, 36, 40, 38, 35, 44, 42, 38, 32, 8, 19, 29, 12, 25, 14
1460865161, 424, 57, 36, 40, 38, 35, 44, 42, 38, 32, 8, 19, 29, 12, 25, 14
1460865161, 130, 57, 36, 40, 38, 35, 44, 42, 38, 33, 8, 19, 29, 12, 25, 14
1460865161, 50, 57, 36, 40, 38, 35, 44, 42, 38, 33, 8, 19, 29, 12, 25, 14
1460865161, 54, 57, 36, 40, 38, 35, 44, 41, 38, 34, 8, 19, 29, 12, 25, 14
1460865161, 57, 57, 36, 40, 38, 35, 44, 42, 38, 33, 9, 19, 29, 12, 25, 14
1460865161, 17, 58, 36, 40, 38, 35, 45, 43, 38, 33, 9, 19, 29, 12, 25, 14
1460865161, 7, 58, 36, 40, 38, 35, 46, 43, 38, 33, 9, 19, 29, 12, 25, 14
1460865161, 113, 58, 36, 40, 38, 35, 46, 43, 39, 33, 9, 19, 29, 12, 25, 14
1460865162, 142, 58, 36, 40, 38, 35, 46, 43, 39, 34, 9, 19, 29, 12, 25, 14
1460865162, 119, 58, 36, 40, 38, 35, 46, 44, 40, 34, 9, 19, 29, 12, 24, 14
1460865162, 125, 58, 36, 40, 38, 35, 45, 44, 40, 35, 9, 19, 29, 12, 24, 13
1460865162, 231, 58, 36, 40, 38, 34, 45, 44, 40, 35, 9, 19, 29, 12, 24, 14
1460865162, 148, 58, 36, 40, 38, 34, 39, 41, 44, 44, 9, 19, 29, 12, 24, 14
1460865162, 204, 58, 36, 40, 38, 34, 39, 43, 47, 49, 9, 19, 29, 12, 25, 14
1460865162, 303, 58, 36, 40, 38, 34, 39, 42, 47, 50, 9, 19, 30, 12, 25, 14
1460865162, 301, 55, 36, 39, 38, 34, 39, 44, 49, 51, 9, 19, 30, 12, 25, 14
1460865162, 241, 52, 36, 38, 37, 34, 39, 46, 52, 54, 9, 20, 30, 12, 24, 14
1460865162, 174, 50, 36, 38, 37, 34, 40, 47, 53, 54, 9, 19, 30, 12, 24, 13
1460865162, 186, 48, 36, 38, 37, 34, 43, 51, 58, 60, 8, 20, 30, 12, 24, 13
1460865162, 124, 46, 36, 38, 37, 34, 54, 62, 69, 71, 8, 20, 30, 12, 24, 13
1460865162, 109, 49, 36, 38, 37, 34, 70, 77, 81, 82, 8, 20, 30, 12, 24, 13
1460865162, 37, 50, 36, 38, 37, 34, 72, 78, 83, 83, 8, 20, 30, 12, 24, 13
1460865162, 21, 58, 36, 38, 37, 34, 78, 85, 90, 91, 8, 20, 30, 12, 24, 13
1460865162, 12, 61, 36, 38, 37, 34, 80, 87, 92, 94, 8, 20, 30, 12, 25, 13
1460865162, 22, 60, 36, 38, 37, 34, 80, 87, 92, 93, 8, 20, 30, 12, 25, 13
1460865162, 18, 60, 36, 38, 37, 34, 80, 87, 92, 93, 8, 20, 30, 12, 25, 13
1460865162, 24, 59, 35, 38, 37, 34, 79, 86, 91, 92, 8, 20, 30, 12, 24, 13
1460865162, 39, 59, 35, 38, 37, 34, 79, 85, 90, 92, 8, 20, 30, 12, 24, 13
1460865162, 46, 58, 35, 38, 37, 34, 78, 85, 90, 91, 8, 20, 30, 12, 24, 13
1460865162, 43, 58, 35, 38, 37, 34, 78, 85, 90, 91, 8, 20, 30, 12, 24, 13
1460865162, 21, 58, 35, 38, 37, 34, 78, 85, 89, 91, 8, 20, 30, 12, 24, 13
1460865163, 291, 59, 35, 38, 37, 34, 77, 84, 90, 92, 8, 20, 30, 12, 24, 13
1460865163, 988, 63, 42, 44, 42, 42, 57, 68, 77, 77, 10, 22, 28, 12, 24, 18
1460865163, 435, 64, 47, 43, 43, 51, 35, 47, 56, 43, 13, 25, 33, 12, 33, 30
1460865163, 388, 60, 48, 42, 41, 51, 35, 42, 45, 17, 15, 27, 34, 13, 34, 32
1460865163, 125, 60, 48, 41, 40, 51, 43, 44, 42, 9, 16, 28, 34, 13, 35, 33
1460865163, 61, 59, 48, 41, 39, 52, 44, 44, 42, 10, 16, 29, 34, 13, 35, 34
1460865163, 29, 59, 49, 41, 39, 52, 45, 45, 41, 11, 16, 29, 34, 13, 35, 34
1460865163, 9, 58, 49, 40, 39, 52, 46, 45, 40, 12, 16, 29, 34, 13, 35, 34
1460865163, 9, 58, 49, 40, 39, 52, 47, 46, 41, 12, 17, 29, 34, 13, 35, 34
1460865163, 22, 57, 49, 40, 39, 52, 46, 46, 41, 12, 17, 29, 34, 13, 35, 34
1460865163, 31, 57, 49, 40, 39, 52, 46, 46, 42, 11, 17, 29, 34, 13, 35, 34
1460865163, 123, 57, 49, 40, 38, 52, 46, 45, 42, 11, 17, 29, 34, 13, 35, 34
1460865163, 240, 57, 49, 40, 38, 52, 46, 45, 42, 11, 17, 29, 34, 13, 35, 34
1460865163, 252, 56, 49, 40, 38, 52, 43, 44, 42, 9, 17, 29, 34, 13, 35, 34
1460865163, 178, 56, 49, 40, 38, 52, 44, 45, 42, 9, 17, 29, 35, 13, 36, 34
1460865163, 149, 56, 49, 40, 38, 52, 41, 45, 44, 11, 17, 29, 35, 13, 36, 34
1460865163, 104, 56, 49, 40, 38, 52, 41, 45, 44, 11, 17, 29, 35, 13, 36, 34
1460865163, 55, 56, 49, 39, 38, 52, 40, 45, 44, 11, 17, 29, 36, 13, 37, 34
1460865163, 86, 56, 49, 39, 38, 52, 40, 45, 44, 11, 17, 29, 36, 13, 37, 34
1460865163, 89, 56, 49, 39, 38, 52, 39, 45, 45, 13, 17, 28, 36, 13, 37, 34
1460865163, 65, 57, 49, 39, 38, 52, 39, 45, 46, 15, 17, 28, 36, 13, 37, 35
1460865163, 74, 57, 49, 39, 38, 50, 39, 45, 46, 17, 17, 28, 35, 13, 35, 32
1460865163, 224, 57, 49, 39, 38, 43, 39, 45, 46, 27, 17, 28, 31, 13, 26, 21
1460865163, 124, 57, 49, 39, 38, 36, 39, 45, 46, 40, 16, 29, 34, 13, 22, 12
1460865164, 120, 57, 49, 39, 38, 35, 39, 45, 46, 42, 16, 28, 36, 13, 23, 11
1460865164, 104, 57, 49, 39, 38, 35, 40, 45, 46, 43, 16, 28, 36, 13, 23, 11
1460865164, 74, 57, 49, 39, 38, 35, 39, 45, 46, 44, 16, 28, 37, 13, 23, 12
1460865164, 62, 58, 49, 39, 38, 35, 39, 45, 46, 45, 16, 28, 37, 13, 23, 12
1460865164, 35, 58, 49, 39, 39, 35, 39, 45, 47, 46, 16, 27, 37, 13, 23, 12
