1460863333, 1, 54, 57, 61, 55, 44, 11, 17, 27, 29, 8, 21, 29, 15, 26, 15
1460863334, 1, 54, 57, 61, 55, 44, 11, 17, 27, 29, 8, 21, 29, 15, 26, 15
1460863334, 1, 54, 57, 61, 56, 44, 11, 17, 26, 29, 8, 21, 29, 15, 26, 15
1460863334, 1, 54, 57, 61, 56, 44, 11, 17, 26, 29, 8, 21, 29, 15, 26, 15
1460863334, 1, 54, 57, 61, 56, 44, 11, 17, 26, 29, 8, 21, 29, 15, 26, 15
1460863334, 1, 54, 57, 61, 56, 44, 11, 17, 26, 28, 8, 21, 29, 15, 26, 15
1460863334, 1, 54, 57, 61, 56, 44, 11, 17, 26, 28, 8, 21, 29, 15, 26, 15
1460863334, 8, 54, 57, 61, 56, 44, 10, 16, 26, 28, 8, 21, 29, 15, 26, 15
1460863334, 8, 54, 57, 61, 56, 44, 10, 16, 26, 28, 8, 21, 29, 16, 27, 15
1460863334, 9, 54, 57, 61, 56, 44, 10, 16, 26, 28, 8, 21, 29, 15, 26, 15
1460863334, 7, 54, 57, 61, 56, 44, 10, 16, 26, 28, 8, 22, 29, 15, 26, 15
1460863334, 6, 54, 57, 61, 56, 44, 10, 16, 26, 28, 8, 22, 29, 15, 26, 15
1460863334, 5, 54, 57, 61, 56, 44, 10, 16, 26, 28, 8, 22, 29, 15, 26, 15
1460863334, 6, 54, 57, 61, 56, 44, 10, 16, 26, 28, 8, 22, 29, 15, 26, 15
1460863334, 9, 54, 57, 61, 56, 44, 10, 16, 26, 28, 8, 22, 29, 16, 26, 15
1460863334, 6, 55, 57, 61, 56, 44, 10, 16, 26, 28, 8, 22, 29, 15, 26, 15
1460863334, 8, 55, 57, 61, 56, 44, 10, 16, 26, 29, 9, 22, 29, 15, 26, 15
1460863334, 14, 55, 57, 61, 56, 44, 10, 17, 26, 29, 8, 22, 29, 15, 26, 15
1460863334, 7, 55, 57, 61, 56, 44, 10, 17, 26, 29, 8, 22, 29, 15, 26, 15
1460863334, 8, 55, 57, 61, 56, 44, 10, 17, 26, 29, 8, 21, 29, 15, 26, 15
1460863335, 8, 55, 57, 61, 56, 44, 11, 17, 27, 29, 8, 21, 29, 15, 26, 15
1460863335, 6, 55, 57, 61, 56, 44, 11, 17, 27, 29, 8, 21, 29, 15, 26, 15
1460863335, 14, 55, 57, 61, 56, 44, 11, 17, 27, 29, 8, 21, 29, 15, 26, 15
1460863335, 16, 55, 57, 61, 56, 44, 11, 17, 27, 29, 8, 21, 28, 15, 26, 15
1460863335, 10, 55, 57, 61, 56, 44, 11, 18, 27, 29, 8, 21, 28, 15, 26, 15
1460863335, 480, 55, 58, 62, 56, 44, 10, 15, 30, 31, 7, 24, 30, 20, 28, 15
1460863335, 240, 53, 97, 99, 39, 36, 77, 71, 36, 40, 35, 107, 109, 105, 103, 15
1460863335, 118, 53, 99, 103, 37, 35, 82, 83, 37, 40, 39, 111, 112, 114, 110, 15
1460863335, 34, 53, 99, 104, 37, 35, 81, 85, 38, 42, 41, 112, 114, 116, 112, 15
1460863335, 12, 53, 100, 105, 37, 35, 85, 89, 38, 43, 44, 115, 116, 117, 113, 15
1460863335, 30, 54, 101, 105, 36, 35, 88, 93, 38, 44, 46, 116, 117, 118, 113, 16
1460863335, 29, 55, 101, 105, 36, 35, 91, 96, 37, 44, 47, 117, 118, 119, 114, 16
1460863335, 10, 55, 101, 105, 36, 35, 93, 97, 36, 43, 47, 117, 118, 119, 114, 16
1460863335, 2, 55, 101, 105, 36, 35, 94, 98, 36, 42, 47, 117, 118, 119, 114, 16
1460863335, 1, 55, 101, 105, 36, 35, 95, 98, 36, 42, 47, 117, 118, 119, 114, 16
1460863335, 2, 56, 101, 105, 36, 35, 94, 99, 37, 43, 47, 117, 119, 120, 114, 16
1460863335, 3, 56, 101, 105, 36, 35, 95, 99, 37, 43, 47, 118, 119, 120, 115, 16
1460863335, 2, 56, 102, 105, 36, 35, 97, 100, 36, 42, 47, 118, 119, 120, 115, 16
1460863335, 4, 56, 102, 106, 36, 35, 98, 101, 35, 41, 47, 118, 119, 120, 115, 16
1460863336, 17, 56, 102, 106, 36, 35, 99, 101, 35, 41, 47, 119, 120, 121, 116, 16
1460863336, 68, 56, 102, 106, 36, 36, 99, 102, 34, 40, 47, 118, 120, 120, 116, 16
1460863336, 91, 56, 89, 90, 36, 36, 58, 53, 35, 42, 22, 87, 93, 85, 88, 16
1460863336, 316, 61, 71, 74, 36, 35, 9, 18, 47, 58, 12, 55, 65, 55, 64, 16
1460863336, 282, 61, 66, 69, 36, 35, 13, 21, 50, 61, 10, 47, 58, 47, 57, 16
1460863336, 95, 60, 63, 66, 36, 35, 12, 21, 49, 58, 10, 45, 55, 42, 52, 15
1460863336, 19, 59, 61, 63, 36, 35, 12, 20, 47, 54, 10, 42, 52, 39, 48, 15
1460863336, 26, 59, 60, 63, 36, 35, 13, 19, 46, 53, 9, 41, 50, 38, 48, 14
1460863336, 20, 59, 59, 62, 36, 34, 13, 18, 45, 52, 9, 40, 49, 38, 47, 14
1460863336, 13, 58, 59, 61, 36, 34, 13, 18, 44, 51, 9, 39, 49, 36, 46, 14
1460863336, 11, 58, 58, 61, 36, 34, 14, 18, 44, 50, 9, 39, 48, 36, 46, 14
1460863336, 5, 58, 58, 61, 36, 34, 14, 18, 43, 49, 9, 39, 48, 36, 46, 14
1460863336, 5, 57, 58, 61, 36, 34, 14, 17, 43, 49, 9, 39, 48, 36, 45, 14
1460863336, 4, 57, 58, 61, 36, 34, 14, 17, 42, 48, 9, 38, 48, 36, 45, 13
1460863336, 5, 57, 57, 60, 36, 33, 14, 17, 42, 47, 8, 38, 47, 36, 45, 13
1460863336, 8, 57, 57, 60, 36, 33, 14, 17, 41, 47, 8, 38, 47, 36, 45, 13
1460863336, 10, 57, 57, 60, 36, 33, 14, 17, 41, 47, 8, 37, 47, 35, 45, 13
1460863336, 22, 57, 57, 60, 36, 33, 15, 17, 41, 46, 8, 37, 47, 35, 45, 13
1460863336, 18, 57, 56, 60, 37, 33, 15, 17, 41, 47, 8, 37, 46, 35, 44, 13
1460863337, 121, 58, 56, 60, 37, 33, 13, 17, 44, 50, 8, 37, 45, 35, 44, 13
1460863337, 204, 82, 98, 99, 95, 89, 68, 90, 108, 131, 28, 59, 99, 32, 75, 45
1460863337, 275, 93, 102, 107, 102, 96, 100, 129, 155, 174, 34, 77, 121, 47, 98, 55
1460863337, 129, 94, 102, 107, 102, 96, 104, 133, 157, 179, 34, 75, 124, 44, 101, 60
1460863337, 51, 94, 103, 107, 102, 97, 104, 133, 156, 180, 35, 74, 125, 42, 102, 63
1460863337, 22, 94, 103, 108, 102, 97, 103, 133, 156, 180, 36, 74, 127, 42, 102, 64
1460863337, 7, 93, 103, 108, 102, 97, 103, 133, 155, 180, 36, 74, 127, 42, 103, 64
1460863337, 3, 93, 103, 108, 102, 97, 102, 133, 155, 180, 36, 74, 128, 42, 103, 64
1460863337, 6, 93, 103, 108, 102, 97, 102, 133, 155, 180, 36, 75, 128, 42, 103, 65
1460863337, 8, 93, 103, 108, 102, 97, 102, 132, 155, 180, 36, 75, 128, 42, 103, 65
1460863337, 7, 93, 104, 108, 102, 97, 102, 132, 155, 180, 37, 75, 129, 42, 103, 65
1460863337, 5, 93, 104, 108, 102, 97, 101, 132, 155, 180, 37, 76, 129, 42, 104, 65
1460863337, 6, 93, 104, 108, 102, 97, 101, 132, 155, 180, 37, 76, 130, 42, 104, 65
1460863337, 16, 93, 104, 108, 102, 97, 101, 132, 155, 180, 37, 76, 130, 42, 104, 65
1460863337, 136, 91, 104, 108, 102, 96, 97, 127, 149, 175, 37, 74, 129, 41, 103, 64
1460863337, 341, 83, 88, 92, 85, 88, 58, 83, 91, 126, 27, 44, 90, 26, 72, 47
1460863337, 195, 76, 74, 82, 77, 72, 28, 49, 64, 83, 21, 37, 60, 21, 49, 28
1460863337, 303, 69, 76, 78, 71, 60, 24, 28, 37, 53, 16, 36, 53, 21, 41, 21
1460863337, 77, 67, 72, 74, 67, 57, 10, 17, 30, 45, 13, 30, 46, 18, 37, 20
1460863337, 33, 65, 70, 73, 66, 56, 6, 13, 26, 41, 12, 28, 44, 18, 36, 19
1460863338, 37, 64, 68, 71, 64, 54, 4, 11, 24, 38, 11, 28, 42, 19, 35, 18
1460863338, 34, 64, 67, 70, 63, 53, 4, 9, 24, 36, 11, 27, 41, 18, 34, 18
1460863338, 13, 63, 66, 69, 63, 53, 5, 9, 24, 35, 11, 27, 40, 18, 33, 18
1460863338, 16, 63, 65, 68, 63, 53, 5, 9, 23, 35, 11, 27, 39, 17, 32, 17
1460863338, 24, 62, 64, 67, 63, 53, 6, 8, 22, 33, 11, 26, 39, 17, 32, 17
1460863338, 21, 62, 64, 67, 63, 52, 6, 7, 21, 33, 11, 26, 38, 17, 32, 17
1460863338, 16, 62, 64, 67, 63, 52, 6, 7, 21, 32, 11, 26, 38, 17, 31, 17
1460863338, 18, 62, 64, 66, 63, 52, 7, 7, 20, 31, 11, 26, 38, 16, 31, 17
1460863338, 16, 61, 64, 66, 62, 52, 8, 9, 20, 30, 12, 26, 38, 15, 30, 17
1460863338, 25, 61, 63, 66, 62, 52, 8, 11, 19, 30, 13, 26, 37, 15, 30, 17
1460863338, 44, 61, 62, 67, 62, 52, 10, 12, 20, 29, 11, 24, 35, 15, 30, 17
1460863338, 45, 61, 62, 67, 62, 51, 10, 12, 19, 28, 11, 23, 35, 15, 30, 16
1460863338, 258, 61, 62, 67, 61, 51, 10, 12, 20, 28, 10, 23, 34, 16, 30, 16
1460863338, 581, 60, 63, 67, 61, 50, 10, 13, 21, 28, 10, 23, 34, 16, 29, 16
1460863338, 362, 60, 62, 66, 60, 49, 11, 15, 22, 28, 10, 23, 33, 15, 28, 16
1460863338, 114, 59, 62, 66, 60, 49, 11, 15, 23, 27, 10, 23, 32, 15, 28, 16
1460863338, 75, 58, 62, 65, 60, 48, 13, 17, 23, 26, 10, 23, 31, 15, 27, 15
1460863338, 31, 57, 62, 65, 59, 48, 14, 18, 23, 24, 10, 23, 31, 15, 27, 15
1460863338, 6, 57, 61, 65, 59, 47, 15, 18, 23, 24, 9, 22, 30, 15, 27, 15
1460863339, 3, 57, 61, 65, 59, 47, 15, 18, 24, 25, 9, 22, 29, 16, 27, 15
1460863339, 3, 57, 61, 65, 59, 47, 16, 18, 24, 25, 9, 22, 29, 16, 27, 15
1460863339, 51, 57, 60, 64, 59, 47, 16, 18, 24, 25, 9, 22, 29, 15, 26, 15
1460863339, 123, 57, 60, 64, 59, 47, 16, 18, 25, 25, 9, 22, 29, 16, 26, 15
1460863339, 165, 57, 59, 63, 59, 46, 16, 18, 26, 26, 9, 22, 29, 15, 26, 15
1460863339, 155, 57, 59, 63, 58, 46, 17, 19, 26, 26, 9, 22, 28, 15, 25, 15
1460863339, 173, 57, 58, 62, 58, 46, 18, 20, 27, 26, 9, 21, 28, 14, 24, 15
1460863339, 160, 57, 58, 62, 58, 46, 18, 20, 27, 26, 9, 21, 28, 14, 24, 15
1460863339, 105, 57, 57, 61, 58, 46, 18, 21, 28, 26, 9, 21, 27, 14, 24, 15
1460863339, 66, 57, 57, 61, 58, 46, 18, 21, 28, 26, 9, 21, 27, 14, 24, 15
1460863339, 57, 57, 57, 61, 58, 46, 18, 21, 27, 27, 9, 21, 27, 13, 24, 15
1460863339, 16, 57, 57, 61, 58, 46, 18, 20, 28, 27, 9, 21, 27, 14, 24, 15
1460863339, 14, 57, 57, 60, 59, 46, 18, 20, 27, 27, 8, 21, 27, 14, 24, 15
1460863339, 16, 57, 57, 60, 59, 46, 18, 19, 27, 26, 8, 21, 27, 14, 24, 15
1460863339, 11, 57, 57, 60, 59, 46, 18, 19, 27, 26, 8, 21, 27, 14, 23, 15
1460863339, 8, 57, 57, 60, 59, 46, 18, 19, 27, 26, 8, 21, 27, 14, 23, 15
1460863339, 8, 57, 57, 60, 59, 46, 18, 19, 27, 26, 8, 21, 27, 14, 23, 15
1460863339, 9, 57, 57, 60, 59, 46, 18, 19, 26, 26, 8, 21, 27, 14, 23, 15
1460863339, 8, 57, 57, 60, 59, 46, 18, 19, 26, 26, 8, 21, 27, 14, 23, 15
1460863340, 10, 57, 56, 60, 59, 46, 18, 19, 26, 26, 8, 21, 27, 13, 23, 15
1460863340, 4, 57, 56, 60, 59, 46, 18, 19, 26, 26, 8, 21, 27, 13, 23, 15
1460863340, 62, 57, 56, 60, 59, 46, 17, 17, 26, 26, 8, 21, 27, 15, 24, 15
1460863340, 665, 57, 59, 61, 59, 46, 16, 15, 27, 26, 9, 28, 32, 19, 26, 15
1460863340, 280, 51, 99, 99, 38, 37, 83, 76, 35, 36, 37, 111, 113, 108, 105, 12
1460863340, 189, 50, 99, 102, 37, 36, 86, 85, 34, 34, 42, 112, 113, 114, 110, 14
1460863340, 36, 50, 99, 104, 36, 36, 86, 88, 34, 36, 44, 113, 114, 116, 112, 15
1460863340, 14, 50, 100, 104, 36, 35, 88, 90, 35, 36, 46, 114, 115, 118, 113, 15
1460863340, 11, 50, 100, 105, 36, 35, 89, 90, 34, 35, 46, 114, 116, 118, 113, 15
1460863340, 6, 50, 100, 105, 36, 35, 89, 90, 35, 35, 46, 115, 116, 119, 114, 15
1460863340, 9, 50, 100, 105, 36, 35, 89, 90, 35, 35, 46, 115, 116, 119, 114, 15
1460863340, 10, 50, 101, 105, 36, 35, 89, 90, 35, 35, 47, 115, 116, 119, 114, 15
1460863340, 16, 49, 101, 105, 36, 35, 91, 91, 33, 34, 47, 115, 117, 118, 114, 15
1460863340, 105, 50, 101, 105, 36, 35, 91, 90, 33, 35, 47, 115, 117, 118, 114, 15
1460863340, 113, 53, 101, 93, 37, 35, 77, 49, 41, 48, 50, 113, 116, 88, 91, 15
1460863340, 300, 58, 77, 76, 37, 35, 19, 23, 47, 57, 14, 65, 74, 60, 67, 15
1460863340, 181, 59, 73, 74, 37, 35, 13, 20, 50, 58, 12, 61, 69, 58, 65, 15
1460863340, 97, 57, 70, 72, 36, 35, 13, 18, 48, 56, 11, 58, 66, 55, 63, 15
1460863340, 69, 54, 59, 63, 37, 35, 15, 19, 45, 52, 10, 43, 53, 42, 52, 14
1460863341, 40, 53, 58, 60, 37, 35, 17, 22, 46, 52, 10, 41, 52, 38, 48, 14
1460863341, 42, 52, 57, 60, 37, 35, 18, 23, 47, 52, 10, 42, 51, 39, 47, 14
1460863341, 16, 52, 56, 59, 37, 35, 19, 25, 48, 52, 10, 41, 50, 38, 46, 14
1460863341, 11, 52, 56, 58, 37, 35, 20, 25, 48, 52, 9, 40, 49, 37, 45, 14
1460863341, 13, 52, 55, 58, 37, 35, 21, 25, 48, 52, 9, 39, 48, 37, 45, 14
1460863341, 13, 52, 55, 58, 37, 36, 22, 26, 48, 52, 9, 39, 48, 36, 45, 14
1460863341, 16, 52, 55, 58, 37, 36, 22, 26, 48, 52, 9, 38, 48, 36, 45, 14
1460863341, 16, 52, 55, 58, 37, 36, 22, 25, 48, 51, 9, 38, 47, 36, 44, 14
1460863341, 11, 52, 55, 57, 37, 36, 22, 25, 48, 51, 9, 38, 47, 35, 44, 14
1460863341, 11, 52, 55, 57, 37, 36, 22, 25, 47, 51, 9, 38, 47, 35, 44, 14
1460863341, 6, 52, 55, 57, 37, 36, 21, 25, 47, 51, 9, 38, 47, 35, 44, 14
1460863341, 3, 52, 55, 57, 37, 36, 21, 25, 47, 51, 9, 37, 47, 35, 44, 15
1460863341, 163, 55, 54, 57, 38, 36, 20, 25, 49, 54, 9, 37, 47, 34, 43, 15
1460863341, 281, 77, 92, 93, 89, 80, 54, 68, 81, 101, 19, 40, 70, 22, 55, 33
1460863341, 252, 94, 98, 103, 100, 94, 92, 122, 148, 168, 34, 70, 111, 39, 86, 51
1460863341, 155, 97, 100, 106, 101, 96, 105, 138, 161, 180, 37, 74, 118, 41, 93, 55
1460863341, 74, 97, 101, 107, 102, 96, 108, 140, 162, 182, 37, 75, 122, 42, 97, 58
1460863341, 17, 97, 102, 107, 102, 96, 109, 140, 163, 183, 38, 76, 124, 41, 99, 61
1460863341, 10, 97, 103, 107, 102, 96, 109, 141, 163, 184, 38, 76, 126, 42, 100, 62
1460863342, 11, 97, 103, 107, 102, 96, 108, 141, 163, 184, 39, 77, 128, 42, 101, 63
1460863342, 11, 97, 103, 107, 102, 96, 108, 140, 162, 184, 39, 77, 128, 41, 101, 63
1460863342, 15, 97, 103, 107, 102, 96, 107, 140, 162, 184, 39, 77, 129, 41, 101, 63
1460863342, 60, 95, 104, 107, 102, 96, 103, 136, 157, 180, 40, 76, 129, 40, 100, 63
1460863342, 129, 88, 104, 107, 100, 94, 92, 121, 136, 159, 39, 71, 122, 37, 94, 58
1460863342, 319, 84, 96, 91, 76, 65, 67, 77, 81, 95, 24, 59, 79, 38, 59, 25
1460863342, 176, 79, 71, 70, 66, 55, 31, 42, 59, 73, 12, 29, 46, 20, 38, 20
1460863342, 185, 70, 69, 70, 61, 52, 13, 24, 41, 55, 11, 30, 45, 24, 39, 18
1460863342, 111, 68, 66, 70, 59, 51, 9, 20, 38, 51, 11, 31, 44, 29, 40, 17
1460863342, 38, 65, 65, 70, 58, 50, 4, 17, 33, 46, 12, 32, 43, 31, 42, 17
1460863342, 11, 63, 65, 70, 58, 49, 4, 15, 31, 42, 12, 34, 44, 34, 42, 16
1460863342, 9, 62, 65, 70, 57, 49, 6, 14, 29, 39, 12, 35, 44, 35, 43, 16
1460863342, 10, 61, 65, 70, 57, 49, 6, 14, 29, 39, 12, 36, 45, 36, 44, 16
1460863342, 10, 61, 65, 70, 57, 48, 6, 14, 30, 39, 12, 36, 45, 37, 44, 16
1460863342, 11, 61, 65, 70, 57, 48, 7, 14, 30, 39, 12, 37, 45, 38, 45, 16
1460863342, 25, 60, 65, 64, 57, 48, 9, 16, 28, 36, 23, 38, 46, 17, 30, 15
1460863342, 40, 58, 61, 63, 57, 48, 12, 14, 22, 30, 10, 24, 35, 16, 30, 15
1460863342, 32, 58, 60, 63, 57, 47, 13, 13, 21, 27, 9, 24, 34, 16, 29, 15
1460863342, 24, 57, 60, 62, 57, 47, 14, 13, 21, 26, 9, 23, 33, 16, 28, 15
1460863342, 16, 57, 58, 62, 57, 47, 14, 13, 22, 26, 9, 23, 32, 16, 28, 15
1460863343, 126, 57, 59, 62, 57, 46, 15, 11, 23, 27, 8, 25, 33, 20, 30, 15
1460863343, 354, 55, 83, 82, 47, 39, 54, 44, 31, 32, 18, 77, 81, 72, 75, 14
1460863343, 277, 52, 98, 101, 39, 36, 87, 84, 33, 35, 42, 110, 112, 112, 109, 15
1460863343, 98, 51, 99, 102, 38, 36, 90, 86, 30, 32, 44, 110, 113, 111, 109, 15
1460863343, 33, 51, 100, 103, 38, 36, 92, 88, 28, 31, 46, 110, 114, 111, 109, 16
1460863343, 19, 50, 100, 104, 38, 36, 93, 89, 27, 31, 47, 110, 115, 112, 110, 16
1460863343, 7, 50, 101, 104, 38, 37, 94, 90, 27, 30, 47, 111, 116, 112, 111, 16
1460863343, 10, 49, 101, 104, 38, 37, 94, 91, 26, 29, 47, 110, 115, 112, 111, 16
1460863343, 19, 49, 101, 104, 38, 37, 94, 91, 25, 29, 47, 110, 115, 112, 111, 16
1460863343, 34, 49, 101, 104, 38, 37, 94, 91, 24, 28, 47, 110, 115, 111, 111, 16
1460863343, 109, 49, 101, 104, 38, 37, 89, 85, 26, 32, 44, 109, 115, 108, 109, 16
1460863343, 127, 56, 99, 82, 39, 37, 65, 27, 40, 52, 59, 103, 110, 62, 72, 16
1460863343, 202, 60, 84, 71, 39, 37, 30, 14, 41, 53, 28, 71, 81, 46, 58, 16
1460863343, 204, 59, 72, 67, 38, 36, 13, 10, 44, 55, 12, 55, 66, 47, 57, 16
1460863343, 157, 56, 69, 66, 37, 36, 14, 10, 44, 52, 11, 55, 65, 50, 58, 16
1460863343, 43, 53, 65, 66, 37, 36, 15, 12, 42, 48, 11, 53, 62, 52, 59, 15
1460863343, 33, 51, 64, 66, 37, 36, 17, 14, 40, 46, 11, 53, 62, 53, 59, 15
1460863343, 13, 50, 63, 65, 37, 36, 17, 15, 40, 46, 11, 53, 62, 53, 60, 15
1460863343, 13, 50, 63, 65, 37, 36, 17, 15, 40, 46, 11, 53, 62, 53, 60, 15
1460863344, 12, 51, 63, 65, 37, 36, 17, 15, 40, 46, 11, 53, 62, 53, 60, 15
1460863344, 22, 50, 63, 65, 37, 36, 18, 15, 39, 45, 11, 53, 62, 53, 60, 15
1460863344, 36, 50, 63, 65, 37, 36, 18, 15, 39, 44, 11, 53, 62, 53, 60, 15
1460863344, 60, 50, 63, 65, 37, 35, 18, 16, 38, 44, 11, 53, 61, 53, 60, 15
1460863344, 261, 50, 62, 65, 37, 35, 19, 16, 38, 44, 11, 53, 61, 53, 60, 15
1460863344, 397, 49, 62, 65, 37, 35, 25, 20, 35, 39, 11, 53, 61, 53, 60, 15
1460863344, 124, 50, 62, 64, 37, 35, 28, 22, 34, 37, 11, 52, 61, 51, 58, 15
1460863344, 52, 50, 62, 64, 37, 35, 29, 22, 34, 36, 11, 52, 60, 50, 57, 15
1460863344, 38, 51, 62, 63, 37, 35, 30, 22, 33, 36, 11, 52, 60, 49, 56, 15
1460863344, 39, 50, 62, 63, 37, 35, 30, 22, 33, 35, 11, 52, 60, 49, 55, 15
1460863344, 20, 50, 62, 63, 37, 35, 31, 23, 32, 35, 11, 52, 60, 49, 55, 15
1460863344, 11, 51, 62, 63, 37, 35, 31, 23, 32, 34, 11, 52, 60, 49, 55, 14
1460863344, 11, 51, 62, 63, 37, 35, 31, 23, 32, 34, 11, 52, 60, 49, 55, 14
1460863344, 12, 51, 62, 63, 37, 35, 31, 23, 31, 34, 11, 51, 59, 48, 55, 14
1460863344, 13, 51, 62, 63, 37, 35, 32, 24, 31, 33, 11, 51, 59, 48, 55, 14
1460863344, 7, 51, 62, 63, 37, 35, 33, 25, 30, 32, 11, 51, 59, 48, 55, 14
1460863344, 33, 51, 62, 62, 37, 35, 34, 26, 30, 32, 11, 51, 59, 47, 54, 14
1460863344, 59, 51, 62, 62, 37, 35, 34, 25, 29, 32, 11, 51, 59, 46, 53, 14
1460863344, 65, 51, 60, 62, 38, 35, 32, 24, 30, 32, 10, 48, 56, 45, 52, 14
1460863345, 76, 52, 60, 61, 38, 34, 31, 22, 30, 33, 10, 48, 56, 44, 51, 14
1460863345, 47, 54, 58, 61, 38, 34, 25, 17, 33, 36, 10, 45, 53, 43, 50, 14
1460863345, 27, 54, 58, 59, 38, 34, 23, 14, 34, 37, 10, 44, 52, 40, 47, 14
1460863345, 6, 55, 58, 59, 38, 34, 21, 12, 35, 39, 10, 44, 52, 39, 46, 14
1460863345, 16, 55, 56, 58, 38, 34, 19, 10, 35, 40, 10, 42, 50, 38, 46, 14
1460863345, 10, 55, 55, 55, 38, 34, 18, 10, 35, 41, 10, 39, 48, 33, 42, 14
1460863345, 8, 56, 53, 54, 38, 34, 17, 11, 35, 41, 10, 37, 47, 31, 40, 14
1460863345, 11, 56, 52, 53, 38, 34, 17, 11, 36, 42, 10, 36, 46, 30, 39, 14
1460863345, 11, 56, 51, 52, 38, 34, 17, 11, 37, 43, 10, 35, 45, 29, 39, 14
1460863345, 11, 56, 51, 51, 38, 34, 17, 12, 37, 43, 10, 35, 45, 28, 38, 14
1460863345, 9, 57, 50, 51, 38, 34, 17, 13, 37, 43, 10, 34, 44, 27, 37, 14
1460863345, 332, 58, 50, 50, 42, 35, 16, 14, 28, 43, 10, 27, 41, 18, 34, 17
1460863345, 435, 85, 97, 98, 86, 80, 79, 97, 107, 125, 31, 61, 98, 34, 74, 40
1460863345, 272, 97, 101, 106, 98, 93, 110, 139, 159, 176, 34, 71, 117, 41, 94, 56
1460863345, 89, 98, 101, 106, 101, 95, 116, 144, 165, 184, 33, 70, 120, 41, 97, 60
1460863345, 26, 97, 102, 107, 102, 96, 116, 145, 165, 184, 34, 71, 122, 40, 98, 62
1460863345, 13, 96, 102, 107, 102, 96, 114, 143, 164, 184, 35, 72, 123, 40, 99, 63
1460863345, 14, 95, 102, 107, 102, 96, 112, 141, 162, 183, 35, 72, 124, 41, 99, 63
1460863345, 16, 94, 103, 107, 102, 97, 110, 140, 161, 181, 35, 73, 125, 41, 100, 63
1460863346, 17, 93, 103, 107, 102, 97, 109, 139, 160, 181, 35, 73, 125, 40, 100, 63
1460863346, 18, 93, 103, 107, 102, 97, 109, 138, 159, 180, 36, 73, 125, 40, 100, 63
1460863346, 17, 93, 103, 107, 102, 96, 107, 137, 158, 180, 36, 73, 125, 40, 100, 63
1460863346, 67, 91, 103, 107, 102, 96, 104, 134, 154, 177, 36, 71, 125, 39, 99, 63
1460863346, 115, 87, 103, 107, 101, 96, 97, 126, 143, 169, 36, 68, 123, 35, 98, 64
1460863346, 311, 80, 83, 90, 82, 77, 46, 76, 82, 105, 31, 41, 74, 26, 62, 37
1460863346, 256, 74, 70, 72, 75, 64, 18, 32, 52, 68, 13, 33, 50, 20, 40, 25
1460863346, 162, 71, 63, 65, 68, 59, 14, 24, 40, 56, 11, 28, 43, 17, 33, 20
1460863346, 72, 68, 62, 63, 59, 52, 10, 20, 36, 51, 11, 27, 41, 16, 33, 17
1460863346, 17, 65, 60, 61, 56, 49, 8, 17, 33, 47, 11, 26, 40, 16, 32, 17
1460863346, 39, 64, 59, 60, 54, 46, 8, 17, 32, 44, 11, 26, 39, 16, 31, 16
1460863346, 60, 62, 58, 58, 53, 45, 8, 17, 31, 40, 13, 27, 38, 16, 29, 15
1460863346, 24, 60, 57, 58, 52, 44, 8, 16, 31, 39, 13, 28, 38, 16, 29, 14
1460863346, 15, 59, 56, 57, 52, 43, 11, 15, 30, 38, 10, 26, 36, 17, 29, 14
1460863346, 14, 59, 56, 57, 51, 42, 10, 17, 31, 38, 12, 27, 36, 17, 29, 14
1460863346, 12, 58, 55, 56, 51, 42, 11, 17, 32, 37, 11, 27, 35, 17, 28, 14
1460863346, 8, 56, 55, 55, 51, 41, 10, 19, 31, 35, 14, 27, 35, 15, 26, 14
1460863346, 49, 56, 53, 56, 50, 41, 13, 16, 30, 34, 9, 25, 33, 17, 27, 14
1460863346, 737, 55, 53, 57, 50, 41, 13, 12, 30, 34, 8, 26, 33, 21, 30, 13
1460863346, 307, 55, 99, 102, 45, 35, 78, 77, 36, 43, 39, 109, 112, 110, 108, 19
1460863347, 104, 56, 101, 105, 46, 35, 89, 90, 35, 41, 47, 116, 116, 119, 113, 22
1460863347, 41, 56, 101, 105, 46, 35, 94, 92, 33, 38, 48, 117, 117, 120, 113, 23
1460863347, 24, 55, 101, 105, 46, 35, 96, 93, 32, 36, 48, 117, 117, 121, 113, 23
1460863347, 12, 55, 101, 105, 47, 35, 97, 95, 32, 34, 48, 117, 117, 122, 114, 23
1460863347, 9, 54, 101, 105, 47, 35, 98, 96, 31, 33, 48, 117, 117, 122, 114, 23
1460863347, 14, 54, 101, 105, 47, 35, 98, 96, 31, 33, 48, 118, 117, 122, 114, 23
1460863347, 30, 54, 101, 105, 47, 35, 98, 96, 31, 33, 48, 118, 117, 122, 114, 23
1460863347, 51, 54, 101, 105, 43, 36, 98, 95, 31, 33, 47, 117, 117, 121, 114, 20
1460863347, 70, 54, 98, 96, 38, 35, 76, 70, 40, 46, 39, 110, 113, 105, 102, 17
1460863347, 274, 57, 73, 69, 37, 35, 20, 12, 44, 52, 13, 63, 72, 56, 63, 16
1460863347, 171, 56, 61, 64, 36, 35, 13, 8, 44, 51, 11, 48, 58, 48, 56, 15
1460863347, 61, 56, 60, 61, 36, 35, 15, 10, 42, 48, 11, 47, 57, 42, 51, 15
1460863347, 15, 55, 60, 60, 36, 35, 15, 11, 42, 48, 12, 47, 57, 41, 50, 15
1460863347, 6, 55, 59, 59, 36, 35, 16, 11, 42, 48, 12, 47, 57, 41, 50, 15
1460863347, 7, 55, 58, 59, 36, 35, 16, 12, 43, 48, 10, 45, 55, 41, 50, 15
1460863347, 8, 55, 58, 59, 36, 35, 17, 13, 42, 47, 11, 45, 54, 40, 49, 15
1460863347, 5, 55, 57, 58, 36, 35, 18, 13, 42, 47, 11, 44, 54, 39, 48, 15
1460863347, 4, 55, 57, 58, 36, 35, 18, 13, 42, 47, 10, 44, 54, 39, 48, 15
1460863347, 0, 55, 57, 58, 36, 35, 18, 14, 42, 47, 10, 43, 53, 39, 48, 14
