1460865051, 6, 56, 50, 53, 49, 40, 42, 52, 61, 62, 10, 21, 29, 13, 24, 14
1460865051, 6, 56, 50, 53, 49, 40, 42, 52, 61, 62, 10, 21, 29, 13, 24, 14
1460865051, 7, 56, 50, 53, 49, 40, 41, 52, 61, 62, 11, 21, 29, 12, 24, 14
1460865051, 6, 56, 50, 53, 49, 40, 41, 53, 61, 62, 11, 21, 29, 12, 24, 14
1460865051, 5, 56, 50, 53, 49, 41, 41, 53, 61, 62, 11, 21, 29, 12, 24, 14
1460865051, 4, 55, 50, 53, 49, 41, 41, 53, 61, 62, 11, 21, 29, 12, 23, 14
1460865051, 4, 55, 50, 53, 49, 41, 41, 53, 61, 62, 11, 21, 29, 12, 23, 14
1460865051, 4, 55, 50, 53, 49, 41, 41, 53, 61, 62, 11, 21, 29, 12, 23, 14
1460865051, 2, 55, 50, 53, 49, 41, 41, 53, 61, 62, 11, 22, 29, 12, 23, 14
1460865051, 3, 55, 50, 53, 49, 41, 42, 53, 61, 62, 11, 21, 28, 12, 23, 14
1460865051, 3, 55, 50, 53, 49, 41, 42, 53, 61, 62, 10, 21, 28, 12, 23, 14
1460865051, 5, 55, 50, 53, 49, 41, 42, 53, 61, 62, 10, 21, 28, 12, 23, 14
1460865052, 4, 55, 50, 53, 49, 41, 42, 53, 61, 62, 10, 20, 28, 12, 23, 14
1460865052, 5, 55, 50, 53, 50, 41, 42, 53, 60, 61, 10, 20, 28, 12, 23, 14
1460865052, 8, 55, 50, 53, 50, 41, 42, 53, 60, 61, 10, 20, 28, 11, 23, 14
1460865052, 15, 54, 50, 53, 50, 41, 42, 53, 60, 61, 10, 20, 28, 11, 23, 14
1460865052, 23, 54, 50, 53, 50, 41, 42, 53, 60, 61, 10, 20, 28, 11, 23, 14
1460865052, 38, 54, 50, 53, 50, 41, 42, 52, 60, 61, 10, 20, 28, 11, 23, 14
1460865052, 44, 53, 50, 53, 50, 41, 41, 52, 59, 60, 10, 20, 28, 11, 23, 14
1460865052, 44, 53, 50, 53, 50, 41, 41, 52, 59, 60, 10, 20, 28, 11, 23, 14
1460865052, 38, 52, 50, 53, 50, 41, 41, 52, 59, 60, 10, 20, 28, 11, 23, 14
1460865052, 40, 51, 50, 53, 50, 41, 42, 52, 59, 60, 10, 20, 28, 11, 23, 14
1460865052, 54, 50, 50, 53, 50, 41, 41, 52, 58, 59, 10, 19, 28, 11, 23, 14
1460865052, 14, 51, 50, 53, 50, 41, 41, 52, 58, 59, 10, 19, 28, 11, 23, 14
1460865052, 208, 53, 50, 54, 50, 41, 43, 52, 59, 61, 9, 19, 28, 12, 24, 14
1460865052, 380, 66, 89, 93, 68, 56, 29, 41, 47, 53, 17, 58, 66, 54, 61, 18
1460865052, 275, 63, 97, 102, 73, 60, 49, 58, 32, 40, 29, 73, 81, 69, 74, 20
1460865052, 116, 59, 98, 103, 73, 60, 59, 66, 23, 28, 33, 75, 83, 76, 80, 20
1460865052, 69, 56, 98, 104, 73, 60, 63, 69, 23, 24, 34, 77, 85, 79, 82, 20
1460865052, 27, 54, 99, 104, 73, 60, 67, 72, 23, 22, 35, 80, 87, 83, 85, 20
1460865052, 8, 53, 100, 104, 73, 60, 70, 74, 24, 22, 37, 83, 89, 85, 87, 19
1460865052, 8, 51, 100, 105, 73, 59, 73, 75, 25, 21, 37, 84, 91, 86, 88, 19
1460865052, 14, 51, 100, 105, 73, 59, 73, 76, 25, 21, 37, 85, 92, 87, 89, 19
1460865052, 15, 50, 101, 105, 73, 59, 74, 76, 26, 21, 37, 86, 93, 88, 90, 19
1460865052, 16, 50, 101, 105, 73, 59, 74, 76, 26, 21, 37, 87, 93, 88, 90, 19
1460865052, 13, 50, 101, 105, 73, 59, 75, 77, 26, 21, 37, 88, 94, 88, 90, 19
1460865053, 10, 50, 101, 105, 73, 59, 75, 77, 26, 21, 37, 88, 94, 89, 91, 19
1460865053, 7, 50, 101, 105, 72, 59, 76, 77, 26, 21, 37, 89, 94, 89, 91, 19
1460865053, 6, 50, 101, 105, 72, 59, 77, 78, 26, 20, 37, 89, 95, 90, 91, 19
1460865053, 4, 50, 101, 105, 72, 59, 77, 78, 26, 20, 37, 90, 95, 91, 92, 19
1460865053, 4, 50, 101, 105, 72, 59, 77, 78, 26, 20, 37, 90, 95, 91, 92, 19
1460865053, 3, 50, 101, 105, 72, 59, 77, 78, 26, 20, 37, 91, 96, 92, 93, 19
1460865053, 10, 50, 101, 105, 72, 59, 78, 78, 26, 20, 37, 91, 96, 92, 93, 19
1460865053, 12, 50, 101, 105, 72, 58, 77, 78, 26, 21, 37, 92, 97, 92, 94, 19
1460865053, 20, 50, 101, 105, 72, 58, 77, 78, 26, 22, 37, 92, 97, 93, 94, 19
1460865053, 39, 50, 102, 105, 72, 58, 75, 76, 28, 25, 36, 93, 98, 93, 94, 19
1460865053, 52, 52, 102, 105, 72, 58, 71, 73, 29, 29, 34, 93, 98, 90, 92, 19
1460865053, 193, 59, 93, 80, 72, 58, 41, 28, 39, 44, 42, 65, 74, 25, 39, 18
1460865053, 325, 60, 74, 65, 69, 57, 19, 29, 40, 46, 20, 30, 43, 14, 27, 18
1460865053, 263, 58, 71, 66, 66, 55, 15, 24, 36, 40, 16, 30, 40, 14, 27, 17
1460865053, 100, 55, 70, 68, 64, 53, 15, 25, 33, 36, 19, 33, 42, 16, 29, 17
1460865053, 53, 54, 70, 68, 63, 52, 16, 27, 34, 35, 23, 36, 43, 15, 29, 16
1460865053, 36, 53, 70, 68, 63, 51, 17, 28, 33, 34, 26, 36, 43, 14, 28, 17
1460865053, 51, 52, 70, 66, 61, 50, 18, 31, 35, 35, 31, 40, 45, 13, 27, 16
1460865053, 27, 51, 70, 64, 61, 50, 18, 34, 37, 35, 35, 42, 46, 12, 26, 16
1460865053, 11, 50, 63, 64, 60, 49, 19, 32, 35, 33, 18, 27, 34, 12, 26, 16
1460865053, 6, 49, 60, 63, 60, 49, 22, 31, 33, 30, 11, 20, 29, 12, 25, 15
1460865053, 4, 49, 59, 63, 60, 49, 22, 30, 32, 29, 10, 20, 28, 12, 25, 15
1460865053, 11, 49, 59, 63, 59, 49, 21, 29, 32, 28, 10, 20, 28, 12, 25, 15
1460865054, 8, 49, 59, 63, 59, 49, 21, 28, 31, 28, 9, 20, 28, 13, 25, 15
1460865054, 7, 49, 58, 63, 59, 49, 21, 25, 28, 24, 8, 19, 28, 13, 25, 15
1460865054, 86, 49, 58, 63, 59, 49, 22, 24, 26, 21, 8, 18, 27, 13, 25, 15
1460865054, 269, 50, 58, 63, 59, 49, 22, 24, 24, 20, 8, 18, 27, 13, 26, 15
1460865054, 673, 51, 60, 65, 59, 49, 29, 27, 21, 13, 8, 20, 30, 17, 28, 15
1460865054, 372, 53, 97, 98, 40, 37, 75, 70, 33, 37, 29, 102, 106, 101, 102, 15
1460865054, 124, 53, 98, 102, 38, 36, 82, 81, 33, 37, 35, 107, 111, 109, 109, 15
1460865054, 54, 53, 98, 103, 38, 36, 83, 82, 32, 37, 35, 107, 111, 110, 110, 15
1460865054, 33, 53, 99, 103, 38, 35, 84, 84, 32, 37, 36, 107, 112, 111, 112, 15
1460865054, 15, 53, 99, 104, 38, 35, 85, 86, 32, 37, 36, 108, 113, 112, 113, 15
1460865054, 13, 53, 100, 104, 38, 35, 85, 86, 32, 37, 36, 108, 113, 113, 113, 15
1460865054, 10, 53, 100, 105, 38, 35, 86, 87, 32, 37, 36, 109, 114, 113, 114, 15
1460865054, 5, 53, 100, 105, 38, 35, 86, 87, 32, 37, 36, 109, 114, 113, 114, 15
1460865054, 3, 53, 100, 105, 38, 35, 86, 87, 32, 37, 36, 109, 114, 113, 114, 15
1460865054, 3, 53, 100, 105, 38, 36, 87, 87, 31, 37, 35, 109, 115, 114, 115, 15
1460865054, 5, 52, 101, 105, 38, 36, 87, 88, 31, 37, 35, 110, 115, 114, 115, 15
1460865054, 8, 52, 101, 105, 38, 36, 87, 88, 31, 37, 34, 110, 115, 114, 115, 15
1460865054, 27, 52, 101, 105, 38, 36, 87, 88, 32, 37, 33, 110, 115, 114, 115, 15
1460865054, 132, 52, 101, 105, 38, 36, 84, 84, 33, 39, 31, 110, 115, 113, 114, 15
1460865054, 196, 56, 81, 79, 38, 35, 28, 23, 42, 50, 15, 70, 79, 62, 70, 15
1460865054, 379, 62, 70, 73, 38, 35, 10, 16, 49, 59, 10, 53, 63, 52, 61, 15
1460865054, 315, 60, 70, 71, 38, 35, 10, 13, 47, 55, 11, 54, 63, 51, 59, 15
1460865054, 224, 55, 69, 71, 37, 35, 18, 16, 42, 48, 11, 56, 64, 52, 60, 15
1460865055, 98, 53, 69, 70, 37, 35, 20, 17, 40, 46, 11, 56, 65, 53, 60, 15
1460865055, 17, 50, 69, 70, 37, 35, 22, 20, 40, 45, 11, 56, 65, 53, 60, 14
1460865055, 36, 48, 69, 70, 37, 35, 23, 22, 38, 43, 11, 56, 65, 53, 60, 14
1460865055, 27, 47, 69, 70, 37, 35, 25, 23, 37, 42, 11, 57, 64, 53, 60, 14
1460865055, 97, 45, 60, 46, 37, 35, 20, 28, 38, 42, 25, 43, 52, 18, 31, 14
1460865055, 60, 43, 44, 43, 37, 35, 26, 31, 39, 43, 11, 25, 37, 15, 28, 14
1460865055, 14, 42, 42, 42, 37, 35, 26, 31, 39, 44, 10, 24, 36, 15, 28, 14
1460865055, 41, 41, 41, 41, 37, 35, 27, 33, 40, 44, 11, 23, 36, 13, 27, 14
1460865055, 13, 41, 41, 41, 37, 35, 28, 33, 41, 45, 10, 23, 36, 13, 27, 14
1460865055, 6, 40, 40, 40, 37, 36, 28, 33, 41, 45, 10, 23, 35, 13, 26, 14
1460865055, 97, 39, 40, 40, 37, 36, 28, 33, 41, 44, 11, 23, 35, 13, 26, 14
1460865055, 69, 39, 40, 40, 37, 36, 28, 33, 41, 45, 11, 23, 35, 13, 26, 14
1460865055, 26, 39, 40, 40, 37, 36, 28, 33, 41, 44, 11, 23, 35, 13, 26, 14
1460865055, 19, 39, 39, 40, 37, 36, 28, 34, 41, 44, 11, 23, 35, 12, 25, 14
1460865055, 15, 41, 39, 40, 37, 36, 28, 32, 38, 41, 11, 23, 35, 12, 25, 14
1460865055, 70, 59, 57, 62, 56, 47, 24, 25, 35, 42, 10, 23, 35, 16, 31, 16
1460865055, 466, 64, 75, 78, 69, 56, 31, 24, 13, 16, 10, 32, 44, 25, 39, 18
1460865055, 354, 55, 98, 95, 40, 38, 77, 67, 34, 38, 28, 104, 108, 98, 98, 15
1460865055, 199, 54, 99, 98, 38, 37, 84, 76, 32, 34, 32, 107, 109, 104, 102, 15
1460865055, 75, 53, 99, 102, 38, 37, 88, 84, 29, 30, 35, 106, 109, 107, 106, 15
1460865055, 40, 51, 99, 103, 38, 37, 91, 87, 25, 26, 36, 105, 108, 107, 105, 15
1460865055, 25, 51, 99, 103, 39, 37, 92, 89, 22, 23, 36, 103, 107, 106, 105, 16
1460865055, 20, 51, 99, 104, 39, 38, 92, 90, 20, 22, 36, 102, 106, 105, 104, 16
1460865055, 20, 51, 99, 104, 40, 38, 92, 91, 18, 21, 36, 100, 105, 103, 103, 16
1460865056, 11, 51, 99, 105, 40, 38, 92, 92, 17, 21, 36, 99, 105, 103, 103, 16
1460865056, 12, 50, 99, 105, 40, 38, 93, 93, 16, 20, 36, 99, 105, 103, 103, 16
1460865056, 13, 50, 99, 105, 40, 38, 93, 94, 15, 19, 36, 99, 104, 103, 103, 16
1460865056, 13, 50, 99, 105, 40, 39, 94, 94, 15, 19, 36, 99, 104, 103, 103, 16
1460865056, 16, 50, 99, 105, 40, 39, 94, 94, 14, 18, 35, 98, 104, 102, 103, 16
1460865056, 43, 50, 100, 105, 41, 39, 94, 94, 13, 19, 35, 98, 104, 102, 103, 17
1460865056, 124, 51, 100, 105, 41, 39, 90, 90, 13, 23, 33, 97, 104, 100, 102, 17
1460865056, 230, 57, 77, 77, 41, 39, 22, 20, 30, 44, 12, 51, 65, 46, 59, 17
1460865056, 402, 60, 68, 56, 41, 38, 9, 19, 37, 50, 19, 41, 56, 23, 39, 17
1460865056, 334, 60, 63, 49, 41, 38, 10, 22, 37, 49, 20, 38, 52, 18, 34, 16
1460865056, 164, 57, 62, 45, 40, 38, 11, 24, 35, 46, 24, 39, 52, 16, 32, 16
1460865056, 77, 56, 62, 44, 40, 38, 12, 24, 33, 44, 25, 39, 52, 15, 31, 16
1460865056, 46, 54, 62, 44, 40, 38, 14, 22, 31, 41, 26, 39, 52, 15, 31, 16
1460865056, 24, 54, 57, 44, 40, 38, 14, 22, 30, 40, 20, 34, 47, 15, 31, 16
1460865056, 18, 54, 45, 43, 40, 38, 23, 22, 29, 39, 11, 25, 40, 15, 30, 16
1460865056, 16, 54, 42, 41, 40, 38, 26, 24, 28, 38, 10, 24, 39, 14, 29, 16
1460865056, 16, 54, 41, 40, 40, 38, 28, 26, 27, 36, 11, 24, 38, 13, 29, 16
1460865056, 16, 54, 40, 40, 40, 38, 29, 28, 26, 36, 11, 24, 38, 13, 29, 16
1460865056, 18, 54, 39, 39, 40, 38, 31, 29, 26, 36, 11, 24, 38, 14, 28, 15
1460865056, 24, 54, 39, 39, 36, 36, 32, 30, 35, 40, 11, 25, 38, 14, 29, 15
1460865056, 20, 55, 39, 38, 36, 36, 33, 31, 36, 41, 11, 25, 38, 15, 29, 15
1460865056, 20, 55, 38, 38, 36, 36, 34, 32, 36, 41, 10, 25, 38, 15, 29, 15
1460865056, 12, 55, 38, 38, 36, 36, 35, 33, 37, 41, 11, 25, 38, 14, 29, 15
1460865057, 7, 55, 38, 38, 36, 35, 35, 34, 38, 41, 11, 25, 38, 14, 28, 15
1460865057, 55, 55, 38, 38, 36, 35, 36, 36, 41, 44, 11, 25, 38, 14, 28, 14
1460865057, 3, 55, 38, 37, 36, 35, 37, 37, 41, 45, 11, 25, 37, 14, 28, 14
1460865057, 17, 56, 37, 37, 36, 35, 37, 37, 42, 46, 10, 25, 37, 14, 28, 14
1460865057, 16, 56, 37, 37, 36, 35, 38, 37, 42, 46, 10, 24, 37, 14, 28, 14
1460865057, 59, 56, 37, 38, 36, 35, 38, 38, 43, 46, 10, 25, 37, 14, 28, 14
1460865057, 336, 56, 38, 38, 36, 35, 38, 37, 43, 47, 10, 25, 37, 15, 28, 14
1460865057, 266, 65, 77, 84, 77, 60, 24, 22, 12, 18, 13, 28, 42, 19, 39, 24
1460865057, 362, 57, 98, 101, 49, 41, 71, 71, 28, 37, 32, 96, 104, 99, 103, 17
1460865057, 158, 54, 99, 104, 39, 36, 80, 80, 34, 41, 37, 108, 113, 110, 111, 15
1460865057, 98, 53, 100, 104, 38, 36, 82, 83, 34, 39, 37, 109, 114, 112, 112, 15
1460865057, 41, 51, 100, 105, 38, 36, 85, 85, 32, 37, 37, 110, 114, 113, 113, 15
1460865057, 18, 51, 100, 105, 38, 36, 86, 86, 32, 36, 37, 110, 115, 113, 114, 15
1460865057, 11, 51, 101, 105, 38, 36, 86, 86, 31, 36, 37, 110, 115, 113, 114, 15
1460865057, 9, 51, 101, 105, 38, 36, 86, 86, 30, 36, 37, 110, 115, 113, 114, 15
1460865057, 6, 50, 101, 105, 39, 36, 85, 86, 30, 36, 36, 109, 115, 113, 114, 15
1460865057, 33, 50, 101, 106, 39, 36, 85, 85, 30, 36, 36, 109, 114, 112, 113, 15
1460865057, 34, 51, 101, 106, 39, 36, 82, 83, 31, 38, 35, 109, 114, 112, 113, 15
1460865057, 109, 51, 101, 105, 39, 36, 79, 80, 33, 40, 34, 109, 114, 110, 112, 15
1460865057, 164, 54, 101, 90, 39, 36, 72, 40, 37, 45, 51, 107, 112, 76, 83, 15
1460865057, 288, 59, 73, 74, 39, 36, 14, 19, 43, 54, 11, 52, 64, 49, 60, 15
1460865057, 361, 61, 71, 73, 39, 36, 11, 17, 45, 55, 11, 50, 61, 48, 58, 15
1460865057, 230, 57, 70, 72, 39, 36, 14, 16, 41, 49, 11, 52, 62, 49, 58, 15
1460865057, 129, 53, 70, 71, 38, 36, 18, 18, 40, 45, 11, 55, 62, 52, 58, 15
1460865058, 59, 52, 70, 71, 38, 35, 20, 19, 39, 43, 11, 55, 61, 51, 56, 14
1460865058, 29, 51, 70, 70, 38, 35, 20, 19, 38, 42, 11, 54, 61, 50, 56, 14
1460865058, 10, 51, 70, 70, 38, 35, 20, 20, 38, 42, 12, 54, 61, 49, 55, 14
1460865058, 9, 51, 69, 70, 38, 34, 20, 20, 38, 41, 11, 53, 60, 49, 55, 14
1460865058, 4, 50, 68, 70, 38, 34, 19, 20, 37, 41, 10, 51, 58, 49, 55, 13
1460865058, 33, 50, 66, 69, 38, 34, 18, 20, 37, 41, 10, 48, 56, 46, 53, 13
1460865058, 63, 51, 66, 68, 38, 33, 18, 20, 38, 42, 10, 47, 55, 44, 51, 13
1460865058, 8, 51, 65, 67, 38, 33, 17, 20, 39, 43, 10, 47, 55, 44, 51, 13
1460865058, 5, 51, 65, 67, 38, 33, 17, 21, 40, 44, 10, 46, 54, 44, 51, 13
1460865058, 5, 51, 64, 67, 38, 33, 17, 21, 41, 45, 10, 46, 53, 44, 51, 12
1460865058, 10, 51, 64, 67, 38, 33, 17, 21, 41, 45, 10, 45, 53, 44, 51, 12
1460865058, 14, 52, 63, 66, 38, 33, 17, 21, 42, 45, 10, 45, 53, 42, 50, 12
1460865058, 25, 52, 63, 65, 38, 33, 17, 21, 42, 45, 10, 45, 53, 41, 49, 12
1460865058, 26, 52, 63, 64, 38, 33, 17, 21, 43, 46, 11, 46, 53, 40, 48, 12
1460865058, 16, 52, 63, 63, 38, 33, 17, 21, 43, 46, 11, 45, 52, 40, 47, 12
1460865058, 10, 52, 62, 63, 38, 33, 17, 21, 44, 47, 11, 46, 52, 40, 47, 12
1460865058, 10, 52, 62, 63, 38, 33, 17, 21, 44, 47, 11, 45, 52, 40, 47, 12
1460865058, 9, 52, 62, 62, 38, 33, 16, 21, 44, 47, 11, 45, 52, 39, 47, 12
1460865058, 17, 52, 62, 62, 38, 33, 16, 21, 44, 47, 11, 45, 52, 39, 47, 12
1460865058, 32, 52, 61, 62, 38, 33, 17, 21, 44, 47, 10, 44, 51, 39, 46, 12
1460865058, 259, 52, 60, 61, 38, 33, 17, 20, 43, 46, 9, 42, 50, 39, 46, 12
1460865058, 620, 53, 60, 62, 38, 32, 18, 14, 39, 41, 9, 45, 51, 43, 49, 12
1460865058, 404, 54, 93, 97, 37, 33, 66, 65, 41, 44, 27, 101, 103, 103, 102, 14
1460865059, 232, 53, 98, 102, 36, 34, 79, 78, 40, 45, 35, 112, 114, 113, 112, 14
1460865059, 86, 52, 99, 103, 37, 34, 81, 80, 38, 44, 36, 112, 116, 113, 113, 15
1460865059, 32, 51, 100, 104, 37, 35, 83, 82, 36, 42, 37, 112, 116, 114, 114, 15
1460865059, 21, 50, 100, 105, 37, 35, 84, 83, 35, 40, 37, 112, 117, 114, 115, 15
1460865059, 8, 50, 101, 105, 37, 35, 86, 85, 34, 40, 37, 113, 118, 115, 116, 15
1460865059, 7, 50, 101, 105, 37, 35, 86, 86, 34, 39, 36, 113, 117, 116, 116, 15
1460865059, 20, 50, 101, 106, 38, 35, 86, 86, 33, 38, 36, 113, 117, 116, 116, 15
1460865059, 15, 50, 101, 106, 38, 35, 86, 86, 32, 38, 35, 112, 117, 115, 116, 15
1460865059, 14, 50, 101, 106, 38, 36, 86, 86, 32, 38, 35, 112, 117, 115, 116, 15
1460865059, 14, 50, 101, 106, 38, 36, 86, 86, 32, 37, 35, 112, 116, 115, 116, 15
1460865059, 10, 50, 101, 106, 38, 36, 86, 86, 31, 37, 34, 112, 116, 115, 115, 15
1460865059, 28, 49, 101, 106, 38, 36, 85, 85, 31, 38, 34, 112, 116, 114, 115, 15
1460865059, 64, 51, 101, 105, 38, 36, 79, 80, 35, 43, 33, 111, 116, 113, 114, 15
1460865059, 454, 64, 87, 93, 59, 48, 31, 37, 34, 45, 15, 64, 74, 66, 75, 18
1460865059, 231, 69, 74, 77, 68, 56, 4, 12, 29, 40, 10, 30, 43, 23, 38, 18
1460865059, 201, 68, 72, 76, 68, 56, 4, 11, 31, 38, 9, 31, 41, 26, 37, 18
1460865059, 165, 63, 72, 75, 67, 55, 12, 13, 28, 30, 10, 34, 42, 29, 37, 17
1460865059, 84, 60, 70, 75, 66, 55, 15, 16, 28, 28, 10, 31, 39, 27, 36, 17
1460865059, 36, 57, 69, 74, 66, 55, 17, 18, 27, 27, 10, 30, 38, 26, 35, 17
1460865059, 20, 56, 68, 71, 66, 54, 18, 19, 27, 26, 10, 28, 36, 19, 31, 17
1460865059, 24, 55, 64, 69, 66, 54, 20, 21, 27, 25, 9, 23, 33, 17, 29, 17
1460865059, 33, 54, 64, 67, 66, 54, 21, 23, 27, 24, 10, 22, 32, 13, 26, 17
1460865059, 28, 53, 62, 65, 66, 54, 23, 25, 26, 22, 10, 21, 31, 12, 25, 17
1460865060, 19, 52, 61, 64, 65, 54, 24, 26, 26, 21, 10, 21, 30, 11, 24, 17
1460865060, 18, 52, 61, 64, 65, 54, 24, 26, 26, 21, 10, 21, 30, 11, 24, 16
1460865060, 35, 52, 61, 64, 65, 54, 24, 26, 27, 22, 10, 21, 30, 11, 24, 17
1460865060, 37, 51, 61, 64, 65, 54, 25, 27, 28, 22, 10, 21, 30, 11, 24, 16
1460865060, 49, 51, 60, 63, 65, 54, 25, 27, 28, 22, 10, 21, 29, 11, 24, 16
1460865060, 48, 51, 59, 63, 65, 53, 26, 27, 28, 22, 10, 20, 29, 11, 23, 16
1460865060, 66, 50, 59, 62, 65, 53, 26, 27, 28, 22, 10, 20, 29, 11, 23, 16
1460865060, 44, 50, 58, 62, 65, 53, 26, 27, 28, 22, 10, 20, 29, 11, 23, 16
1460865060, 34, 50, 58, 62, 65, 53, 25, 27, 28, 21, 10, 20, 29, 11, 23, 16
1460865060, 30, 50, 58, 62, 65, 53, 25, 27, 27, 21, 10, 20, 29, 11, 23, 16
1460865060, 8, 50, 58, 62, 65, 53, 26, 27, 27, 21, 10, 20, 28, 11, 23, 16
1460865060, 7, 50, 58, 62, 65, 53, 26, 27, 27, 20, 10, 20, 28, 11, 23, 16
1460865060, 6, 50, 58, 62, 65, 53, 26, 27, 27, 20, 10, 20, 28, 11, 23, 16
1460865060, 4, 50, 58, 61, 65, 53, 26, 27, 27, 19, 10, 20, 28, 11, 23, 16
1460865060, 30, 50, 57, 61, 65, 53, 26, 27, 27, 19, 10, 20, 28, 11, 23, 16
1460865060, 109, 50, 57, 61, 65, 53, 26, 27, 27, 19, 10, 20, 28, 11, 23, 16
1460865060, 359, 50, 57, 62, 65, 53, 26, 25, 26, 19, 9, 20, 28, 11, 23, 16
1460865060, 227, 62, 74, 80, 76, 61, 24, 23, 14, 13, 10, 23, 36, 16, 34, 21
1460865060, 284, 60, 97, 101, 43, 37, 67, 70, 32, 43, 31, 95, 102, 97, 101, 15
1460865060, 140, 59, 99, 103, 40, 35, 71, 75, 34, 45, 35, 100, 107, 102, 105, 14
1460865060, 53, 57, 100, 104, 40, 35, 75, 78, 32, 42, 35, 102, 109, 104, 108, 15
1460865060, 21, 55, 101, 105, 39, 35, 79, 81, 30, 40, 35, 104, 111, 106, 109, 15
1460865060, 7, 54, 102, 105, 39, 34, 83, 83, 29, 38, 35, 106, 112, 108, 111, 15
1460865060, 2, 53, 102, 105, 39, 34, 84, 84, 29, 38, 35, 107, 113, 109, 111, 14
1460865061, 4, 53, 102, 106, 39, 34, 84, 84, 30, 38, 35, 108, 113, 110, 112, 14
1460865061, 10, 53, 102, 106, 39, 34, 83, 84, 31, 39, 35, 108, 114, 111, 112, 14
1460865061, 16, 53, 103, 106, 39, 34, 83, 84, 31, 39, 35, 109, 114, 111, 113, 14
1460865061, 12, 54, 103, 106, 39, 34, 84, 84, 31, 39, 35, 109, 114, 111, 112, 14
1460865061, 7, 54, 103, 106, 39, 34, 84, 84, 31, 39, 35, 109, 114, 111, 112, 14
1460865061, 5, 54, 103, 106, 39, 34, 84, 84, 31, 39, 34, 109, 114, 111, 112, 14
1460865061, 26, 54, 103, 106, 39, 34, 83, 83, 31, 39, 34, 109, 114, 111, 112, 14
1460865061, 75, 54, 103, 78, 39, 34, 77, 24, 35, 44, 76, 109, 113, 55, 64, 14
1460865061, 249, 56, 86, 76, 39, 34, 32, 24, 42, 51, 29, 73, 82, 52, 62, 14
1460865061, 313, 58, 75, 60, 38, 34, 18, 27, 46, 54, 29, 56, 65, 30, 42, 14
1460865061, 216, 57, 74, 47, 39, 34, 17, 30, 44, 51, 41, 56, 64, 17, 30, 14
1460865061, 211, 54, 57, 45, 38, 33, 13, 26, 42, 47, 18, 36, 45, 18, 29, 14
1460865061, 116, 53, 46, 42, 38, 33, 21, 32, 43, 47, 13, 27, 36, 14, 26, 13
1460865061, 84, 53, 43, 41, 38, 33, 24, 31, 42, 47, 11, 24, 35, 14, 25, 13
1460865061, 77, 52, 42, 41, 38, 33, 22, 28, 39, 44, 11, 25, 34, 14, 26, 13
1460865061, 18, 52, 42, 41, 38, 33, 20, 26, 37, 43, 11, 25, 35, 14, 26, 13
1460865061, 29, 51, 42, 40, 38, 33, 20, 27, 35, 41, 13, 25, 36, 13, 25, 13
1460865061, 38, 51, 41, 40, 38, 33, 22, 27, 34, 40, 12, 24, 34, 12, 25, 13
1460865061, 12, 51, 40, 40, 38, 33, 23, 26, 32, 39, 12, 23, 34, 12, 25, 13
1460865061, 5, 51, 40, 40, 38, 33, 23, 26, 32, 39, 12, 23, 34, 12, 25, 13
1460865061, 2, 51, 40, 40, 38, 33, 24, 26, 32, 38, 12, 23, 34, 12, 25, 13
1460865061, 6, 51, 40, 40, 38, 33, 24, 26, 32, 38, 12, 23, 34, 12, 25, 13
1460865061, 5, 51, 40, 40, 38, 33, 24, 26, 32, 38, 12, 23, 34, 12, 25, 13
1460865062, 6, 51, 40, 40, 37, 33, 24, 26, 32, 38, 12, 23, 34, 12, 25, 13
1460865062, 3, 51, 40, 40, 37, 33, 23, 26, 32, 38, 12, 24, 34, 12, 25, 13
1460865062, 1, 51, 40, 40, 37, 33, 23, 26, 32, 38, 12, 24, 34, 13, 25, 13
1460865062, 6, 51, 40, 40, 37, 33, 23, 25, 32, 38, 12, 24, 34, 13, 25, 13
1460865062, 18, 51, 40, 40, 37, 33, 23, 25, 32, 37, 11, 24, 34, 13, 25, 13
1460865062, 103, 51, 40, 40, 37, 33, 24, 24, 32, 37, 11, 24, 34, 13, 25, 13
1460865062, 390, 51, 40, 40, 37, 33, 24, 24, 33, 38, 10, 24, 34, 14, 25, 13
1460865062, 700, 52, 41, 41, 37, 33, 30, 26, 32, 34, 11, 26, 36, 16, 27, 13
1460865062, 451, 65, 95, 99, 36, 34, 60, 57, 52, 56, 26, 102, 105, 103, 103, 14
1460865062, 136, 64, 99, 103, 36, 34, 75, 72, 52, 56, 33, 112, 114, 113, 111, 14
1460865062, 42, 63, 99, 104, 35, 35, 79, 75, 50, 52, 34, 113, 115, 114, 112, 14
1460865062, 24, 62, 99, 104, 35, 35, 81, 77, 48, 50, 34, 113, 115, 114, 112, 15
1460865062, 19, 60, 99, 104, 35, 35, 83, 79, 46, 47, 34, 114, 115, 115, 112, 15
1460865062, 17, 58, 99, 104, 35, 35, 84, 81, 44, 44, 34, 114, 115, 116, 113, 15
1460865062, 9, 57, 99, 104, 36, 35, 85, 81, 43, 43, 33, 114, 115, 116, 113, 15
1460865062, 10, 57, 99, 104, 36, 35, 85, 81, 43, 43, 33, 114, 115, 116, 113, 15
1460865062, 38, 57, 99, 104, 35, 35, 82, 80, 45, 45, 32, 114, 115, 117, 113, 15
1460865062, 93, 58, 99, 104, 35, 35, 77, 74, 49, 49, 30, 115, 114, 116, 112, 15
1460865062, 151, 60, 97, 103, 35, 35, 63, 67, 54, 56, 25, 110, 110, 114, 110, 15
1460865062, 244, 63, 72, 76, 35, 35, 11, 14, 57, 62, 11, 63, 69, 65, 69, 15
1460865062, 226, 63, 70, 72, 35, 35, 10, 14, 56, 61, 10, 60, 66, 59, 64, 15
1460865062, 195, 59, 69, 70, 35, 35, 13, 15, 51, 56, 11, 58, 66, 54, 60, 15
1460865062, 116, 57, 69, 70, 35, 35, 14, 16, 49, 54, 12, 59, 66, 54, 60, 15
1460865063, 73, 54, 69, 70, 35, 35, 16, 18, 47, 52, 12, 60, 66, 55, 61, 15
1460865063, 46, 52, 69, 69, 35, 34, 17, 19, 47, 52, 12, 60, 67, 56, 61, 14
1460865063, 31, 50, 58, 69, 35, 34, 15, 21, 46, 51, 16, 45, 53, 56, 61, 14
1460865063, 6, 48, 55, 53, 35, 34, 17, 25, 45, 51, 12, 41, 50, 32, 41, 14
1460865063, 12, 47, 58, 52, 35, 34, 18, 26, 46, 51, 15, 44, 52, 31, 40, 14
1460865063, 24, 46, 58, 52, 35, 34, 19, 27, 45, 50, 16, 45, 53, 31, 40, 14
1460865063, 22, 46, 59, 53, 35, 34, 19, 27, 45, 50, 15, 46, 53, 32, 41, 14
1460865063, 17, 45, 59, 55, 35, 34, 20, 27, 45, 49, 14, 46, 53, 34, 42, 14
1460865063, 31, 45, 59, 54, 35, 34, 20, 28, 45, 49, 16, 46, 53, 32, 40, 14
1460865063, 24, 44, 59, 54, 35, 34, 20, 28, 45, 49, 16, 46, 53, 33, 41, 14
1460865063, 21, 44, 59, 55, 35, 34, 20, 28, 45, 49, 15, 46, 53, 33, 42, 14
1460865063, 8, 44, 59, 55, 35, 34, 21, 28, 45, 48, 15, 46, 53, 34, 42, 14
1460865063, 2, 44, 59, 56, 36, 34, 21, 29, 45, 48, 15, 46, 53, 34, 42, 14
1460865063, 15, 44, 59, 56, 36, 34, 21, 28, 44, 48, 15, 46, 53, 34, 42, 14
1460865063, 159, 45, 57, 57, 36, 34, 20, 24, 42, 45, 10, 43, 51, 37, 45, 14
1460865063, 346, 49, 55, 58, 36, 34, 17, 17, 40, 44, 8, 40, 49, 38, 46, 14
1460865063, 396, 52, 88, 89, 35, 34, 55, 53, 39, 44, 19, 90, 96, 91, 93, 14
1460865063, 304, 52, 98, 103, 36, 35, 78, 80, 36, 43, 34, 108, 113, 111, 111, 15
1460865063, 157, 52, 99, 104, 37, 36, 79, 82, 33, 40, 35, 107, 112, 111, 111, 16
1460865063, 70, 52, 100, 105, 38, 36, 81, 85, 29, 38, 37, 105, 112, 109, 111, 16
1460865063, 65, 52, 101, 106, 39, 37, 82, 87, 26, 36, 38, 104, 111, 109, 110, 16
1460865063, 41, 52, 102, 107, 40, 37, 84, 89, 23, 34, 38, 103, 110, 107, 109, 16
1460865063, 29, 52, 102, 107, 41, 37, 85, 90, 21, 33, 38, 102, 109, 106, 108, 16
1460865064, 21, 52, 102, 107, 41, 38, 85, 90, 18, 32, 37, 100, 109, 104, 108, 16
1460865064, 53, 52, 102, 107, 42, 38, 83, 89, 19, 33, 37, 100, 108, 103, 107, 16
1460865064, 102, 52, 103, 107, 42, 38, 80, 86, 22, 36, 34, 99, 107, 101, 106, 16
1460865064, 134, 57, 102, 106, 43, 39, 68, 77, 33, 48, 32, 96, 105, 97, 103, 16
1460865064, 227, 64, 75, 72, 61, 55, 19, 15, 17, 33, 9, 30, 45, 22, 36, 16
1460865064, 215, 65, 65, 67, 61, 53, 14, 9, 15, 32, 10, 26, 41, 18, 34, 17
1460865064, 249, 65, 64, 65, 61, 52, 14, 4, 15, 31, 11, 28, 41, 18, 33, 18
1460865064, 105, 65, 59, 63, 59, 50, 14, 6, 17, 32, 11, 25, 39, 16, 32, 17
1460865064, 55, 64, 57, 59, 58, 49, 17, 13, 20, 32, 10, 25, 38, 15, 30, 17
1460865064, 34, 64, 55, 56, 55, 49, 21, 17, 22, 31, 10, 24, 37, 14, 29, 16
1460865064, 19, 63, 53, 55, 51, 45, 24, 21, 28, 36, 10, 25, 37, 15, 29, 15
1460865064, 19, 62, 52, 53, 49, 43, 26, 23, 30, 38, 10, 25, 37, 15, 29, 15
1460865064, 17, 62, 51, 53, 49, 42, 27, 25, 32, 39, 10, 25, 37, 15, 29, 15
1460865064, 10, 62, 50, 52, 48, 41, 28, 26, 35, 41, 10, 24, 36, 16, 29, 15
1460865064, 8, 61, 50, 52, 48, 41, 28, 26, 35, 41, 10, 24, 36, 16, 29, 15
1460865064, 21, 61, 49, 51, 47, 41, 29, 29, 36, 42, 11, 24, 35, 14, 28, 15
1460865064, 27, 61, 48, 51, 47, 41, 30, 30, 36, 42, 11, 23, 35, 14, 28, 15
1460865064, 21, 61, 48, 51, 47, 41, 31, 30, 36, 42, 10, 23, 34, 14, 27, 15
1460865064, 14, 61, 48, 50, 47, 40, 31, 31, 36, 42, 10, 22, 34, 13, 27, 15
1460865064, 13, 61, 48, 50, 47, 40, 31, 31, 36, 42, 10, 22, 34, 13, 27, 15
1460865064, 10, 60, 47, 50, 47, 40, 32, 31, 36, 42, 10, 22, 34, 13, 27, 15
1460865064, 7, 60, 47, 50, 47, 40, 32, 31, 36, 42, 10, 22, 34, 13, 27, 15
1460865064, 3, 60, 47, 50, 47, 40, 32, 32, 35, 42, 10, 22, 34, 13, 27, 15
1460865064, 47, 60, 47, 50, 47, 40, 33, 31, 35, 41, 10, 22, 34, 13, 27, 15
1460865065, 154, 59, 47, 51, 47, 40, 33, 28, 33, 40, 10, 22, 34, 14, 28, 15
1460865065, 600, 60, 48, 51, 47, 40, 33, 27, 31, 36, 10, 23, 35, 14, 28, 15
1460865065, 418, 62, 87, 90, 43, 37, 46, 41, 41, 45, 17, 83, 86, 81, 83, 17
1460865065, 237, 62, 99, 102, 43, 38, 77, 75, 41, 46, 34, 109, 110, 109, 106, 16
1460865065, 76, 62, 99, 104, 43, 39, 81, 79, 41, 44, 35, 111, 112, 112, 109, 15
1460865065, 31, 61, 99, 104, 42, 39, 84, 80, 39, 42, 35, 111, 113, 112, 110, 15
1460865065, 12, 61, 99, 104, 42, 40, 85, 81, 38, 41, 34, 111, 113, 112, 110, 15
1460865065, 9, 60, 99, 104, 42, 40, 85, 82, 37, 40, 34, 111, 113, 113, 110, 15
1460865065, 7, 60, 99, 104, 42, 40, 85, 82, 38, 40, 33, 111, 113, 113, 111, 14
1460865065, 8, 60, 99, 104, 42, 40, 84, 83, 38, 40, 33, 111, 113, 114, 111, 14
1460865065, 19, 60, 99, 104, 42, 40, 81, 81, 40, 43, 33, 112, 113, 114, 112, 14
1460865065, 64, 61, 99, 104, 41, 40, 77, 78, 44, 47, 32, 112, 113, 115, 111, 14
1460865065, 114, 64, 98, 104, 41, 39, 70, 75, 50, 54, 30, 111, 111, 114, 111, 14
1460865065, 114, 66, 97, 104, 41, 39, 58, 73, 57, 64, 29, 107, 107, 114, 110, 15
1460865065, 179, 69, 96, 76, 41, 39, 55, 25, 62, 70, 58, 105, 107, 61, 66, 15
1460865065, 200, 66, 96, 70, 41, 39, 57, 20, 58, 66, 69, 106, 108, 51, 58, 15
1460865065, 186, 60, 77, 67, 41, 38, 18, 16, 51, 57, 24, 69, 75, 48, 55, 15
1460865065, 114, 57, 69, 67, 41, 38, 13, 16, 49, 55, 13, 58, 65, 49, 55, 15
1460865065, 91, 56, 69, 67, 40, 38, 13, 16, 49, 54, 13, 58, 65, 49, 55, 15
1460865065, 39, 53, 68, 66, 40, 38, 15, 18, 48, 53, 13, 58, 64, 50, 55, 15
1460865065, 19, 52, 68, 66, 40, 38, 16, 19, 48, 52, 13, 58, 64, 50, 56, 15
1460865065, 9, 51, 68, 66, 40, 38, 17, 19, 47, 52, 13, 58, 64, 50, 56, 15
1460865065, 8, 50, 68, 66, 40, 38, 18, 20, 47, 51, 12, 58, 64, 50, 55, 15
1460865066, 8, 50, 68, 66, 40, 38, 18, 20, 46, 51, 12, 58, 64, 50, 55, 15
1460865066, 12, 49, 68, 66, 40, 38, 18, 20, 46, 51, 12, 58, 64, 50, 55, 15
1460865066, 16, 49, 68, 66, 40, 38, 19, 21, 46, 50, 12, 58, 64, 50, 55, 15
1460865066, 29, 48, 68, 66, 40, 38, 20, 21, 45, 49, 12, 58, 64, 50, 55, 15
1460865066, 20, 48, 68, 66, 40, 38, 20, 21, 45, 49, 12, 58, 64, 50, 55, 15
1460865066, 12, 48, 68, 66, 40, 38, 20, 21, 45, 48, 12, 58, 64, 50, 55, 15
1460865066, 7, 47, 68, 66, 40, 38, 20, 21, 45, 48, 12, 58, 64, 50, 55, 15
1460865066, 14, 47, 68, 66, 40, 38, 21, 22, 45, 48, 12, 58, 64, 50, 55, 15
1460865066, 29, 47, 68, 66, 40, 38, 21, 22, 45, 48, 12, 58, 64, 50, 55, 15
1460865066, 148, 47, 68, 67, 40, 38, 21, 22, 45, 48, 12, 58, 64, 51, 56, 15
1460865066, 372, 53, 68, 70, 40, 38, 16, 18, 48, 52, 10, 58, 64, 56, 61, 15
1460865066, 403, 55, 85, 84, 39, 37, 42, 38, 45, 50, 16, 86, 91, 83, 85, 15
1460865066, 330, 58, 98, 102, 37, 36, 73, 78, 45, 53, 34, 111, 115, 114, 113, 15
1460865066, 113, 55, 99, 104, 37, 36, 72, 81, 43, 51, 35, 110, 114, 114, 114, 15
1460865066, 69, 53, 100, 105, 38, 36, 74, 82, 39, 48, 36, 109, 114, 113, 113, 15
1460865066, 45, 52, 101, 106, 39, 36, 75, 83, 34, 45, 36, 107, 112, 110, 111, 16
1460865066, 43, 49, 102, 106, 40, 37, 76, 83, 30, 43, 35, 105, 111, 107, 109, 16
1460865066, 44, 52, 102, 107, 40, 37, 73, 81, 35, 48, 34, 104, 111, 105, 109, 16
1460865066, 70, 54, 102, 107, 41, 38, 71, 80, 37, 50, 33, 103, 111, 104, 108, 16
1460865066, 123, 56, 102, 106, 41, 38, 71, 78, 37, 51, 30, 102, 109, 101, 106, 16
1460865066, 110, 57, 102, 106, 42, 38, 70, 75, 37, 52, 29, 100, 109, 98, 104, 17
1460865066, 123, 59, 89, 93, 42, 39, 33, 44, 40, 55, 18, 67, 81, 68, 79, 17
1460865066, 167, 62, 73, 77, 42, 39, 10, 20, 38, 53, 13, 45, 60, 45, 59, 16
1460865067, 141, 62, 71, 70, 40, 38, 16, 8, 33, 46, 12, 47, 61, 40, 54, 16
1460865067, 108, 60, 71, 69, 39, 37, 19, 9, 37, 46, 14, 53, 63, 45, 54, 16
1460865067, 90, 57, 70, 69, 38, 37, 24, 14, 37, 44, 14, 55, 66, 47, 57, 15
1460865067, 54, 56, 70, 69, 38, 36, 25, 15, 37, 44, 14, 57, 67, 49, 58, 15
1460865067, 34, 55, 70, 69, 38, 36, 24, 16, 39, 45, 14, 59, 68, 51, 60, 15
1460865067, 28, 54, 70, 69, 37, 36, 23, 16, 40, 46, 14, 60, 69, 53, 61, 15
1460865067, 13, 54, 70, 69, 37, 36, 22, 16, 42, 48, 14, 62, 69, 54, 61, 14
1460865067, 12, 53, 70, 69, 37, 36, 22, 16, 43, 48, 14, 62, 70, 55, 62, 14
1460865067, 25, 53, 70, 69, 37, 36, 22, 16, 44, 48, 14, 63, 70, 56, 62, 14
1460865067, 39, 52, 70, 69, 37, 35, 23, 17, 43, 48, 14, 63, 70, 56, 62, 14
1460865067, 35, 52, 70, 69, 37, 35, 23, 17, 43, 48, 14, 63, 70, 56, 62, 14
1460865067, 17, 51, 52, 55, 37, 35, 19, 20, 44, 48, 10, 37, 47, 34, 43, 14
1460865067, 39, 51, 50, 51, 37, 35, 21, 24, 44, 49, 9, 33, 44, 28, 39, 14
1460865067, 24, 51, 48, 51, 37, 35, 22, 24, 44, 50, 9, 32, 43, 27, 38, 14
1460865067, 11, 51, 48, 50, 37, 35, 22, 24, 44, 50, 9, 31, 42, 27, 37, 14
1460865067, 10, 51, 48, 50, 37, 35, 22, 24, 44, 50, 9, 31, 42, 27, 37, 14
1460865067, 20, 51, 48, 50, 37, 35, 22, 24, 44, 50, 9, 30, 42, 26, 37, 14
1460865067, 24, 51, 48, 50, 37, 35, 22, 25, 44, 49, 9, 30, 42, 26, 37, 14
1460865067, 2, 50, 47, 50, 37, 36, 22, 25, 43, 49, 9, 30, 41, 25, 36, 14
1460865067, 43, 50, 47, 50, 38, 36, 22, 24, 42, 48, 9, 30, 41, 25, 36, 14
1460865067, 298, 50, 47, 50, 38, 36, 21, 21, 39, 45, 9, 29, 41, 25, 37, 14
1460865067, 573, 53, 48, 51, 37, 36, 20, 17, 39, 45, 9, 32, 43, 29, 39, 14
1460865067, 372, 65, 74, 78, 36, 35, 19, 15, 54, 57, 12, 70, 74, 70, 72, 14
1460865067, 351, 70, 97, 101, 36, 36, 64, 69, 59, 67, 29, 107, 110, 108, 107, 15
1460865068, 109, 68, 99, 104, 37, 36, 72, 76, 54, 61, 32, 111, 113, 113, 111, 15
1460865068, 44, 67, 99, 104, 37, 36, 75, 76, 53, 59, 32, 113, 114, 114, 111, 15
1460865068, 16, 65, 99, 104, 37, 36, 76, 76, 51, 56, 33, 113, 114, 114, 111, 15
1460865068, 8, 63, 99, 104, 37, 36, 78, 77, 49, 53, 32, 113, 114, 114, 112, 15
1460865068, 10, 62, 99, 105, 37, 36, 79, 78, 47, 51, 32, 113, 114, 115, 112, 15
1460865068, 24, 61, 99, 105, 37, 36, 78, 78, 47, 51, 31, 113, 114, 115, 112, 15
1460865068, 34, 62, 99, 105, 37, 36, 77, 78, 48, 53, 31, 113, 114, 115, 113, 15
1460865068, 106, 63, 99, 104, 37, 36, 73, 73, 52, 57, 29, 113, 114, 113, 111, 15
1460865068, 145, 63, 97, 103, 36, 36, 62, 67, 54, 59, 25, 108, 109, 111, 108, 15
1460865068, 178, 66, 85, 81, 36, 36, 24, 19, 57, 63, 18, 81, 85, 70, 74, 15
1460865068, 232, 69, 68, 70, 36, 36, 7, 14, 58, 66, 9, 53, 61, 52, 59, 15
1460865068, 169, 70, 66, 68, 37, 36, 9, 17, 58, 66, 10, 50, 60, 47, 55, 15
1460865068, 133, 70, 62, 65, 37, 36, 14, 20, 58, 67, 10, 45, 55, 43, 52, 15
1460865068, 79, 70, 58, 61, 36, 35, 21, 26, 58, 67, 9, 40, 51, 37, 48, 15
1460865068, 44, 70, 57, 60, 36, 35, 23, 28, 59, 67, 9, 38, 49, 36, 46, 15
1460865068, 36, 69, 55, 58, 36, 35, 25, 30, 59, 67, 9, 37, 48, 33, 44, 14
1460865068, 30, 69, 55, 57, 36, 35, 25, 30, 59, 67, 9, 36, 48, 33, 44, 14
1460865068, 23, 69, 55, 57, 36, 35, 25, 30, 59, 67, 9, 36, 47, 33, 43, 14
1460865068, 39, 69, 54, 56, 36, 35, 26, 32, 59, 67, 10, 36, 47, 31, 42, 14
1460865068, 21, 69, 53, 55, 36, 35, 27, 32, 59, 67, 10, 35, 46, 31, 41, 14
1460865068, 8, 68, 53, 55, 36, 35, 27, 32, 59, 66, 10, 35, 46, 31, 41, 14
1460865068, 39, 68, 53, 55, 36, 35, 27, 32, 58, 66, 10, 34, 46, 30, 41, 14
1460865068, 33, 67, 52, 54, 36, 35, 27, 32, 58, 65, 10, 34, 45, 30, 40, 14
1460865068, 18, 66, 52, 54, 36, 35, 27, 33, 58, 64, 10, 34, 45, 29, 40, 14
1460865069, 20, 66, 52, 53, 36, 35, 27, 33, 58, 64, 10, 34, 45, 29, 40, 14
1460865069, 17, 65, 52, 53, 36, 35, 27, 33, 57, 64, 10, 34, 45, 29, 40, 14
1460865069, 14, 65, 52, 53, 36, 35, 27, 32, 56, 63, 10, 34, 45, 29, 40, 14
1460865069, 21, 64, 51, 53, 36, 35, 26, 31, 55, 61, 10, 34, 45, 29, 39, 14
1460865069, 27, 63, 51, 53, 36, 35, 26, 30, 54, 60, 10, 34, 44, 29, 39, 14
1460865069, 123, 62, 51, 53, 36, 35, 26, 28, 53, 58, 9, 33, 44, 29, 40, 14
1460865069, 530, 62, 51, 53, 36, 35, 26, 24, 51, 56, 9, 34, 45, 31, 41, 14
1460865069, 340, 57, 92, 97, 36, 35, 57, 58, 46, 46, 22, 98, 99, 102, 99, 15
1460865069, 186, 58, 97, 103, 35, 35, 71, 76, 46, 48, 33, 109, 109, 115, 110, 15
1460865069, 160, 57, 100, 105, 38, 35, 81, 85, 37, 44, 35, 110, 114, 115, 115, 16
1460865069, 82, 54, 101, 106, 39, 35, 85, 87, 32, 39, 36, 109, 113, 113, 114, 15
1460865069, 43, 52, 101, 106, 39, 35, 87, 89, 27, 35, 36, 108, 113, 112, 113, 15
1460865069, 17, 52, 102, 106, 39, 35, 86, 89, 26, 34, 35, 107, 112, 111, 112, 15
1460865069, 14, 52, 102, 106, 40, 35, 85, 87, 26, 35, 35, 107, 112, 110, 112, 15
1460865069, 20, 52, 102, 106, 40, 35, 84, 87, 27, 36, 35, 107, 112, 110, 112, 15
1460865069, 27, 52, 102, 106, 40, 35, 82, 85, 28, 38, 35, 107, 113, 110, 113, 15
1460865069, 63, 53, 102, 106, 40, 35, 77, 81, 33, 43, 35, 108, 114, 111, 113, 15
1460865069, 110, 55, 103, 106, 40, 35, 73, 78, 37, 47, 34, 108, 114, 110, 112, 15
1460865069, 136, 57, 102, 106, 40, 35, 70, 75, 40, 50, 33, 108, 113, 108, 111, 15
1460865069, 219, 60, 101, 81, 40, 35, 58, 28, 48, 58, 62, 103, 109, 59, 69, 15
1460865069, 287, 63, 73, 52, 40, 35, 16, 35, 51, 61, 33, 51, 63, 20, 34, 15
1460865069, 295, 65, 69, 49, 41, 35, 12, 35, 50, 61, 30, 46, 58, 17, 32, 15
1460865069, 193, 59, 68, 47, 40, 36, 10, 29, 45, 54, 31, 49, 59, 18, 31, 15
1460865070, 83, 56, 68, 44, 39, 36, 13, 33, 47, 53, 38, 53, 60, 16, 28, 15
1460865070, 56, 53, 68, 42, 39, 36, 15, 36, 44, 52, 43, 53, 62, 12, 27, 15
1460865070, 25, 52, 68, 42, 39, 36, 16, 36, 43, 51, 45, 53, 62, 12, 26, 15
1460865070, 12, 50, 68, 42, 39, 36, 18, 34, 40, 47, 45, 53, 62, 12, 26, 15
1460865070, 25, 49, 68, 42, 39, 36, 18, 34, 40, 47, 45, 53, 62, 12, 26, 15
1460865070, 9, 49, 68, 42, 39, 36, 19, 34, 41, 47, 45, 53, 62, 12, 26, 15
1460865070, 8, 49, 68, 42, 39, 36, 19, 34, 41, 47, 45, 53, 62, 12, 26, 15
1460865070, 27, 49, 68, 42, 39, 36, 19, 35, 41, 48, 45, 53, 62, 12, 26, 14
1460865070, 9, 48, 68, 42, 39, 36, 19, 35, 41, 48, 45, 53, 62, 12, 26, 14
1460865070, 30, 48, 68, 42, 39, 36, 20, 34, 40, 46, 45, 53, 62, 12, 26, 15
1460865070, 21, 48, 68, 42, 39, 36, 20, 33, 39, 46, 45, 53, 62, 12, 26, 15
1460865070, 13, 48, 68, 42, 39, 36, 20, 33, 39, 46, 45, 53, 62, 12, 26, 15
1460865070, 19, 48, 68, 42, 39, 36, 20, 33, 39, 45, 44, 53, 62, 12, 26, 15
1460865070, 19, 49, 68, 42, 39, 36, 20, 32, 38, 44, 44, 53, 62, 12, 27, 15
1460865070, 9, 49, 68, 42, 39, 36, 20, 32, 38, 44, 44, 53, 62, 12, 27, 15
1460865070, 4, 50, 67, 42, 39, 36, 20, 32, 38, 45, 43, 52, 62, 12, 27, 15
1460865070, 109, 51, 67, 42, 39, 36, 19, 33, 39, 45, 43, 52, 61, 12, 27, 15
1460865070, 498, 53, 66, 43, 39, 36, 17, 32, 40, 47, 39, 50, 60, 13, 28, 15
1460865070, 447, 59, 86, 76, 51, 44, 36, 18, 40, 46, 26, 76, 82, 54, 61, 15
1460865070, 364, 60, 102, 107, 70, 56, 78, 81, 28, 32, 33, 106, 109, 108, 108, 19
1460865070, 163, 60, 102, 107, 71, 57, 79, 83, 28, 32, 35, 106, 109, 109, 109, 19
1460865070, 54, 60, 103, 107, 72, 57, 79, 83, 26, 31, 36, 104, 108, 105, 108, 20
1460865070, 67, 60, 103, 107, 72, 57, 78, 82, 25, 30, 36, 102, 107, 103, 105, 20
1460865070, 54, 60, 103, 107, 72, 58, 77, 81, 24, 29, 37, 99, 105, 101, 103, 20
1460865071, 26, 60, 103, 107, 73, 59, 76, 81, 22, 28, 36, 96, 102, 97, 100, 20
1460865071, 23, 60, 103, 107, 73, 59, 76, 80, 21, 27, 36, 94, 101, 94, 99, 20
1460865071, 7, 60, 103, 107, 73, 60, 76, 80, 21, 27, 35, 93, 100, 94, 98, 20
1460865071, 29, 62, 103, 107, 73, 60, 71, 79, 28, 37, 35, 92, 100, 92, 97, 21
1460865071, 157, 62, 103, 107, 74, 61, 67, 77, 33, 43, 34, 90, 99, 89, 94, 21
1460865071, 118, 62, 92, 105, 75, 62, 35, 70, 37, 47, 45, 52, 69, 76, 86, 22
1460865071, 222, 61, 74, 82, 74, 62, 16, 28, 37, 47, 17, 29, 45, 22, 42, 21
1460865071, 185, 61, 74, 79, 70, 57, 14, 23, 33, 41, 13, 30, 44, 25, 41, 19
1460865071, 149, 58, 73, 76, 64, 53, 15, 18, 32, 35, 11, 37, 46, 32, 41, 17
1460865071, 123, 57, 72, 69, 62, 51, 15, 27, 36, 37, 23, 39, 45, 17, 30, 16
1460865071, 88, 56, 71, 65, 61, 50, 16, 36, 40, 40, 34, 42, 47, 13, 27, 16
1460865071, 50, 55, 62, 64, 59, 49, 27, 37, 43, 41, 12, 23, 31, 13, 26, 15
1460865071, 84, 53, 60, 64, 59, 48, 29, 36, 40, 39, 9, 21, 30, 13, 26, 15
1460865071, 59, 51, 59, 64, 59, 48, 30, 36, 39, 36, 9, 19, 29, 13, 26, 15
1460865071, 75, 49, 59, 63, 59, 48, 33, 38, 40, 38, 8, 19, 28, 13, 26, 15
1460865071, 32, 47, 59, 63, 59, 48, 34, 39, 42, 39, 8, 18, 29, 13, 27, 15
1460865071, 26, 47, 59, 63, 59, 48, 34, 40, 42, 39, 8, 18, 29, 13, 27, 15
1460865071, 28, 47, 59, 63, 59, 48, 34, 39, 42, 38, 8, 19, 29, 13, 27, 15
1460865071, 14, 48, 59, 63, 59, 48, 34, 38, 41, 38, 8, 19, 29, 13, 26, 15
1460865071, 12, 48, 59, 63, 59, 48, 33, 38, 41, 38, 8, 19, 29, 13, 27, 15
1460865071, 7, 48, 59, 63, 59, 48, 33, 38, 41, 38, 8, 19, 29, 13, 26, 15
1460865071, 5, 48, 59, 63, 59, 48, 33, 38, 42, 38, 8, 19, 29, 14, 26, 15
1460865071, 8, 49, 58, 63, 59, 48, 33, 38, 42, 38, 8, 19, 28, 14, 26, 15
1460865072, 51, 49, 57, 63, 59, 48, 34, 38, 42, 37, 8, 18, 28, 13, 26, 15
1460865072, 351, 49, 57, 63, 59, 48, 33, 37, 40, 35, 8, 18, 28, 13, 26, 15
1460865072, 446, 49, 57, 62, 59, 48, 32, 35, 38, 34, 8, 18, 28, 13, 26, 15
1460865072, 542, 52, 58, 64, 59, 48, 32, 31, 33, 27, 8, 20, 29, 16, 28, 15
1460865072, 489, 53, 58, 64, 59, 48, 39, 37, 33, 24, 8, 21, 30, 18, 29, 15
1460865072, 662, 55, 80, 83, 51, 43, 46, 39, 35, 29, 14, 65, 68, 61, 64, 15
1460865072, 386, 58, 100, 103, 57, 36, 88, 81, 31, 36, 32, 111, 111, 110, 107, 32
1460865072, 119, 58, 100, 104, 58, 36, 92, 85, 31, 37, 34, 113, 113, 113, 109, 34
1460865072, 27, 58, 100, 104, 58, 36, 93, 87, 31, 36, 34, 114, 113, 114, 109, 35
1460865072, 8, 58, 100, 105, 58, 36, 94, 88, 31, 36, 34, 114, 113, 114, 110, 35
1460865072, 16, 58, 100, 105, 59, 36, 94, 88, 31, 36, 34, 114, 113, 115, 110, 35
1460865072, 35, 59, 100, 105, 59, 36, 94, 88, 32, 36, 33, 114, 113, 115, 110, 36
1460865072, 46, 59, 100, 105, 59, 35, 93, 87, 32, 37, 33, 114, 113, 115, 110, 36
1460865072, 49, 59, 100, 105, 59, 35, 91, 86, 33, 38, 32, 114, 113, 115, 110, 36
1460865072, 77, 60, 100, 104, 59, 35, 85, 79, 34, 41, 31, 113, 112, 112, 108, 36
1460865072, 162, 61, 100, 102, 59, 35, 82, 71, 36, 44, 31, 112, 111, 106, 104, 36
1460865072, 210, 63, 98, 92, 59, 35, 65, 41, 40, 52, 35, 104, 106, 81, 88, 36
1460865072, 181, 65, 97, 73, 59, 35, 61, 9, 42, 57, 64, 102, 106, 43, 62, 36
1460865072, 184, 65, 97, 69, 57, 46, 61, 14, 33, 46, 75, 93, 98, 24, 41, 20
1460865072, 137, 64, 97, 63, 56, 47, 61, 21, 35, 45, 83, 95, 98, 17, 33, 18
1460865072, 56, 64, 97, 62, 56, 47, 61, 24, 36, 46, 85, 96, 98, 16, 32, 17
1460865072, 61, 61, 97, 61, 55, 47, 63, 25, 35, 43, 88, 97, 99, 15, 30, 17
1460865072, 112, 59, 97, 61, 55, 47, 65, 24, 33, 41, 89, 97, 100, 14, 30, 16
1460865072, 67, 56, 97, 60, 55, 47, 66, 25, 32, 39, 91, 97, 101, 14, 29, 16
1460865073, 33, 55, 97, 60, 55, 47, 66, 26, 31, 39, 92, 98, 101, 13, 29, 16
1460865073, 29, 52, 97, 59, 55, 46, 68, 26, 34, 37, 93, 102, 103, 14, 29, 16
1460865073, 12, 52, 97, 59, 54, 46, 68, 27, 35, 38, 95, 104, 104, 15, 28, 16
1460865073, 20, 51, 97, 59, 54, 46, 68, 28, 35, 38, 95, 104, 104, 14, 28, 16
1460865073, 22, 50, 85, 59, 54, 46, 41, 28, 35, 38, 63, 74, 77, 14, 28, 16
1460865073, 13, 49, 71, 59, 54, 46, 22, 30, 38, 39, 38, 50, 55, 15, 28, 16
1460865073, 2, 48, 71, 59, 54, 46, 22, 31, 38, 39, 38, 50, 55, 15, 28, 15
1460865073, 2, 47, 70, 59, 54, 46, 23, 30, 37, 37, 38, 50, 54, 15, 28, 15
1460865073, 34, 47, 70, 59, 54, 46, 23, 31, 38, 38, 38, 50, 54, 15, 28, 15
1460865073, 31, 47, 70, 59, 54, 46, 23, 32, 39, 38, 38, 50, 54, 15, 28, 15
1460865073, 110, 48, 70, 59, 54, 46, 24, 31, 36, 35, 37, 49, 54, 15, 28, 15
1460865073, 222, 48, 61, 59, 54, 46, 20, 31, 35, 34, 23, 35, 43, 14, 28, 15
1460865073, 675, 49, 54, 60, 55, 46, 23, 25, 33, 33, 11, 26, 35, 18, 30, 15
1460865073, 365, 52, 95, 100, 40, 37, 70, 73, 33, 40, 27, 100, 105, 105, 107, 15
1460865073, 244, 51, 99, 104, 39, 36, 78, 83, 32, 39, 36, 106, 111, 111, 111, 15
1460865073, 102, 51, 100, 105, 39, 36, 79, 85, 29, 38, 37, 105, 111, 110, 111, 16
1460865073, 61, 51, 101, 106, 39, 36, 81, 85, 27, 37, 38, 104, 111, 108, 110, 16
1460865073, 58, 51, 102, 106, 40, 36, 82, 86, 25, 36, 38, 104, 111, 107, 110, 16
1460865073, 32, 51, 102, 107, 40, 37, 83, 88, 23, 34, 38, 103, 110, 106, 109, 16
1460865073, 21, 51, 102, 107, 41, 37, 83, 88, 21, 33, 38, 102, 109, 105, 108, 16
1460865073, 11, 51, 103, 107, 41, 37, 84, 89, 20, 32, 37, 101, 109, 104, 108, 16
1460865073, 10, 51, 103, 107, 41, 37, 85, 89, 19, 31, 37, 101, 109, 104, 108, 16
1460865073, 52, 51, 103, 107, 42, 37, 84, 89, 18, 32, 37, 100, 108, 103, 107, 16
1460865074, 88, 51, 103, 107, 42, 37, 82, 87, 20, 34, 36, 100, 108, 102, 106, 16
1460865074, 143, 54, 103, 106, 43, 38, 78, 82, 25, 41, 32, 99, 108, 98, 104, 16
1460865074, 119, 58, 102, 94, 43, 38, 65, 44, 35, 50, 45, 94, 103, 67, 79, 16
1460865074, 261, 59, 77, 78, 42, 38, 19, 26, 38, 53, 12, 47, 63, 44, 59, 16
1460865074, 200, 60, 72, 76, 41, 38, 14, 21, 37, 52, 12, 43, 59, 43, 57, 16
1460865074, 153, 59, 71, 73, 40, 37, 14, 19, 37, 49, 11, 45, 59, 41, 54, 16
1460865074, 133, 58, 67, 70, 40, 37, 15, 20, 37, 50, 10, 40, 55, 39, 52, 16
1460865074, 56, 58, 66, 69, 40, 37, 16, 21, 38, 50, 10, 40, 54, 37, 51, 16
1460865074, 31, 57, 56, 56, 42, 38, 24, 28, 39, 49, 8, 27, 43, 20, 37, 17
1460865074, 21, 56, 53, 54, 44, 39, 25, 28, 39, 50, 9, 25, 41, 18, 35, 17
1460865074, 10, 56, 51, 53, 45, 40, 27, 29, 42, 51, 9, 24, 40, 18, 34, 17
1460865074, 6, 57, 50, 52, 45, 40, 28, 30, 44, 52, 9, 25, 39, 18, 33, 17
1460865074, 12, 57, 50, 51, 45, 40, 28, 31, 48, 54, 9, 27, 40, 20, 33, 16
1460865074, 22, 57, 50, 50, 45, 40, 27, 32, 51, 55, 9, 29, 40, 22, 33, 16
1460865074, 21, 57, 49, 50, 45, 40, 28, 33, 52, 56, 10, 30, 40, 22, 32, 16
1460865074, 24, 57, 49, 50, 45, 40, 28, 33, 54, 56, 10, 30, 40, 22, 32, 16
1460865074, 16, 56, 49, 49, 45, 40, 30, 35, 55, 58, 10, 30, 40, 23, 32, 15
1460865074, 18, 56, 49, 49, 45, 40, 30, 35, 56, 58, 10, 30, 39, 22, 32, 15
1460865074, 24, 57, 48, 49, 45, 40, 31, 36, 56, 58, 10, 29, 39, 22, 31, 15
1460865074, 13, 57, 48, 49, 45, 40, 31, 36, 56, 58, 10, 29, 39, 22, 31, 15
1460865074, 50, 57, 48, 49, 46, 40, 32, 35, 55, 58, 9, 28, 38, 21, 31, 15
1460865074, 68, 57, 47, 49, 46, 40, 32, 35, 54, 57, 9, 28, 38, 21, 31, 15
1460865074, 435, 57, 48, 49, 46, 40, 32, 32, 50, 52, 9, 28, 38, 21, 31, 15
1460865075, 200, 57, 73, 76, 42, 38, 25, 21, 44, 49, 14, 62, 71, 63, 70, 15
1460865075, 353, 56, 99, 103, 40, 37, 76, 81, 29, 40, 36, 99, 108, 104, 108, 15
1460865075, 261, 55, 100, 105, 40, 38, 81, 87, 25, 37, 39, 101, 109, 106, 110, 15
1460865075, 94, 55, 101, 106, 43, 39, 84, 90, 21, 34, 38, 101, 109, 106, 109, 15
1460865075, 30, 55, 102, 107, 45, 40, 86, 92, 18, 31, 37, 101, 109, 105, 109, 16
1460865075, 13, 55, 103, 107, 47, 42, 88, 93, 15, 29, 37, 100, 108, 104, 108, 16
1460865075, 20, 55, 103, 107, 48, 42, 89, 94, 13, 28, 36, 99, 108, 103, 108, 16
1460865075, 25, 55, 103, 108, 50, 43, 90, 95, 11, 27, 36, 99, 108, 103, 108, 17
1460865075, 24, 55, 103, 108, 50, 44, 90, 96, 10, 27, 36, 99, 107, 102, 107, 17
1460865075, 25, 55, 103, 108, 51, 44, 90, 96, 10, 26, 36, 98, 107, 102, 107, 17
1460865075, 14, 55, 103, 108, 51, 44, 90, 96, 10, 26, 36, 98, 107, 102, 106, 17
1460865075, 10, 55, 103, 108, 51, 44, 90, 96, 9, 26, 35, 98, 107, 101, 106, 17
1460865075, 16, 55, 103, 108, 51, 44, 90, 96, 9, 26, 35, 98, 107, 101, 106, 17
1460865075, 51, 55, 103, 108, 51, 44, 90, 95, 9, 26, 35, 98, 106, 101, 106, 17
1460865075, 136, 55, 103, 107, 51, 44, 89, 93, 11, 28, 33, 97, 106, 99, 104, 17
1460865075, 133, 55, 103, 107, 51, 44, 83, 85, 17, 33, 32, 96, 105, 95, 101, 17
1460865075, 215, 58, 79, 79, 50, 44, 21, 23, 29, 44, 13, 45, 61, 38, 53, 17
1460865075, 226, 60, 72, 75, 47, 42, 12, 18, 34, 46, 13, 42, 55, 39, 51, 15
1460865075, 215, 58, 72, 74, 45, 39, 15, 16, 32, 43, 13, 43, 57, 39, 52, 15
1460865075, 119, 55, 71, 60, 44, 38, 19, 19, 30, 40, 24, 45, 58, 24, 38, 14
1460865075, 137, 53, 71, 48, 44, 38, 21, 22, 28, 38, 34, 45, 58, 15, 29, 14
1460865075, 55, 51, 71, 46, 43, 38, 22, 21, 30, 37, 35, 47, 58, 15, 28, 14
1460865075, 36, 50, 64, 46, 42, 38, 18, 25, 36, 42, 24, 38, 49, 15, 28, 14
1460865075, 46, 49, 49, 45, 42, 38, 23, 28, 39, 46, 9, 25, 37, 15, 28, 14
1460865076, 63, 48, 47, 45, 42, 37, 23, 30, 40, 47, 10, 24, 36, 15, 27, 14
1460865076, 59, 47, 46, 44, 42, 37, 24, 32, 41, 47, 10, 24, 36, 14, 27, 14
1460865076, 66, 47, 45, 43, 42, 37, 24, 32, 41, 47, 10, 24, 36, 14, 27, 14
1460865076, 135, 45, 45, 43, 42, 37, 24, 32, 40, 46, 10, 24, 35, 14, 27, 14
1460865076, 125, 43, 44, 43, 42, 37, 24, 32, 40, 46, 10, 24, 35, 14, 27, 14
1460865076, 161, 40, 44, 43, 42, 37, 25, 32, 40, 46, 10, 23, 35, 14, 27, 14
1460865076, 102, 37, 43, 43, 42, 37, 24, 31, 39, 44, 10, 23, 35, 13, 27, 14
1460865076, 47, 36, 43, 43, 42, 36, 24, 31, 38, 43, 10, 23, 35, 13, 27, 14
1460865076, 161, 35, 43, 43, 42, 36, 24, 30, 37, 42, 10, 23, 35, 13, 27, 14
1460865076, 398, 38, 42, 42, 42, 36, 19, 23, 28, 34, 10, 23, 35, 13, 26, 14
1460865076, 860, 43, 41, 42, 45, 36, 21, 17, 13, 26, 9, 24, 34, 16, 27, 18
1460865076, 671, 60, 95, 96, 50, 40, 58, 53, 38, 44, 30, 95, 99, 90, 92, 14
1460865076, 335, 63, 99, 104, 51, 41, 73, 74, 44, 47, 29, 113, 110, 112, 108, 14
1460865076, 105, 64, 98, 104, 52, 41, 74, 74, 44, 47, 26, 113, 110, 114, 110, 14
1460865076, 22, 63, 98, 104, 52, 41, 75, 75, 43, 44, 25, 113, 109, 114, 110, 14
1460865076, 28, 62, 98, 104, 52, 41, 76, 75, 42, 42, 25, 113, 109, 115, 110, 14
1460865076, 27, 62, 98, 104, 53, 42, 76, 75, 41, 41, 25, 113, 109, 115, 110, 14
1460865076, 25, 61, 97, 105, 53, 42, 76, 75, 40, 40, 24, 112, 108, 114, 109, 14
1460865076, 50, 61, 97, 105, 53, 42, 76, 75, 40, 39, 24, 111, 107, 114, 108, 14
1460865076, 48, 61, 97, 105, 54, 42, 76, 75, 39, 39, 24, 111, 106, 113, 108, 14
1460865076, 48, 63, 97, 104, 54, 42, 75, 75, 39, 40, 24, 111, 106, 113, 108, 14
1460865076, 59, 65, 97, 104, 54, 43, 73, 74, 41, 43, 23, 110, 106, 112, 107, 14
1460865076, 64, 66, 97, 104, 54, 43, 70, 72, 42, 45, 23, 108, 104, 110, 105, 14
1460865077, 97, 67, 95, 102, 55, 43, 56, 65, 44, 48, 22, 97, 96, 103, 101, 15
1460865077, 119, 70, 94, 82, 55, 43, 51, 19, 48, 53, 47, 92, 92, 54, 60, 15
1460865077, 142, 72, 93, 65, 55, 43, 49, 28, 48, 55, 73, 89, 89, 23, 34, 15
1460865077, 194, 71, 85, 62, 55, 43, 23, 30, 46, 53, 52, 65, 70, 17, 30, 15
1460865077, 139, 69, 61, 61, 55, 43, 22, 30, 41, 47, 11, 26, 35, 16, 28, 15
1460865077, 107, 66, 56, 59, 55, 43, 34, 33, 34, 38, 9, 21, 31, 13, 26, 15
1460865077, 40, 64, 54, 56, 55, 43, 39, 37, 30, 32, 10, 21, 29, 13, 24, 15
1460865077, 16, 63, 52, 55, 55, 43, 42, 40, 29, 30, 10, 21, 29, 13, 24, 15
1460865077, 11, 63, 52, 54, 55, 43, 44, 41, 29, 29, 10, 21, 28, 13, 23, 15
1460865077, 88, 62, 51, 53, 55, 43, 45, 42, 28, 27, 10, 21, 28, 14, 23, 15
1460865077, 51, 62, 51, 53, 55, 43, 45, 42, 28, 27, 10, 21, 28, 14, 23, 15
1460865077, 14, 62, 51, 53, 55, 43, 45, 42, 28, 27, 10, 21, 28, 14, 23, 15
1460865077, 5, 62, 51, 53, 55, 43, 45, 42, 28, 26, 10, 21, 28, 14, 23, 15
1460865077, 4, 62, 51, 53, 55, 43, 45, 42, 28, 26, 10, 21, 28, 14, 23, 15
1460865077, 74, 62, 51, 54, 55, 43, 45, 41, 28, 26, 10, 21, 28, 13, 23, 15
1460865077, 49, 62, 52, 54, 55, 43, 45, 40, 28, 26, 10, 21, 28, 13, 23, 15
1460865077, 22, 62, 52, 54, 54, 43, 45, 40, 28, 26, 10, 21, 29, 12, 23, 14
1460865077, 24, 62, 52, 55, 54, 43, 45, 39, 29, 25, 10, 21, 29, 12, 23, 14
1460865077, 112, 62, 52, 56, 54, 43, 45, 38, 28, 25, 9, 21, 29, 13, 24, 14
1460865077, 351, 61, 53, 58, 54, 43, 44, 36, 25, 25, 10, 21, 29, 13, 26, 14
1460865077, 747, 62, 54, 61, 56, 42, 33, 24, 17, 27, 12, 22, 31, 15, 30, 18
1460865077, 646, 72, 93, 51, 46, 41, 53, 43, 54, 63, 87, 93, 95, 14, 28, 15
1460865077, 489, 74, 96, 48, 44, 41, 70, 50, 61, 69, 103, 107, 105, 13, 27, 15
1460865077, 139, 74, 97, 46, 44, 41, 73, 53, 62, 70, 107, 110, 108, 12, 27, 15
1460865078, 60, 74, 97, 46, 43, 40, 74, 55, 64, 72, 109, 111, 108, 12, 27, 16
1460865078, 25, 75, 97, 45, 43, 40, 76, 58, 67, 76, 110, 112, 109, 11, 27, 16
1460865078, 48, 75, 97, 45, 43, 40, 77, 59, 67, 77, 110, 112, 109, 11, 27, 16
1460865078, 89, 76, 97, 45, 43, 40, 78, 60, 69, 79, 111, 113, 110, 11, 27, 16
1460865078, 16, 77, 98, 45, 43, 40, 79, 62, 72, 81, 111, 113, 110, 11, 27, 16
1460865078, 29, 76, 98, 45, 43, 40, 78, 63, 71, 81, 112, 113, 111, 11, 27, 16
1460865078, 60, 76, 98, 44, 43, 40, 78, 63, 72, 81, 112, 113, 111, 11, 27, 16
1460865078, 35, 76, 98, 44, 43, 40, 78, 63, 72, 81, 112, 113, 111, 11, 27, 16
1460865078, 66, 76, 97, 43, 43, 40, 76, 63, 72, 81, 110, 113, 110, 11, 27, 16
1460865078, 750, 68, 54, 42, 41, 39, 31, 53, 62, 71, 24, 33, 44, 12, 28, 16
1460865078, 190, 63, 39, 41, 40, 38, 39, 48, 57, 67, 9, 21, 35, 12, 28, 15
1460865078, 223, 62, 39, 40, 39, 38, 39, 47, 57, 67, 9, 21, 35, 13, 28, 15
1460865078, 199, 62, 38, 40, 39, 37, 39, 46, 58, 66, 9, 22, 35, 14, 28, 15
1460865078, 204, 61, 38, 40, 38, 37, 39, 47, 58, 66, 9, 22, 35, 14, 28, 15
1460865078, 212, 61, 38, 39, 38, 37, 39, 47, 58, 66, 9, 22, 35, 13, 28, 15
1460865078, 154, 61, 38, 39, 37, 36, 39, 47, 58, 66, 9, 22, 35, 13, 28, 15
1460865078, 144, 61, 38, 38, 37, 36, 39, 47, 59, 67, 9, 23, 35, 14, 28, 15
1460865078, 217, 60, 38, 38, 37, 36, 38, 46, 56, 64, 9, 23, 35, 14, 28, 15
1460865078, 87, 58, 37, 38, 36, 36, 37, 43, 52, 58, 9, 23, 35, 14, 28, 15
1460865078, 61, 58, 37, 38, 36, 35, 37, 43, 51, 57, 9, 23, 35, 14, 28, 14
1460865078, 91, 58, 36, 37, 36, 35, 38, 43, 50, 56, 9, 23, 35, 14, 27, 14
1460865078, 54, 58, 36, 37, 36, 35, 38, 43, 50, 56, 9, 22, 35, 14, 27, 14
1460865078, 20, 57, 36, 37, 36, 35, 38, 43, 50, 55, 9, 22, 35, 14, 27, 14
1460865079, 10, 57, 36, 37, 36, 35, 38, 43, 49, 55, 9, 22, 34, 13, 27, 14
1460865079, 5, 57, 36, 37, 37, 34, 38, 42, 48, 55, 9, 22, 34, 13, 27, 15
1460865079, 7, 57, 36, 38, 37, 34, 38, 42, 48, 55, 9, 22, 34, 13, 27, 15
1460865079, 11, 56, 36, 38, 37, 34, 38, 42, 48, 54, 9, 21, 34, 13, 27, 14
1460865079, 134, 56, 36, 38, 37, 34, 38, 42, 48, 54, 9, 22, 34, 13, 27, 14
1460865079, 663, 54, 36, 37, 36, 34, 37, 41, 47, 51, 9, 22, 34, 13, 27, 14
1460865079, 578, 54, 37, 39, 36, 34, 36, 37, 46, 50, 8, 23, 34, 15, 28, 14
1460865079, 390, 55, 37, 41, 38, 34, 37, 32, 41, 47, 9, 21, 34, 16, 30, 15
1460865079, 101, 56, 37, 41, 37, 34, 39, 33, 41, 46, 9, 21, 34, 17, 30, 15
1460865079, 52, 57, 37, 41, 37, 34, 41, 36, 42, 46, 9, 22, 34, 16, 30, 15
1460865079, 31, 57, 37, 40, 37, 34, 42, 40, 43, 46, 8, 22, 34, 14, 29, 15
1460865079, 29, 58, 89, 40, 37, 34, 56, 43, 44, 46, 79, 88, 94, 14, 28, 15
1460865079, 13, 58, 95, 40, 37, 34, 71, 43, 44, 46, 93, 102, 106, 14, 28, 14
1460865079, 11, 58, 96, 40, 37, 34, 71, 43, 44, 46, 93, 102, 107, 15, 28, 14
1460865079, 42, 57, 96, 42, 37, 34, 70, 38, 43, 46, 87, 101, 107, 18, 31, 14
1460865079, 79, 58, 96, 43, 39, 35, 63, 35, 39, 46, 85, 96, 104, 16, 30, 15
1460865079, 163, 58, 53, 42, 38, 35, 32, 37, 42, 45, 17, 31, 44, 15, 29, 14
1460865079, 304, 57, 45, 42, 38, 35, 38, 37, 40, 43, 9, 24, 37, 15, 28, 14
1460865079, 137, 56, 40, 41, 38, 35, 45, 39, 37, 34, 9, 22, 35, 15, 28, 14
1460865079, 239, 56, 40, 41, 38, 35, 47, 40, 37, 31, 9, 22, 35, 15, 28, 14
1460865079, 270, 55, 39, 41, 38, 35, 47, 41, 37, 30, 9, 22, 35, 15, 28, 14
1460865079, 639, 56, 38, 41, 35, 34, 40, 37, 45, 45, 9, 22, 34, 16, 28, 14
1460865079, 503, 62, 38, 40, 35, 33, 40, 44, 58, 67, 8, 21, 34, 16, 29, 14
1460865079, 207, 63, 37, 40, 36, 33, 41, 46, 60, 69, 8, 21, 34, 15, 29, 15
1460865080, 94, 63, 37, 40, 36, 33, 40, 44, 57, 67, 8, 20, 33, 14, 29, 15
1460865080, 61, 60, 37, 40, 37, 33, 36, 37, 47, 57, 7, 20, 33, 14, 29, 16
1460865080, 40, 59, 37, 40, 36, 33, 36, 34, 44, 53, 7, 20, 34, 14, 30, 16
1460865080, 13, 59, 38, 40, 36, 34, 35, 33, 43, 53, 7, 20, 34, 14, 30, 16
1460865080, 10, 59, 38, 40, 36, 34, 34, 33, 43, 53, 7, 20, 35, 15, 30, 16
1460865080, 10, 59, 38, 40, 36, 34, 34, 33, 43, 53, 8, 21, 35, 15, 30, 16
1460865080, 27, 59, 38, 40, 36, 34, 34, 33, 44, 53, 8, 21, 35, 15, 30, 16
1460865080, 30, 59, 38, 40, 36, 34, 34, 33, 45, 53, 8, 21, 36, 16, 30, 16
1460865080, 24, 59, 38, 40, 35, 34, 34, 33, 47, 54, 8, 23, 36, 18, 31, 15
1460865080, 55, 59, 38, 40, 35, 34, 34, 33, 49, 54, 8, 24, 36, 18, 31, 15
1460865080, 162, 59, 38, 40, 35, 34, 34, 34, 49, 54, 8, 24, 37, 18, 31, 15
1460865080, 148, 59, 38, 39, 35, 34, 34, 36, 49, 55, 8, 24, 37, 17, 30, 15
1460865080, 277, 58, 38, 38, 35, 34, 35, 37, 49, 54, 9, 24, 36, 16, 29, 15
1460865080, 241, 58, 37, 37, 35, 35, 36, 40, 48, 53, 10, 23, 36, 13, 28, 15
1460865080, 509, 54, 37, 38, 35, 35, 33, 35, 44, 48, 10, 24, 36, 15, 29, 15
1460865080, 499, 53, 39, 41, 35, 35, 29, 31, 42, 46, 10, 26, 38, 18, 31, 15
1460865080, 378, 53, 41, 39, 37, 35, 25, 32, 35, 46, 13, 23, 40, 12, 29, 17
1460865080, 774, 59, 98, 101, 45, 39, 73, 73, 32, 43, 36, 101, 108, 101, 104, 17
1460865080, 218, 60, 102, 105, 46, 40, 88, 89, 31, 43, 45, 112, 117, 111, 111, 17
1460865080, 74, 61, 102, 105, 46, 39, 88, 89, 31, 43, 45, 112, 116, 111, 111, 17
1460865080, 28, 61, 102, 105, 45, 39, 88, 89, 31, 43, 45, 111, 115, 110, 110, 17
1460865080, 23, 61, 102, 105, 44, 39, 87, 89, 30, 43, 45, 109, 114, 109, 109, 17
1460865080, 64, 61, 102, 105, 44, 38, 86, 88, 30, 43, 44, 108, 113, 107, 108, 17
1460865081, 117, 61, 102, 105, 43, 38, 85, 86, 30, 43, 43, 106, 112, 105, 106, 17
1460865081, 97, 61, 100, 102, 43, 38, 76, 74, 27, 42, 37, 97, 105, 93, 98, 17
1460865081, 143, 62, 98, 74, 43, 38, 69, 17, 26, 41, 56, 89, 99, 43, 57, 17
1460865081, 167, 62, 88, 50, 43, 38, 43, 19, 27, 40, 54, 68, 80, 17, 34, 17
1460865081, 187, 61, 81, 48, 43, 38, 31, 23, 27, 39, 42, 54, 69, 16, 33, 17
1460865081, 163, 59, 69, 46, 43, 38, 26, 25, 25, 36, 27, 39, 55, 15, 32, 17
1460865081, 131, 59, 48, 45, 42, 38, 29, 27, 25, 36, 10, 25, 41, 14, 31, 17
1460865081, 140, 59, 46, 45, 42, 38, 32, 28, 27, 38, 10, 24, 39, 14, 31, 17
1460865081, 114, 60, 45, 44, 41, 37, 33, 31, 33, 40, 10, 24, 39, 14, 30, 16
1460865081, 112, 59, 44, 44, 41, 37, 34, 32, 34, 40, 10, 24, 38, 14, 29, 15
1460865081, 72, 58, 44, 44, 40, 36, 34, 31, 34, 39, 10, 24, 37, 15, 29, 15
1460865081, 63, 57, 44, 44, 40, 35, 32, 30, 33, 40, 10, 24, 37, 15, 29, 14
1460865081, 92, 60, 44, 44, 40, 35, 30, 29, 37, 44, 10, 25, 37, 16, 29, 14
1460865081, 78, 60, 44, 44, 39, 35, 30, 29, 38, 45, 10, 25, 37, 16, 29, 14
1460865081, 54, 59, 44, 44, 39, 35, 29, 27, 35, 43, 10, 25, 37, 16, 29, 14
1460865081, 35, 58, 44, 44, 39, 35, 28, 26, 34, 42, 10, 25, 37, 16, 29, 14
1460865081, 16, 58, 44, 44, 40, 35, 28, 26, 34, 42, 10, 25, 37, 16, 29, 14
1460865081, 22, 58, 44, 44, 39, 36, 28, 26, 34, 41, 10, 25, 37, 16, 29, 14
1460865081, 116, 57, 44, 43, 39, 35, 28, 28, 34, 42, 11, 25, 38, 15, 29, 14
1460865081, 153, 57, 43, 42, 38, 35, 29, 29, 37, 41, 11, 27, 38, 16, 28, 14
1460865081, 297, 55, 43, 41, 38, 35, 31, 32, 39, 39, 13, 28, 38, 16, 27, 14
1460865081, 493, 55, 43, 41, 37, 35, 32, 33, 41, 39, 13, 29, 38, 17, 27, 14
1460865081, 881, 55, 42, 42, 37, 35, 34, 31, 42, 43, 10, 28, 38, 20, 30, 13
1460865081, 546, 55, 43, 42, 37, 35, 33, 32, 44, 45, 12, 31, 40, 20, 30, 13
1460865082, 267, 58, 45, 41, 37, 35, 29, 40, 49, 52, 18, 34, 43, 17, 28, 13
1460865082, 102, 60, 47, 40, 37, 35, 25, 45, 53, 57, 24, 37, 45, 15, 27, 13
1460865082, 73, 61, 48, 39, 37, 35, 23, 49, 56, 60, 28, 39, 47, 14, 26, 13
1460865082, 83, 64, 50, 38, 37, 35, 21, 52, 59, 64, 31, 41, 49, 14, 26, 13
1460865082, 101, 66, 52, 38, 37, 35, 18, 54, 62, 67, 35, 45, 52, 14, 26, 13
1460865082, 103, 67, 53, 38, 37, 35, 17, 54, 62, 68, 37, 47, 54, 14, 26, 13
1460865082, 141, 68, 53, 38, 37, 35, 17, 55, 64, 70, 38, 47, 54, 14, 26, 13
1460865082, 318, 67, 53, 39, 38, 35, 17, 53, 63, 68, 37, 47, 54, 14, 27, 13
1460865082, 500, 66, 53, 39, 38, 35, 17, 53, 62, 67, 36, 47, 54, 14, 27, 13
1460865082, 229, 66, 49, 39, 37, 35, 24, 54, 63, 67, 30, 42, 49, 14, 26, 13
1460865082, 133, 65, 44, 39, 37, 35, 33, 55, 63, 67, 22, 34, 42, 14, 26, 13
1460865082, 268, 65, 43, 39, 36, 34, 35, 55, 63, 66, 21, 34, 41, 15, 26, 13
1460865082, 220, 63, 43, 38, 36, 34, 35, 54, 62, 63, 21, 34, 41, 15, 26, 13
1460865082, 76, 61, 43, 38, 36, 34, 37, 54, 60, 60, 21, 34, 41, 14, 26, 13
1460865082, 45, 60, 43, 38, 36, 34, 37, 54, 60, 59, 21, 33, 40, 14, 25, 12
1460865082, 40, 58, 40, 38, 36, 33, 43, 54, 58, 56, 16, 29, 37, 14, 25, 13
1460865082, 56, 56, 37, 38, 36, 33, 49, 53, 55, 51, 12, 25, 34, 14, 25, 13
1460865082, 27, 55, 36, 38, 36, 33, 51, 51, 50, 44, 11, 24, 33, 14, 25, 13
1460865082, 23, 55, 36, 38, 36, 33, 51, 50, 48, 42, 10, 24, 33, 14, 25, 13
1460865082, 29, 55, 36, 38, 36, 33, 52, 50, 47, 40, 10, 23, 33, 14, 25, 13
1460865082, 7, 55, 36, 38, 36, 33, 52, 50, 47, 40, 10, 23, 33, 14, 25, 13
1460865082, 5, 55, 36, 38, 36, 33, 52, 50, 46, 39, 10, 23, 32, 14, 25, 13
1460865082, 34, 55, 36, 38, 36, 33, 52, 50, 46, 39, 10, 23, 32, 14, 25, 13
1460865082, 54, 55, 36, 38, 36, 33, 52, 50, 46, 39, 10, 23, 32, 14, 25, 13
1460865083, 24, 55, 36, 38, 36, 33, 52, 50, 46, 38, 10, 23, 32, 14, 25, 13
1460865083, 6, 55, 36, 38, 36, 33, 52, 50, 45, 38, 10, 23, 32, 14, 25, 13
1460865083, 31, 55, 36, 38, 36, 33, 52, 50, 45, 38, 10, 23, 32, 14, 25, 13
1460865083, 190, 54, 36, 38, 36, 33, 51, 49, 45, 38, 10, 23, 32, 14, 25, 13
1460865083, 672, 54, 36, 38, 37, 33, 51, 49, 44, 37, 10, 22, 32, 13, 25, 13
1460865083, 568, 54, 36, 38, 37, 34, 51, 48, 45, 36, 10, 22, 32, 13, 25, 13
1460865083, 867, 56, 93, 98, 36, 34, 61, 59, 46, 43, 27, 101, 100, 103, 99, 15
1460865083, 302, 56, 98, 102, 36, 35, 73, 73, 46, 45, 34, 110, 110, 113, 108, 15
1460865083, 92, 55, 98, 103, 36, 35, 78, 77, 42, 43, 34, 110, 111, 113, 109, 15
1460865083, 41, 55, 98, 103, 36, 35, 79, 78, 40, 42, 34, 110, 111, 113, 109, 15
1460865083, 28, 55, 98, 104, 36, 35, 80, 79, 40, 41, 34, 110, 111, 113, 110, 15
1460865083, 19, 55, 98, 104, 36, 35, 80, 80, 39, 41, 33, 110, 112, 113, 111, 15
1460865083, 10, 55, 99, 104, 36, 35, 81, 81, 39, 41, 33, 110, 112, 113, 111, 15
1460865083, 14, 55, 99, 104, 36, 35, 81, 82, 39, 41, 33, 110, 112, 114, 112, 15
1460865083, 76, 56, 99, 104, 36, 35, 79, 81, 40, 43, 32, 110, 112, 114, 112, 15
1460865083, 167, 58, 98, 104, 36, 35, 72, 76, 45, 49, 29, 109, 110, 113, 111, 15
1460865083, 124, 61, 98, 90, 36, 35, 68, 39, 49, 54, 42, 108, 110, 87, 89, 15
1460865083, 163, 61, 84, 71, 36, 35, 31, 12, 50, 55, 31, 80, 85, 55, 62, 15
1460865083, 141, 58, 63, 59, 35, 35, 15, 18, 47, 53, 12, 48, 58, 38, 48, 15
1460865083, 99, 56, 48, 41, 36, 35, 26, 33, 44, 50, 14, 30, 43, 16, 30, 15
1460865083, 47, 55, 41, 40, 36, 35, 31, 33, 43, 50, 10, 25, 39, 15, 30, 15
1460865083, 18, 55, 39, 39, 36, 35, 31, 34, 43, 51, 10, 24, 38, 14, 29, 15
1460865083, 11, 54, 38, 38, 36, 35, 31, 35, 43, 51, 10, 23, 37, 13, 28, 15
1460865083, 9, 53, 38, 38, 36, 35, 31, 34, 42, 50, 10, 23, 37, 13, 28, 15
1460865084, 2, 53, 38, 38, 36, 35, 30, 34, 41, 50, 10, 23, 37, 13, 28, 15
1460865084, 1, 52, 38, 38, 36, 35, 30, 34, 40, 49, 10, 23, 37, 13, 28, 15
1460865084, 1, 52, 37, 38, 36, 35, 30, 33, 40, 49, 10, 23, 37, 13, 28, 15
1460865084, 3, 52, 37, 38, 36, 35, 30, 33, 40, 49, 10, 23, 37, 13, 28, 15
1460865084, 6, 52, 37, 38, 36, 35, 29, 32, 40, 49, 10, 23, 37, 13, 28, 15
1460865084, 7, 52, 37, 38, 36, 35, 29, 32, 40, 49, 10, 23, 37, 13, 28, 15
1460865084, 23, 51, 37, 38, 36, 35, 29, 32, 39, 49, 10, 23, 37, 13, 28, 15
1460865084, 18, 51, 37, 38, 36, 35, 28, 31, 39, 48, 10, 23, 37, 13, 28, 15
1460865084, 3, 50, 37, 38, 36, 35, 28, 30, 38, 47, 10, 23, 37, 13, 28, 15
1460865084, 72, 50, 37, 38, 36, 35, 28, 29, 36, 45, 10, 23, 37, 13, 28, 15
1460865084, 242, 49, 37, 38, 36, 35, 29, 28, 32, 40, 10, 23, 37, 13, 28, 15
1460865084, 460, 51, 37, 38, 36, 35, 33, 29, 30, 36, 10, 23, 37, 13, 28, 15
1460865084, 642, 52, 39, 38, 36, 35, 36, 30, 28, 32, 10, 24, 38, 14, 28, 15
1460865084, 503, 55, 92, 96, 35, 36, 64, 63, 41, 41, 28, 98, 100, 100, 98, 16
1460865084, 145, 57, 98, 103, 36, 36, 77, 78, 42, 43, 35, 109, 110, 113, 108, 16
1460865084, 55, 58, 99, 104, 37, 36, 79, 80, 38, 43, 34, 108, 110, 110, 108, 16
1460865084, 53, 58, 99, 104, 37, 37, 80, 82, 36, 42, 34, 107, 110, 110, 108, 16
1460865084, 40, 58, 99, 105, 38, 37, 82, 83, 34, 40, 33, 106, 109, 109, 108, 16
1460865084, 24, 58, 99, 105, 38, 37, 84, 85, 32, 39, 33, 106, 110, 108, 108, 16
1460865084, 40, 57, 100, 105, 38, 37, 84, 86, 31, 38, 32, 105, 110, 109, 109, 16
1460865084, 64, 57, 100, 105, 39, 37, 84, 86, 30, 38, 32, 105, 110, 108, 109, 16
1460865084, 172, 57, 99, 105, 39, 37, 79, 81, 31, 41, 29, 103, 108, 106, 107, 16
1460865084, 172, 58, 98, 104, 39, 38, 71, 76, 34, 44, 27, 100, 105, 103, 105, 16
1460865085, 209, 61, 68, 70, 61, 58, 26, 18, 5, 21, 10, 27, 40, 19, 33, 16
1460865085, 127, 59, 63, 63, 57, 57, 28, 18, 3, 19, 10, 27, 40, 17, 32, 17
1460865085, 149, 58, 57, 57, 55, 57, 24, 14, 4, 20, 11, 26, 41, 16, 33, 20
1460865085, 160, 59, 52, 53, 49, 43, 20, 12, 20, 32, 11, 27, 39, 16, 30, 15
1460865085, 84, 60, 51, 51, 48, 42, 19, 13, 27, 37, 11, 28, 40, 18, 31, 15
1460865085, 53, 60, 50, 50, 47, 41, 19, 15, 30, 39, 11, 29, 40, 19, 30, 15
1460865085, 36, 60, 49, 49, 47, 41, 19, 16, 32, 41, 11, 29, 40, 19, 30, 15
1460865085, 26, 60, 48, 48, 46, 41, 20, 17, 32, 41, 11, 29, 39, 19, 30, 15
1460865085, 19, 59, 47, 46, 46, 41, 20, 18, 33, 41, 11, 29, 39, 18, 29, 15
1460865085, 17, 58, 47, 46, 46, 41, 20, 17, 33, 41, 11, 29, 39, 19, 30, 15
1460865085, 12, 58, 47, 46, 46, 41, 19, 17, 32, 41, 11, 29, 39, 19, 30, 15
1460865085, 5, 58, 46, 46, 46, 41, 19, 17, 33, 41, 11, 29, 40, 19, 30, 15
1460865085, 3, 58, 46, 46, 46, 41, 19, 17, 33, 42, 11, 29, 40, 19, 30, 15
1460865085, 6, 58, 46, 46, 46, 41, 18, 17, 34, 42, 11, 29, 40, 19, 30, 15
1460865085, 6, 57, 46, 46, 46, 41, 18, 16, 34, 42, 11, 29, 40, 20, 30, 15
1460865085, 12, 57, 46, 46, 45, 41, 18, 16, 34, 43, 11, 30, 40, 20, 31, 15
1460865085, 18, 57, 46, 46, 45, 41, 18, 16, 34, 42, 11, 30, 40, 20, 31, 15
1460865085, 32, 56, 46, 45, 45, 41, 19, 15, 32, 40, 11, 30, 40, 20, 30, 15
1460865085, 51, 56, 46, 45, 45, 41, 20, 15, 31, 38, 11, 30, 40, 20, 30, 15
1460865085, 176, 55, 45, 45, 45, 41, 24, 16, 28, 34, 11, 30, 40, 20, 30, 15
1460865085, 478, 55, 45, 45, 45, 40, 28, 18, 26, 30, 10, 30, 40, 22, 31, 15
1460865085, 427, 58, 88, 91, 40, 36, 60, 58, 29, 39, 26, 83, 91, 84, 89, 14
1460865085, 455, 57, 98, 101, 39, 36, 82, 81, 28, 37, 36, 101, 107, 103, 105, 14
1460865086, 257, 55, 100, 103, 39, 35, 88, 86, 26, 34, 36, 105, 111, 106, 108, 14
1460865086, 80, 55, 101, 105, 39, 35, 92, 90, 26, 34, 35, 107, 113, 109, 111, 15
1460865086, 37, 55, 102, 105, 39, 35, 94, 91, 26, 33, 34, 109, 114, 110, 113, 15
1460865086, 18, 54, 103, 106, 39, 35, 95, 93, 27, 33, 33, 110, 115, 112, 114, 14
1460865086, 12, 54, 103, 107, 39, 35, 96, 95, 27, 33, 33, 112, 116, 114, 115, 14
1460865086, 44, 54, 104, 107, 39, 35, 98, 96, 26, 33, 33, 113, 117, 115, 116, 14
1460865086, 79, 52, 104, 107, 39, 35, 95, 94, 27, 34, 32, 114, 118, 115, 116, 14
1460865086, 110, 52, 104, 107, 39, 35, 90, 89, 30, 37, 31, 114, 118, 115, 116, 15
1460865086, 133, 53, 104, 107, 39, 35, 87, 86, 32, 40, 29, 113, 118, 114, 116, 15
1460865086, 130, 54, 103, 106, 39, 35, 76, 79, 37, 46, 27, 110, 115, 112, 114, 15
1460865086, 237, 56, 73, 79, 39, 35, 19, 24, 42, 51, 14, 51, 63, 56, 66, 15
1460865086, 235, 62, 57, 68, 38, 35, 19, 13, 44, 52, 17, 33, 45, 42, 51, 14
1460865086, 178, 61, 57, 60, 38, 34, 17, 18, 43, 53, 10, 34, 47, 32, 44, 14
1460865086, 110, 59, 57, 59, 38, 34, 15, 18, 43, 51, 9, 36, 48, 32, 43, 14
1460865086, 59, 57, 58, 51, 37, 34, 14, 23, 44, 49, 14, 39, 48, 25, 35, 14
1460865086, 23, 55, 58, 43, 37, 34, 14, 30, 42, 47, 24, 39, 48, 16, 28, 14
1460865086, 28, 53, 58, 41, 37, 34, 13, 31, 42, 47, 27, 40, 49, 14, 27, 14
1460865086, 35, 52, 58, 41, 37, 35, 13, 32, 42, 46, 29, 41, 49, 14, 27, 14
1460865086, 15, 52, 58, 40, 37, 35, 13, 33, 42, 46, 30, 41, 50, 13, 26, 14
1460865086, 12, 51, 58, 40, 37, 35, 14, 33, 41, 46, 30, 42, 50, 13, 26, 14
1460865086, 9, 51, 58, 40, 37, 35, 14, 33, 41, 45, 30, 42, 50, 13, 26, 14
1460865086, 8, 50, 58, 40, 37, 35, 14, 32, 41, 45, 30, 42, 50, 13, 26, 14
1460865086, 28, 49, 58, 40, 37, 34, 14, 32, 40, 45, 31, 42, 50, 13, 26, 14
1460865087, 23, 49, 58, 40, 37, 34, 15, 32, 40, 45, 31, 42, 50, 13, 26, 14
1460865087, 30, 49, 58, 40, 37, 34, 15, 32, 40, 45, 31, 42, 51, 13, 26, 14
1460865087, 20, 48, 58, 40, 37, 34, 15, 32, 41, 45, 31, 43, 51, 14, 26, 14
1460865087, 17, 48, 58, 40, 37, 34, 15, 32, 42, 46, 31, 44, 51, 14, 26, 14
