0,370.4375, 63.5625, 47.625, 44.4375, 41.125, 38.0625, 41.5625, 42.6875, 45.6875, 49.0, 15.6875, 28.75, 40.8125, 15.5, 29.375,s
1,384.3333333333333, 62.733333333333334, 48.0, 44.53333333333333, 41.2, 38.13333333333333, 41.333333333333336, 42.13333333333333, 44.666666666666664, 47.53333333333333, 16.066666666666666, 29.133333333333333, 41.0, 15.6, 29.4,s
2,450.4, 62.53333333333333, 47.733333333333334, 44.666666666666664, 41.4, 38.13333333333333, 41.06666666666667, 41.6, 44.0, 47.06666666666667, 15.466666666666667, 28.666666666666668, 40.6, 16.0, 29.6,s
3,478.2, 62.46666666666667, 47.6, 44.93333333333333, 41.53333333333333, 38.13333333333333, 41.266666666666666, 41.46666666666667, 43.86666666666667, 47.0, 15.066666666666666, 28.4, 40.46666666666667, 16.133333333333333, 29.666666666666668,s
4,510.0, 62.46666666666667, 47.53333333333333, 44.93333333333333, 41.6, 38.06666666666667, 41.2, 41.333333333333336, 43.53333333333333, 46.8, 14.933333333333334, 28.266666666666666, 40.266666666666666, 16.066666666666666, 29.733333333333334,s
5,541.4, 62.4, 47.53333333333333, 45.0, 41.93333333333333, 38.06666666666667, 41.53333333333333, 41.06666666666667, 42.93333333333333, 46.666666666666664, 14.533333333333333, 27.8, 40.13333333333333, 16.0, 29.8,s
6,577.6666666666666, 62.4, 47.53333333333333, 45.13333333333333, 42.0, 38.06666666666667, 41.4, 40.733333333333334, 42.666666666666664, 46.333333333333336, 14.2, 27.933333333333334, 40.2, 16.133333333333333, 30.066666666666666,s
7,582.9333333333333, 62.266666666666666, 48.93333333333333, 46.53333333333333, 41.8, 37.8, 41.733333333333334, 40.46666666666667, 42.13333333333333, 46.13333333333333, 14.2, 30.0, 42.53333333333333, 18.4, 32.333333333333336,s
8,621.3333333333334, 62.266666666666666, 48.93333333333333, 46.86666666666667, 41.8, 37.8, 42.0, 40.46666666666667, 41.666666666666664, 45.6, 13.933333333333334, 30.2, 42.666666666666664, 18.8, 32.6,s
9,632.3333333333334, 62.13333333333333, 50.13333333333333, 47.733333333333334, 41.8, 37.733333333333334, 43.0, 41.8, 41.13333333333333, 45.4, 14.866666666666667, 31.533333333333335, 44.333333333333336, 20.133333333333333, 34.0,s
10,601.2, 62.4, 53.13333333333333, 50.666666666666664, 43.46666666666667, 38.666666666666664, 41.93333333333333, 40.666666666666664, 39.46666666666667, 44.2, 15.266666666666667, 33.06666666666667, 45.93333333333333, 21.466666666666665, 35.6,s
11,640.0666666666667, 62.46666666666667, 53.666666666666664, 51.2, 43.46666666666667, 38.6, 42.266666666666666, 41.333333333333336, 39.2, 44.06666666666667, 15.533333333333333, 33.733333333333334, 46.666666666666664, 22.666666666666668, 36.266666666666666,s
12,671.4666666666667, 62.4, 55.86666666666667, 53.2, 43.2, 38.13333333333333, 43.46666666666667, 42.733333333333334, 39.4, 44.53333333333333, 17.066666666666666, 37.733333333333334, 50.266666666666666, 26.8, 39.733333333333334,s
13,660.5333333333333, 62.06666666666667, 59.06666666666667, 56.333333333333336, 42.733333333333334, 38.0, 42.13333333333333, 41.733333333333334, 39.8, 44.53333333333333, 18.066666666666666, 42.6, 54.266666666666666, 32.13333333333333, 43.86666666666667,s
14,682.8, 62.0, 59.4, 56.333333333333336, 42.86666666666667, 37.93333333333333, 42.0, 41.53333333333333, 39.6, 44.266666666666666, 18.333333333333332, 42.666666666666664, 54.46666666666667, 32.13333333333333, 43.93333333333333,s
15,646.7333333333333, 61.8, 60.333333333333336, 58.333333333333336, 42.666666666666664, 37.86666666666667, 42.86666666666667, 42.46666666666667, 39.46666666666667, 44.6, 18.666666666666668, 45.13333333333333, 56.733333333333334, 35.2, 46.333333333333336,s
16,659.7333333333333, 61.6, 62.06666666666667, 60.6, 42.266666666666666, 37.733333333333334, 44.86666666666667, 44.4, 39.733333333333334, 44.6, 19.8, 48.93333333333333, 59.93333333333333, 39.4, 49.6,s
17,632.6, 61.46666666666667, 63.733333333333334, 61.6, 42.13333333333333, 37.733333333333334, 45.86666666666667, 46.266666666666666, 39.666666666666664, 44.333333333333336, 21.6, 50.666666666666664, 61.666666666666664, 41.6, 51.4,s
18,627.7333333333333, 61.266666666666666, 65.86666666666666, 62.333333333333336, 41.86666666666667, 37.733333333333334, 48.53333333333333, 47.86666666666667, 39.46666666666667, 44.06666666666667, 24.866666666666667, 53.93333333333333, 64.6, 43.13333333333333, 52.6,s
19,606.2, 60.666666666666664, 69.53333333333333, 66.46666666666667, 41.53333333333333, 37.53333333333333, 48.733333333333334, 47.266666666666666, 38.8, 43.93333333333333, 25.8, 58.8, 69.0, 49.0, 57.46666666666667,s
20,575.1333333333333, 60.666666666666664, 74.86666666666666, 71.86666666666666, 41.06666666666667, 37.53333333333333, 52.266666666666666, 46.86666666666667, 39.4, 44.0, 27.733333333333334, 66.66666666666667, 75.53333333333333, 55.666666666666664, 63.6,s
21,577.4, 60.333333333333336, 76.8, 74.33333333333333, 40.8, 37.53333333333333, 55.6, 49.8, 39.06666666666667, 43.733333333333334, 28.6, 69.86666666666666, 78.53333333333333, 60.0, 67.26666666666667,s
22,575.8666666666667, 60.53333333333333, 82.26666666666667, 79.2, 41.0, 37.666666666666664, 56.8, 49.8, 39.266666666666666, 44.06666666666667, 30.933333333333334, 77.06666666666666, 85.33333333333333, 66.73333333333333, 73.4,s
23,555.6666666666666, 59.86666666666667, 85.26666666666667, 82.26666666666667, 40.8, 37.666666666666664, 63.733333333333334, 56.6, 38.6, 42.93333333333333, 33.93333333333333, 82.53333333333333, 90.0, 72.33333333333333, 77.93333333333334,s
24,541.6, 59.733333333333334, 87.0, 84.06666666666666, 40.733333333333334, 37.666666666666664, 65.8, 58.666666666666664, 39.0, 43.2, 35.13333333333333, 85.46666666666667, 92.66666666666667, 75.53333333333333, 80.46666666666667,s
25,505.93333333333334, 59.53333333333333, 88.13333333333334, 85.13333333333334, 40.666666666666664, 37.666666666666664, 68.86666666666666, 61.666666666666664, 38.8, 42.6, 36.666666666666664, 88.13333333333334, 94.66666666666667, 78.13333333333334, 82.33333333333333,s
26,472.6, 59.0, 91.06666666666666, 88.73333333333333, 40.46666666666667, 37.6, 73.46666666666667, 63.53333333333333, 38.8, 42.06666666666667, 38.266666666666666, 92.93333333333334, 98.73333333333333, 83.46666666666667, 87.13333333333334,s
27,437.8666666666667, 59.06666666666667, 91.6, 89.2, 40.333333333333336, 37.53333333333333, 75.06666666666666, 64.93333333333334, 38.666666666666664, 41.93333333333333, 39.2, 94.0, 99.73333333333333, 84.53333333333333, 88.0,s
28,420.73333333333335, 58.8, 92.53333333333333, 90.6, 40.266666666666666, 37.53333333333333, 77.26666666666667, 67.0, 38.46666666666667, 41.4, 39.2, 95.8, 101.2, 86.86666666666666, 89.86666666666666,s
29,386.93333333333334, 58.6, 92.86666666666666, 91.0, 40.266666666666666, 37.6, 78.4, 68.0, 38.06666666666667, 40.53333333333333, 40.0, 96.6, 101.8, 87.66666666666667, 90.4,s
30,353.8666666666667, 58.333333333333336, 93.4, 91.8, 40.2, 37.53333333333333, 80.0, 70.13333333333334, 37.666666666666664, 39.93333333333333, 40.266666666666666, 97.66666666666667, 102.86666666666666, 89.33333333333333, 91.73333333333333,s
31,337.3333333333333, 58.266666666666666, 93.6, 91.86666666666666, 40.13333333333333, 37.6, 80.6, 70.73333333333333, 37.6, 39.666666666666664, 40.46666666666667, 97.93333333333334, 103.0, 89.66666666666667, 92.0,s
32,296.2, 58.0, 93.93333333333334, 92.33333333333333, 40.06666666666667, 37.6, 82.0, 72.13333333333334, 37.2, 39.06666666666667, 41.0, 98.33333333333333, 103.6, 90.66666666666667, 92.8,s
33,280.3333333333333, 57.93333333333333, 95.93333333333334, 94.33333333333333, 39.8, 37.46666666666667, 82.46666666666667, 72.13333333333334, 37.06666666666667, 38.93333333333333, 41.266666666666666, 101.0, 105.86666666666666, 93.66666666666667, 95.26666666666667,s
34,256.8, 57.93333333333333, 96.06666666666666, 94.6, 39.8, 37.46666666666667, 83.33333333333333, 73.06666666666666, 37.0, 38.6, 41.46666666666667, 101.4, 106.06666666666666, 94.13333333333334, 95.66666666666667,s
35,225.46666666666667, 57.8, 96.06666666666666, 94.66666666666667, 39.733333333333334, 37.46666666666667, 84.0, 73.8, 36.86666666666667, 38.266666666666666, 41.6, 101.66666666666667, 106.2, 94.33333333333333, 95.86666666666666,s
36,225.13333333333333, 57.8, 97.2, 95.8, 39.733333333333334, 37.4, 85.33333333333333, 75.06666666666666, 36.86666666666667, 38.2, 41.93333333333333, 103.46666666666667, 107.8, 96.4, 97.53333333333333,s
37,214.93333333333334, 57.733333333333334, 97.6, 96.26666666666667, 39.733333333333334, 37.4, 86.2, 75.93333333333334, 36.93333333333333, 38.266666666666666, 42.4, 104.4, 108.66666666666667, 97.4, 98.26666666666667,s
38,193.73333333333332, 57.6, 97.73333333333333, 96.4, 39.733333333333334, 37.46666666666667, 86.6, 76.26666666666667, 36.733333333333334, 37.93333333333333, 42.733333333333334, 104.6, 108.66666666666667, 97.46666666666667, 98.4,s
39,170.8, 57.46666666666667, 98.06666666666666, 96.66666666666667, 39.733333333333334, 37.46666666666667, 87.4, 77.13333333333334, 36.6, 37.733333333333334, 43.2, 105.26666666666667, 109.06666666666666, 98.13333333333334, 98.73333333333333,s
40,159.86666666666667, 57.333333333333336, 98.13333333333334, 96.66666666666667, 39.666666666666664, 37.46666666666667, 87.66666666666667, 77.2, 36.53333333333333, 37.53333333333333, 43.266666666666666, 105.33333333333333, 109.13333333333334, 98.13333333333334, 98.8,s
41,140.46666666666667, 57.333333333333336, 98.26666666666667, 96.93333333333334, 39.666666666666664, 37.46666666666667, 88.33333333333333, 77.86666666666666, 36.4, 37.2, 43.53333333333333, 105.66666666666667, 109.46666666666667, 98.53333333333333, 98.86666666666666,s
42,123.13333333333334, 57.266666666666666, 98.33333333333333, 97.0, 39.733333333333334, 37.46666666666667, 88.8, 78.13333333333334, 36.4, 37.0, 43.8, 105.8, 109.53333333333333, 98.66666666666667, 99.0,s
43,120.66666666666667, 57.266666666666666, 98.4, 97.06666666666666, 39.666666666666664, 37.53333333333333, 89.0, 78.26666666666667, 36.333333333333336, 36.86666666666667, 43.93333333333333, 105.86666666666666, 109.66666666666667, 98.8, 99.06666666666666,s
44,112.73333333333333, 57.2, 98.4, 97.06666666666666, 39.666666666666664, 37.666666666666664, 89.13333333333334, 78.46666666666667, 36.2, 36.666666666666664, 43.86666666666667, 105.73333333333333, 109.66666666666667, 98.73333333333333, 99.13333333333334,s
45,96.86666666666666, 57.06666666666667, 98.53333333333333, 97.13333333333334, 39.666666666666664, 37.6, 89.53333333333333, 78.8, 35.93333333333333, 36.53333333333333, 44.0, 105.93333333333334, 109.73333333333333, 99.0, 99.26666666666667,s
46,88.0, 57.0, 98.6, 97.13333333333334, 39.666666666666664, 37.6, 89.86666666666666, 79.13333333333334, 35.8, 36.333333333333336, 44.06666666666667, 106.0, 109.8, 99.13333333333334, 99.26666666666667,s
47,83.26666666666667, 56.93333333333333, 98.6, 97.13333333333334, 39.666666666666664, 37.6, 90.0, 79.26666666666667, 35.666666666666664, 36.13333333333333, 44.13333333333333, 106.06666666666666, 109.93333333333334, 99.13333333333334, 99.26666666666667,s
48,79.73333333333333, 56.93333333333333, 98.66666666666667, 97.13333333333334, 39.666666666666664, 37.6, 90.2, 79.26666666666667, 35.46666666666667, 35.86666666666667, 44.2, 105.93333333333334, 110.0, 99.06666666666666, 99.33333333333333,s
49,83.53333333333333, 56.86666666666667, 98.73333333333333, 97.13333333333334, 39.666666666666664, 37.6, 90.46666666666667, 79.53333333333333, 35.4, 35.733333333333334, 44.4, 106.0, 109.93333333333334, 99.13333333333334, 99.26666666666667,s
50,80.73333333333333, 56.8, 98.73333333333333, 97.2, 39.6, 37.666666666666664, 90.6, 79.66666666666667, 35.266666666666666, 35.733333333333334, 44.46666666666667, 106.0, 109.86666666666666, 99.2, 99.26666666666667,s
51,85.53333333333333, 56.6, 98.66666666666667, 97.2, 39.6, 37.666666666666664, 90.6, 79.73333333333333, 34.8, 35.333333333333336, 44.46666666666667, 105.86666666666666, 109.73333333333333, 99.13333333333334, 99.26666666666667,s
52,81.66666666666667, 56.46666666666667, 98.73333333333333, 97.26666666666667, 39.6, 37.6, 90.66666666666667, 79.93333333333334, 34.733333333333334, 35.266666666666666, 44.53333333333333, 105.93333333333334, 109.73333333333333, 99.13333333333334, 99.26666666666667,s
53,82.26666666666667, 56.46666666666667, 98.73333333333333, 97.33333333333333, 39.6, 37.6, 90.66666666666667, 79.86666666666666, 34.733333333333334, 35.13333333333333, 44.46666666666667, 105.8, 109.6, 99.2, 99.33333333333333,s
54,76.66666666666667, 56.46666666666667, 98.73333333333333, 97.4, 39.53333333333333, 37.6, 90.8, 79.93333333333334, 34.6, 34.8, 44.46666666666667, 105.6, 109.53333333333333, 99.26666666666667, 99.26666666666667,s
55,75.2, 56.333333333333336, 98.86666666666666, 97.4, 39.53333333333333, 37.6, 91.0, 79.86666666666666, 34.46666666666667, 34.53333333333333, 44.46666666666667, 105.46666666666667, 109.6, 99.4, 99.33333333333333,s
56,70.8, 56.266666666666666, 98.86666666666666, 97.46666666666667, 39.6, 37.6, 90.86666666666666, 80.0, 34.333333333333336, 34.6, 44.46666666666667, 105.26666666666667, 109.4, 99.46666666666667, 99.33333333333333,s
57,71.73333333333333, 56.266666666666666, 98.86666666666666, 97.53333333333333, 39.6, 37.666666666666664, 90.86666666666666, 80.06666666666666, 34.2, 34.46666666666667, 44.46666666666667, 105.2, 109.4, 99.6, 99.4,s
58,71.86666666666666, 56.266666666666666, 98.8, 97.66666666666667, 39.666666666666664, 37.666666666666664, 90.86666666666666, 80.13333333333334, 34.2, 34.4, 44.4, 105.06666666666666, 109.26666666666667, 99.66666666666667, 99.4,s
59,68.46666666666667, 56.13333333333333, 98.8, 97.66666666666667, 39.666666666666664, 37.666666666666664, 90.8, 80.13333333333334, 34.06666666666667, 34.333333333333336, 44.266666666666666, 105.06666666666666, 109.2, 99.66666666666667, 99.46666666666667,s
60,68.26666666666667, 56.06666666666667, 98.86666666666666, 97.73333333333333, 39.666666666666664, 37.733333333333334, 90.73333333333333, 80.13333333333334, 34.0, 34.333333333333336, 44.46666666666667, 105.2, 109.2, 99.66666666666667, 99.6,s
61,65.06666666666666, 56.0, 98.86666666666666, 97.73333333333333, 39.666666666666664, 37.8, 90.8, 80.2, 34.06666666666667, 34.266666666666666, 44.46666666666667, 105.0, 109.13333333333334, 99.73333333333333, 99.6,s
62,67.33333333333333, 55.93333333333333, 98.86666666666666, 97.86666666666666, 39.6, 37.8, 90.86666666666666, 80.2, 33.93333333333333, 34.0, 44.6, 104.93333333333334, 109.13333333333334, 99.73333333333333, 99.6,s
63,63.333333333333336, 55.93333333333333, 98.86666666666666, 97.86666666666666, 39.666666666666664, 37.733333333333334, 90.86666666666666, 80.2, 33.86666666666667, 33.93333333333333, 44.6, 104.8, 109.06666666666666, 99.86666666666666, 99.66666666666667,s
64,64.2, 55.93333333333333, 98.93333333333334, 97.93333333333334, 39.666666666666664, 37.733333333333334, 90.8, 80.13333333333334, 33.8, 33.93333333333333, 44.6, 104.73333333333333, 109.06666666666666, 99.86666666666666, 99.66666666666667,s
65,61.266666666666666, 55.93333333333333, 99.06666666666666, 97.93333333333334, 39.666666666666664, 37.666666666666664, 90.73333333333333, 80.2, 33.8, 34.0, 44.53333333333333, 104.73333333333333, 109.0, 99.73333333333333, 99.6,s
66,64.26666666666667, 55.86666666666667, 99.13333333333334, 97.93333333333334, 39.666666666666664, 37.666666666666664, 90.73333333333333, 80.2, 33.733333333333334, 33.93333333333333, 44.53333333333333, 104.66666666666667, 108.93333333333334, 99.86666666666666, 99.66666666666667,s
67,64.66666666666667, 55.8, 99.13333333333334, 97.93333333333334, 39.666666666666664, 37.666666666666664, 90.66666666666667, 80.26666666666667, 33.6, 33.8, 44.6, 104.66666666666667, 108.86666666666666, 99.8, 99.53333333333333,s
68,61.266666666666666, 55.666666666666664, 99.26666666666667, 98.13333333333334, 39.666666666666664, 37.733333333333334, 90.46666666666667, 80.06666666666666, 33.4, 33.8, 44.666666666666664, 104.73333333333333, 109.0, 99.8, 99.6,s
69,63.13333333333333, 55.666666666666664, 99.4, 98.2, 39.666666666666664, 37.733333333333334, 90.46666666666667, 80.2, 33.266666666666666, 33.733333333333334, 44.733333333333334, 104.66666666666667, 109.13333333333334, 99.73333333333333, 99.6,s
70,61.93333333333333, 55.666666666666664, 99.4, 98.2, 39.733333333333334, 37.733333333333334, 90.26666666666667, 80.13333333333334, 33.06666666666667, 33.666666666666664, 44.733333333333334, 104.53333333333333, 109.13333333333334, 99.8, 99.66666666666667,s
71,57.86666666666667, 55.6, 99.46666666666667, 98.26666666666667, 39.666666666666664, 37.733333333333334, 90.13333333333334, 80.13333333333334, 32.93333333333333, 33.46666666666667, 44.8, 104.66666666666667, 109.06666666666666, 99.8, 99.66666666666667,s
72,56.266666666666666, 55.53333333333333, 99.46666666666667, 98.26666666666667, 39.733333333333334, 37.8, 89.86666666666666, 79.93333333333334, 32.666666666666664, 33.46666666666667, 44.8, 104.6, 108.93333333333334, 99.86666666666666, 99.66666666666667,s
73,52.0, 55.46666666666667, 99.4, 98.26666666666667, 39.8, 37.8, 89.66666666666667, 79.8, 32.46666666666667, 33.46666666666667, 44.8, 104.4, 108.86666666666666, 99.93333333333334, 99.73333333333333,s
74,50.93333333333333, 55.46666666666667, 99.4, 98.26666666666667, 39.8, 37.8, 89.66666666666667, 80.0, 32.46666666666667, 33.46666666666667, 44.86666666666667, 104.4, 108.86666666666666, 99.93333333333334, 99.66666666666667,s
75,48.13333333333333, 55.53333333333333, 99.4, 98.33333333333333, 39.8, 37.733333333333334, 89.4, 80.0, 32.333333333333336, 33.6, 44.8, 104.2, 108.73333333333333, 99.93333333333334, 99.6,s
76,46.6, 55.53333333333333, 99.46666666666667, 98.33333333333333, 39.93333333333333, 37.733333333333334, 89.26666666666667, 79.93333333333334, 32.2, 33.4, 44.8, 104.13333333333334, 108.73333333333333, 99.93333333333334, 99.66666666666667,s
77,47.0, 55.53333333333333, 99.46666666666667, 98.4, 39.93333333333333, 37.733333333333334, 89.2, 80.0, 32.2, 33.46666666666667, 44.8, 104.06666666666666, 108.73333333333333, 99.93333333333334, 99.66666666666667,s
78,46.333333333333336, 55.13333333333333, 101.13333333333334, 100.26666666666667, 39.93333333333333, 37.8, 88.06666666666666, 78.06666666666666, 31.8, 32.93333333333333, 44.733333333333334, 106.26666666666667, 110.53333333333333, 102.8, 101.86666666666666,s
79,46.13333333333333, 55.06666666666667, 101.13333333333334, 100.33333333333333, 39.93333333333333, 37.733333333333334, 88.13333333333334, 78.06666666666666, 31.866666666666667, 33.06666666666667, 44.8, 106.26666666666667, 110.53333333333333, 102.8, 102.0,s
80,49.46666666666667, 55.0, 102.06666666666666, 101.33333333333333, 39.93333333333333, 37.8, 89.26666666666667, 79.2, 31.8, 33.06666666666667, 45.0, 107.73333333333333, 111.86666666666666, 104.53333333333333, 103.46666666666667,s
81,49.4, 54.86666666666667, 102.06666666666666, 101.46666666666667, 40.0, 37.86666666666667, 89.26666666666667, 79.06666666666666, 31.8, 32.93333333333333, 45.06666666666667, 107.73333333333333, 111.8, 104.53333333333333, 103.53333333333333,s
82,47.6, 54.733333333333334, 102.73333333333333, 101.93333333333334, 40.0, 37.86666666666667, 90.4, 80.13333333333334, 31.733333333333334, 32.666666666666664, 45.46666666666667, 108.66666666666667, 112.66666666666667, 105.6, 104.4,s
83,43.2, 54.6, 103.0, 102.2, 40.0, 37.86666666666667, 91.0, 81.0, 31.533333333333335, 32.46666666666667, 45.93333333333333, 109.2, 113.13333333333334, 106.06666666666666, 104.8,s
84,42.6, 54.666666666666664, 103.0, 102.2, 40.06666666666667, 37.86666666666667, 91.0, 81.0, 31.6, 32.6, 45.93333333333333, 109.13333333333334, 113.06666666666666, 106.06666666666666, 104.8,s
85,36.8, 54.666666666666664, 103.13333333333334, 102.33333333333333, 40.13333333333333, 37.86666666666667, 91.4, 81.46666666666667, 31.6, 32.53333333333333, 46.0, 109.4, 113.4, 106.33333333333333, 105.0,s
86,37.06666666666667, 54.733333333333334, 103.13333333333334, 102.33333333333333, 40.13333333333333, 37.86666666666667, 91.4, 81.46666666666667, 31.6, 32.46666666666667, 45.93333333333333, 109.33333333333333, 113.4, 106.26666666666667, 104.86666666666666,s
87,32.0, 54.733333333333334, 103.26666666666667, 102.4, 40.266666666666666, 37.6, 91.66666666666667, 81.66666666666667, 31.2, 33.0, 46.13333333333333, 109.26666666666667, 113.86666666666666, 106.26666666666667, 105.33333333333333,s
88,32.333333333333336, 54.8, 103.26666666666667, 102.4, 40.266666666666666, 37.6, 91.46666666666667, 81.66666666666667, 31.133333333333333, 33.13333333333333, 46.06666666666667, 109.26666666666667, 113.93333333333334, 106.33333333333333, 105.33333333333333,s
89,29.6, 54.8, 103.46666666666667, 102.46666666666667, 40.333333333333336, 37.6, 91.66666666666667, 81.86666666666666, 31.066666666666666, 33.13333333333333, 46.13333333333333, 109.26666666666667, 114.0, 106.33333333333333, 105.33333333333333,s
90,27.6, 54.8, 103.46666666666667, 102.46666666666667, 40.266666666666666, 37.6, 91.4, 81.93333333333334, 31.133333333333333, 33.46666666666667, 46.13333333333333, 109.2, 113.93333333333334, 106.4, 105.4,s
91,24.666666666666668, 54.86666666666667, 103.46666666666667, 102.66666666666667, 40.333333333333336, 37.6, 91.0, 81.53333333333333, 31.066666666666666, 33.733333333333334, 45.666666666666664, 109.06666666666666, 113.86666666666666, 106.0, 105.2,s
92,25.066666666666666, 54.86666666666667, 103.46666666666667, 102.66666666666667, 40.333333333333336, 37.6, 90.86666666666666, 81.53333333333333, 31.066666666666666, 33.666666666666664, 45.666666666666664, 109.0, 113.93333333333334, 106.0, 105.33333333333333,s
93,22.933333333333334, 54.93333333333333, 103.46666666666667, 102.86666666666666, 40.333333333333336, 37.6, 90.8, 81.33333333333333, 31.066666666666666, 33.733333333333334, 45.266666666666666, 109.0, 113.93333333333334, 105.8, 105.26666666666667,s
94,21.666666666666668, 54.93333333333333, 103.46666666666667, 102.86666666666666, 40.333333333333336, 37.6, 90.86666666666666, 81.4, 31.066666666666666, 33.733333333333334, 45.266666666666666, 109.0, 113.93333333333334, 105.73333333333333, 105.26666666666667,s
95,21.733333333333334, 55.0, 103.46666666666667, 102.93333333333334, 40.333333333333336, 37.6, 90.6, 81.2, 31.133333333333333, 33.8, 45.06666666666667, 108.93333333333334, 114.0, 105.53333333333333, 105.13333333333334,s
96,20.6, 55.0, 103.46666666666667, 103.0, 40.333333333333336, 37.6, 90.53333333333333, 80.93333333333334, 31.133333333333333, 33.93333333333333, 44.666666666666664, 108.93333333333334, 114.0, 105.2, 105.06666666666666,s
97,20.533333333333335, 55.0, 103.46666666666667, 103.0, 40.4, 37.6, 90.46666666666667, 80.93333333333334, 31.066666666666666, 34.0, 44.46666666666667, 109.0, 113.86666666666666, 105.2, 105.06666666666666,s
98,20.0, 54.86666666666667, 103.46666666666667, 103.13333333333334, 40.4, 37.6, 90.53333333333333, 80.73333333333333, 31.133333333333333, 34.06666666666667, 44.06666666666667, 108.93333333333334, 113.86666666666666, 105.06666666666666, 105.13333333333334,s
99,19.0, 54.86666666666667, 103.46666666666667, 103.13333333333334, 40.46666666666667, 37.6, 90.53333333333333, 80.8, 31.066666666666666, 34.06666666666667, 44.13333333333333, 108.86666666666666, 113.86666666666666, 105.0, 105.13333333333334,s
100,18.866666666666667, 54.93333333333333, 103.46666666666667, 103.2, 40.46666666666667, 37.6, 90.46666666666667, 81.0, 31.266666666666666, 34.2, 43.86666666666667, 108.86666666666666, 113.8, 104.93333333333334, 105.13333333333334,s
0,358.5625, 57.375, 48.1875, 45.3125, 43.4375, 39.4375, 43.5, 43.625, 43.0625, 44.4375, 15.375, 27.4375, 38.9375, 13.8125, 27.0,r
1,388.3333333333333, 58.13333333333333, 49.266666666666666, 46.266666666666666, 44.13333333333333, 39.8, 42.6, 42.86666666666667, 42.666666666666664, 44.46666666666667, 15.533333333333333, 27.666666666666668, 39.0, 14.066666666666666, 27.133333333333333,r
2,421.06666666666666, 58.13333333333333, 49.266666666666666, 46.266666666666666, 44.2, 39.8, 42.53333333333333, 42.8, 42.666666666666664, 44.46666666666667, 15.533333333333333, 27.666666666666668, 39.0, 14.066666666666666, 27.133333333333333,r
3,454.6, 58.266666666666666, 49.4, 46.46666666666667, 44.4, 39.93333333333333, 42.333333333333336, 42.4, 42.266666666666666, 44.0, 15.466666666666667, 27.733333333333334, 38.93333333333333, 14.2, 27.2,r
4,488.3333333333333, 58.333333333333336, 49.4, 46.53333333333333, 44.46666666666667, 39.86666666666667, 42.333333333333336, 42.266666666666666, 42.266666666666666, 44.06666666666667, 15.333333333333334, 27.733333333333334, 38.86666666666667, 14.266666666666667, 27.2,r
5,515.2666666666667, 58.53333333333333, 49.46666666666667, 46.733333333333334, 44.53333333333333, 40.06666666666667, 42.13333333333333, 42.0, 42.0, 44.0, 15.266666666666667, 27.6, 38.86666666666667, 14.266666666666667, 27.333333333333332,r
6,538.0, 58.53333333333333, 49.46666666666667, 46.733333333333334, 44.6, 40.06666666666667, 42.13333333333333, 41.93333333333333, 41.86666666666667, 43.86666666666667, 15.266666666666667, 27.6, 38.86666666666667, 14.266666666666667, 27.333333333333332,r
7,555.4, 58.6, 49.53333333333333, 46.86666666666667, 44.666666666666664, 40.06666666666667, 42.06666666666667, 41.666666666666664, 41.666666666666664, 43.53333333333333, 15.2, 27.533333333333335, 38.86666666666667, 14.333333333333334, 27.4,r
8,561.5333333333333, 58.6, 49.53333333333333, 46.86666666666667, 44.666666666666664, 40.0, 42.13333333333333, 41.6, 41.53333333333333, 43.333333333333336, 15.266666666666667, 27.466666666666665, 38.93333333333333, 14.2, 27.466666666666665,r
9,575.4666666666667, 58.53333333333333, 49.53333333333333, 46.93333333333333, 44.666666666666664, 40.0, 42.06666666666667, 41.46666666666667, 41.333333333333336, 43.13333333333333, 15.266666666666667, 27.4, 38.93333333333333, 14.2, 27.533333333333335,r
10,585.2, 58.53333333333333, 49.53333333333333, 46.86666666666667, 44.666666666666664, 40.06666666666667, 41.86666666666667, 41.333333333333336, 41.13333333333333, 42.93333333333333, 15.066666666666666, 27.266666666666666, 38.8, 14.066666666666666, 27.533333333333335,r
11,605.8, 58.6, 49.53333333333333, 47.0, 44.666666666666664, 40.06666666666667, 41.86666666666667, 41.266666666666666, 41.13333333333333, 42.86666666666667, 15.133333333333333, 27.4, 38.93333333333333, 14.133333333333333, 27.466666666666665,r
12,605.6, 58.46666666666667, 49.53333333333333, 47.0, 44.666666666666664, 40.13333333333333, 41.666666666666664, 41.06666666666667, 40.93333333333333, 42.6, 15.0, 27.4, 38.93333333333333, 14.133333333333333, 27.533333333333335,r
13,621.7333333333333, 58.4, 49.6, 47.0, 44.733333333333334, 40.2, 41.53333333333333, 41.06666666666667, 40.93333333333333, 42.666666666666664, 15.0, 27.4, 38.86666666666667, 14.133333333333333, 27.533333333333335,r
14,634.6, 58.266666666666666, 49.666666666666664, 47.13333333333333, 44.8, 40.2, 41.4, 40.733333333333334, 40.6, 42.333333333333336, 15.0, 27.333333333333332, 38.8, 14.133333333333333, 27.466666666666665,r
15,627.5333333333333, 58.13333333333333, 49.666666666666664, 47.13333333333333, 44.8, 40.2, 41.53333333333333, 40.666666666666664, 40.4, 42.06666666666667, 14.933333333333334, 27.266666666666666, 38.8, 14.133333333333333, 27.466666666666665,r
16,623.4666666666667, 58.06666666666667, 49.733333333333334, 47.13333333333333, 44.8, 40.2, 41.333333333333336, 40.4, 40.2, 42.06666666666667, 14.866666666666667, 27.133333333333333, 38.8, 14.066666666666666, 27.466666666666665,r
17,608.3333333333334, 57.86666666666667, 49.733333333333334, 47.13333333333333, 44.93333333333333, 40.2, 41.333333333333336, 40.333333333333336, 40.0, 41.8, 14.866666666666667, 27.133333333333333, 38.8, 14.066666666666666, 27.466666666666665,r
18,600.3333333333334, 57.86666666666667, 49.733333333333334, 47.13333333333333, 44.93333333333333, 40.2, 41.2, 40.333333333333336, 39.86666666666667, 41.8, 14.866666666666667, 27.133333333333333, 38.8, 14.066666666666666, 27.4,r
19,573.4666666666667, 57.8, 49.733333333333334, 47.13333333333333, 44.93333333333333, 40.2, 41.0, 40.06666666666667, 39.733333333333334, 41.666666666666664, 14.866666666666667, 27.133333333333333, 38.8, 14.0, 27.466666666666665,r
20,561.2666666666667, 57.8, 49.8, 47.13333333333333, 44.93333333333333, 40.266666666666666, 40.86666666666667, 39.8, 39.53333333333333, 41.53333333333333, 14.866666666666667, 27.066666666666666, 38.8, 13.933333333333334, 27.466666666666665,r
21,545.8, 57.666666666666664, 49.8, 47.13333333333333, 44.93333333333333, 40.266666666666666, 40.6, 39.733333333333334, 39.46666666666667, 41.6, 14.8, 27.133333333333333, 38.733333333333334, 13.933333333333334, 27.6,r
22,521.8, 57.6, 49.8, 47.13333333333333, 44.93333333333333, 40.333333333333336, 40.53333333333333, 39.666666666666664, 39.4, 41.46666666666667, 14.8, 27.133333333333333, 38.733333333333334, 14.0, 27.6,r
23,499.46666666666664, 57.53333333333333, 49.8, 47.13333333333333, 45.06666666666667, 40.333333333333336, 40.46666666666667, 39.46666666666667, 39.266666666666666, 41.333333333333336, 14.666666666666666, 27.066666666666666, 38.733333333333334, 14.066666666666666, 27.666666666666668,r
24,479.8, 57.666666666666664, 49.733333333333334, 47.13333333333333, 45.06666666666667, 40.333333333333336, 40.53333333333333, 39.53333333333333, 39.333333333333336, 41.46666666666667, 14.666666666666666, 27.133333333333333, 38.733333333333334, 14.066666666666666, 27.666666666666668,r
25,432.73333333333335, 57.6, 49.733333333333334, 47.2, 45.06666666666667, 40.333333333333336, 40.6, 39.6, 39.2, 41.46666666666667, 14.666666666666666, 26.933333333333334, 38.666666666666664, 14.066666666666666, 27.666666666666668,r
26,405.8, 57.53333333333333, 49.733333333333334, 47.266666666666666, 45.13333333333333, 40.333333333333336, 40.46666666666667, 39.333333333333336, 39.06666666666667, 41.4, 14.666666666666666, 26.866666666666667, 38.733333333333334, 14.133333333333333, 27.6,r
27,362.6666666666667, 57.4, 49.733333333333334, 47.2, 45.13333333333333, 40.333333333333336, 40.6, 39.266666666666666, 38.86666666666667, 41.2, 14.6, 26.8, 38.733333333333334, 14.0, 27.6,r
28,335.26666666666665, 57.333333333333336, 49.733333333333334, 47.266666666666666, 45.2, 40.333333333333336, 40.53333333333333, 39.2, 38.733333333333334, 41.0, 14.533333333333333, 26.8, 38.666666666666664, 14.0, 27.6,r
29,303.73333333333335, 57.266666666666666, 49.733333333333334, 47.266666666666666, 45.2, 40.333333333333336, 40.4, 39.06666666666667, 38.6, 40.86666666666667, 14.466666666666667, 26.8, 38.666666666666664, 14.0, 27.6,r
30,269.3333333333333, 57.266666666666666, 49.733333333333334, 47.333333333333336, 45.2, 40.333333333333336, 40.53333333333333, 39.06666666666667, 38.46666666666667, 40.733333333333334, 14.4, 26.733333333333334, 38.666666666666664, 14.066666666666666, 27.6,r
31,244.33333333333334, 57.2, 49.733333333333334, 47.333333333333336, 45.2, 40.333333333333336, 40.46666666666667, 39.06666666666667, 38.46666666666667, 40.6, 14.4, 26.666666666666668, 38.666666666666664, 14.066666666666666, 27.6,r
32,216.46666666666667, 57.13333333333333, 49.733333333333334, 47.266666666666666, 45.2, 40.333333333333336, 40.4, 38.86666666666667, 38.46666666666667, 40.46666666666667, 14.4, 26.666666666666668, 38.6, 14.133333333333333, 27.6,r
33,194.13333333333333, 57.0, 49.733333333333334, 47.266666666666666, 45.2, 40.333333333333336, 40.333333333333336, 38.8, 38.4, 40.46666666666667, 14.4, 26.666666666666668, 38.6, 14.133333333333333, 27.6,r
34,184.13333333333333, 56.93333333333333, 49.666666666666664, 47.266666666666666, 45.2, 40.333333333333336, 40.4, 38.8, 38.266666666666666, 40.4, 14.333333333333334, 26.6, 38.6, 14.2, 27.6,r
35,169.6, 56.86666666666667, 49.666666666666664, 47.266666666666666, 45.2, 40.333333333333336, 40.333333333333336, 38.733333333333334, 38.266666666666666, 40.4, 14.333333333333334, 26.6, 38.6, 14.2, 27.6,r
36,150.53333333333333, 56.8, 49.666666666666664, 47.333333333333336, 45.2, 40.333333333333336, 40.333333333333336, 38.666666666666664, 38.333333333333336, 40.4, 14.333333333333334, 26.6, 38.6, 14.266666666666667, 27.666666666666668,r
37,120.73333333333333, 56.733333333333334, 49.4, 47.266666666666666, 45.333333333333336, 40.333333333333336, 40.13333333333333, 38.6, 38.266666666666666, 40.266666666666666, 14.266666666666667, 26.533333333333335, 38.46666666666667, 14.4, 27.733333333333334,r
38,117.0, 56.6, 49.4, 47.266666666666666, 45.333333333333336, 40.333333333333336, 40.2, 38.6, 38.333333333333336, 40.2, 14.266666666666667, 26.533333333333335, 38.46666666666667, 14.4, 27.733333333333334,r
39,103.46666666666667, 56.53333333333333, 49.266666666666666, 47.266666666666666, 45.266666666666666, 40.333333333333336, 40.13333333333333, 38.53333333333333, 38.2, 40.06666666666667, 14.266666666666667, 26.533333333333335, 38.46666666666667, 14.333333333333334, 27.666666666666668,r
40,95.33333333333333, 56.46666666666667, 49.333333333333336, 47.266666666666666, 45.266666666666666, 40.333333333333336, 39.93333333333333, 38.266666666666666, 38.0, 40.06666666666667, 14.333333333333334, 26.533333333333335, 38.46666666666667, 14.333333333333334, 27.666666666666668,r
41,86.73333333333333, 56.333333333333336, 49.266666666666666, 47.266666666666666, 45.266666666666666, 40.333333333333336, 39.8, 38.2, 37.93333333333333, 40.0, 14.333333333333334, 26.6, 38.46666666666667, 14.266666666666667, 27.666666666666668,r
42,80.33333333333333, 56.266666666666666, 49.266666666666666, 47.4, 45.266666666666666, 40.333333333333336, 39.733333333333334, 38.13333333333333, 38.06666666666667, 39.93333333333333, 14.4, 26.666666666666668, 38.46666666666667, 14.4, 27.733333333333334,r
43,75.6, 56.2, 49.266666666666666, 47.4, 45.333333333333336, 40.4, 39.666666666666664, 38.06666666666667, 38.06666666666667, 40.0, 14.333333333333334, 26.666666666666668, 38.46666666666667, 14.466666666666667, 27.733333333333334,r
44,71.86666666666666, 56.2, 49.2, 47.4, 45.333333333333336, 40.4, 39.733333333333334, 38.06666666666667, 37.93333333333333, 39.86666666666667, 14.333333333333334, 26.733333333333334, 38.46666666666667, 14.533333333333333, 27.666666666666668,r
45,65.73333333333333, 56.2, 49.2, 47.4, 45.333333333333336, 40.4, 39.6, 38.0, 38.06666666666667, 40.0, 14.333333333333334, 26.8, 38.53333333333333, 14.533333333333333, 27.666666666666668,r
46,63.266666666666666, 56.0, 49.2, 47.333333333333336, 45.333333333333336, 40.4, 39.53333333333333, 37.93333333333333, 38.06666666666667, 39.86666666666667, 14.266666666666667, 26.8, 38.46666666666667, 14.533333333333333, 27.666666666666668,r
47,60.13333333333333, 56.0, 49.2, 47.333333333333336, 45.333333333333336, 40.333333333333336, 39.53333333333333, 37.86666666666667, 38.06666666666667, 39.93333333333333, 14.2, 26.8, 38.4, 14.533333333333333, 27.666666666666668,r
48,61.46666666666667, 55.93333333333333, 49.2, 47.333333333333336, 45.333333333333336, 40.4, 39.4, 37.93333333333333, 38.13333333333333, 40.0, 14.2, 26.733333333333334, 38.4, 14.466666666666667, 27.666666666666668,r
49,60.2, 55.86666666666667, 49.2, 47.333333333333336, 45.333333333333336, 40.4, 39.46666666666667, 37.93333333333333, 38.266666666666666, 40.06666666666667, 14.2, 26.733333333333334, 38.4, 14.533333333333333, 27.666666666666668,r
50,61.06666666666667, 55.86666666666667, 49.2, 47.266666666666666, 45.266666666666666, 40.46666666666667, 39.6, 38.0, 38.4, 40.13333333333333, 14.2, 26.733333333333334, 38.46666666666667, 14.533333333333333, 27.8,r
51,61.4, 55.8, 49.13333333333333, 47.266666666666666, 45.2, 40.4, 39.666666666666664, 38.0, 38.333333333333336, 40.06666666666667, 14.2, 26.8, 38.53333333333333, 14.533333333333333, 27.8,r
52,59.0, 55.733333333333334, 49.13333333333333, 47.266666666666666, 45.2, 40.4, 39.46666666666667, 37.93333333333333, 38.333333333333336, 40.06666666666667, 14.2, 26.866666666666667, 38.53333333333333, 14.466666666666667, 27.8,r
53,57.86666666666667, 55.666666666666664, 49.06666666666667, 47.266666666666666, 45.13333333333333, 40.4, 39.46666666666667, 38.0, 38.4, 40.2, 14.2, 26.933333333333334, 38.53333333333333, 14.466666666666667, 27.8,r
54,55.733333333333334, 55.666666666666664, 49.06666666666667, 47.266666666666666, 45.13333333333333, 40.4, 39.53333333333333, 37.93333333333333, 38.333333333333336, 40.266666666666666, 14.2, 26.933333333333334, 38.53333333333333, 14.333333333333334, 27.8,r
55,54.333333333333336, 55.666666666666664, 49.06666666666667, 47.266666666666666, 45.13333333333333, 40.4, 39.46666666666667, 37.93333333333333, 38.4, 40.266666666666666, 14.2, 27.0, 38.53333333333333, 14.333333333333334, 27.8,r
56,50.666666666666664, 55.6, 49.06666666666667, 47.266666666666666, 45.06666666666667, 40.4, 39.4, 37.86666666666667, 38.53333333333333, 40.2, 14.2, 27.0, 38.6, 14.4, 27.8,r
57,48.0, 55.46666666666667, 49.06666666666667, 47.266666666666666, 45.0, 40.4, 39.4, 37.86666666666667, 38.666666666666664, 40.266666666666666, 14.2, 27.0, 38.53333333333333, 14.466666666666667, 27.866666666666667,r
58,44.86666666666667, 55.46666666666667, 49.06666666666667, 47.266666666666666, 45.0, 40.4, 39.4, 37.86666666666667, 38.6, 40.2, 14.2, 27.066666666666666, 38.53333333333333, 14.6, 27.866666666666667,r
59,42.333333333333336, 55.46666666666667, 49.06666666666667, 47.266666666666666, 45.0, 40.46666666666667, 39.46666666666667, 37.86666666666667, 38.53333333333333, 40.2, 14.2, 27.066666666666666, 38.6, 14.6, 27.8,r
60,39.333333333333336, 55.4, 49.13333333333333, 47.266666666666666, 45.0, 40.46666666666667, 39.333333333333336, 37.733333333333334, 38.4, 40.13333333333333, 14.2, 27.0, 38.6, 14.6, 27.8,r
61,37.4, 55.46666666666667, 49.13333333333333, 47.266666666666666, 45.0, 40.46666666666667, 39.4, 37.733333333333334, 38.53333333333333, 40.0, 14.2, 27.066666666666666, 38.733333333333334, 14.6, 27.8,r
62,35.86666666666667, 55.4, 49.06666666666667, 47.266666666666666, 45.0, 40.46666666666667, 39.46666666666667, 37.8, 38.6, 39.93333333333333, 14.2, 27.066666666666666, 38.733333333333334, 14.666666666666666, 27.8,r
63,34.8, 55.333333333333336, 49.06666666666667, 47.266666666666666, 45.0, 40.333333333333336, 39.53333333333333, 37.733333333333334, 38.6, 40.2, 14.133333333333333, 27.0, 38.733333333333334, 14.666666666666666, 28.0,r
64,33.333333333333336, 55.2, 49.06666666666667, 47.266666666666666, 45.0, 40.333333333333336, 39.6, 37.93333333333333, 38.6, 40.333333333333336, 14.133333333333333, 27.0, 38.8, 14.6, 28.066666666666666,r
65,31.466666666666665, 55.266666666666666, 49.06666666666667, 47.266666666666666, 45.06666666666667, 40.333333333333336, 39.53333333333333, 37.93333333333333, 38.6, 40.2, 14.133333333333333, 27.0, 38.86666666666667, 14.6, 28.066666666666666,r
66,32.2, 55.266666666666666, 49.06666666666667, 47.266666666666666, 45.06666666666667, 40.266666666666666, 39.733333333333334, 38.0, 38.6, 40.13333333333333, 14.066666666666666, 27.0, 38.86666666666667, 14.6, 28.133333333333333,r
67,30.4, 55.266666666666666, 49.06666666666667, 47.266666666666666, 45.06666666666667, 40.266666666666666, 39.733333333333334, 37.93333333333333, 38.6, 40.13333333333333, 14.066666666666666, 27.066666666666666, 38.86666666666667, 14.6, 28.133333333333333,r
68,30.866666666666667, 55.333333333333336, 49.06666666666667, 47.266666666666666, 45.06666666666667, 40.266666666666666, 39.733333333333334, 37.93333333333333, 38.666666666666664, 40.13333333333333, 14.066666666666666, 27.0, 38.86666666666667, 14.533333333333333, 28.2,r
69,29.2, 55.46666666666667, 49.06666666666667, 47.266666666666666, 45.06666666666667, 40.2, 40.0, 38.2, 38.666666666666664, 40.2, 14.066666666666666, 27.066666666666666, 38.86666666666667, 14.533333333333333, 28.2,r
70,29.0, 55.6, 49.06666666666667, 47.266666666666666, 45.06666666666667, 40.2, 40.06666666666667, 38.4, 39.0, 40.53333333333333, 14.066666666666666, 27.066666666666666, 38.86666666666667, 14.533333333333333, 28.266666666666666,r
71,28.466666666666665, 55.6, 49.06666666666667, 47.266666666666666, 45.06666666666667, 40.2, 40.2, 38.53333333333333, 39.13333333333333, 40.666666666666664, 14.066666666666666, 27.066666666666666, 38.86666666666667, 14.533333333333333, 28.266666666666666,r
72,27.933333333333334, 55.666666666666664, 49.06666666666667, 47.266666666666666, 45.06666666666667, 40.2, 39.93333333333333, 38.6, 39.266666666666666, 40.86666666666667, 14.133333333333333, 27.066666666666666, 38.86666666666667, 14.533333333333333, 28.266666666666666,r
73,27.066666666666666, 55.8, 49.06666666666667, 47.2, 45.06666666666667, 40.2, 40.0, 38.8, 39.46666666666667, 41.0, 14.2, 27.0, 38.86666666666667, 14.533333333333333, 28.2,r
74,25.933333333333334, 55.8, 49.06666666666667, 47.2, 45.06666666666667, 40.2, 40.06666666666667, 38.86666666666667, 39.46666666666667, 41.0, 14.2, 26.933333333333334, 38.93333333333333, 14.533333333333333, 28.2,r
75,25.2, 55.86666666666667, 49.06666666666667, 47.2, 45.06666666666667, 40.2, 40.06666666666667, 38.93333333333333, 39.4, 41.06666666666667, 14.2, 26.933333333333334, 38.93333333333333, 14.533333333333333, 28.2,r
76,24.8, 55.86666666666667, 49.06666666666667, 47.2, 45.13333333333333, 40.266666666666666, 40.13333333333333, 38.93333333333333, 39.4, 41.0, 14.2, 27.0, 38.93333333333333, 14.533333333333333, 28.2,r
77,31.866666666666667, 55.93333333333333, 49.06666666666667, 47.2, 45.13333333333333, 40.2, 40.2, 39.06666666666667, 39.53333333333333, 41.06666666666667, 14.266666666666667, 26.933333333333334, 38.8, 14.533333333333333, 28.333333333333332,r
78,32.13333333333333, 55.93333333333333, 49.06666666666667, 47.2, 45.13333333333333, 40.2, 40.266666666666666, 39.06666666666667, 39.46666666666667, 41.06666666666667, 14.2, 26.933333333333334, 38.8, 14.533333333333333, 28.333333333333332,r
79,33.666666666666664, 55.93333333333333, 49.06666666666667, 47.2, 45.13333333333333, 40.2, 40.333333333333336, 39.13333333333333, 39.53333333333333, 41.06666666666667, 14.2, 26.933333333333334, 38.8, 14.533333333333333, 28.266666666666666,r
80,33.4, 55.93333333333333, 49.06666666666667, 47.13333333333333, 45.13333333333333, 40.333333333333336, 40.333333333333336, 39.2, 39.46666666666667, 41.06666666666667, 14.266666666666667, 26.933333333333334, 38.86666666666667, 14.6, 28.266666666666666,r
81,31.933333333333334, 55.93333333333333, 49.06666666666667, 47.13333333333333, 45.13333333333333, 40.333333333333336, 40.2, 39.2, 39.46666666666667, 41.13333333333333, 14.2, 26.866666666666667, 38.8, 14.6, 28.266666666666666,r
82,32.46666666666667, 56.0, 49.0, 47.13333333333333, 45.13333333333333, 40.4, 40.2, 39.266666666666666, 39.53333333333333, 41.13333333333333, 14.266666666666667, 26.866666666666667, 38.8, 14.6, 28.2,r
83,32.06666666666667, 56.0, 49.0, 47.13333333333333, 45.13333333333333, 40.4, 40.13333333333333, 39.266666666666666, 39.53333333333333, 41.13333333333333, 14.266666666666667, 26.933333333333334, 38.8, 14.6, 28.2,r
84,37.666666666666664, 56.4, 48.333333333333336, 47.333333333333336, 45.333333333333336, 40.53333333333333, 39.86666666666667, 39.733333333333334, 40.53333333333333, 42.13333333333333, 13.4, 26.266666666666666, 38.2, 14.533333333333333, 28.2,r
85,36.93333333333333, 56.333333333333336, 48.333333333333336, 47.333333333333336, 45.266666666666666, 40.53333333333333, 39.86666666666667, 39.8, 40.6, 42.06666666666667, 13.4, 26.266666666666666, 38.2, 14.533333333333333, 28.2,r
86,38.733333333333334, 56.46666666666667, 48.13333333333333, 47.4, 45.333333333333336, 40.6, 39.86666666666667, 40.2, 41.0, 42.4, 13.333333333333334, 26.2, 38.06666666666667, 14.466666666666667, 28.133333333333333,r
87,41.06666666666667, 56.6, 47.93333333333333, 47.46666666666667, 45.4, 40.733333333333334, 40.0, 40.333333333333336, 41.266666666666666, 42.6, 13.333333333333334, 26.266666666666666, 38.0, 14.533333333333333, 28.133333333333333,r
88,41.733333333333334, 56.6, 47.93333333333333, 47.46666666666667, 45.4, 40.733333333333334, 39.93333333333333, 40.333333333333336, 41.266666666666666, 42.6, 13.333333333333334, 26.266666666666666, 38.0, 14.533333333333333, 28.133333333333333,r
89,45.86666666666667, 56.6, 47.93333333333333, 47.46666666666667, 45.266666666666666, 40.733333333333334, 39.93333333333333, 40.333333333333336, 41.266666666666666, 42.6, 13.4, 26.4, 37.93333333333333, 14.666666666666666, 28.133333333333333,r
90,46.666666666666664, 56.6, 47.733333333333334, 47.46666666666667, 45.266666666666666, 40.8, 40.13333333333333, 40.333333333333336, 41.4, 42.733333333333334, 13.2, 26.266666666666666, 37.733333333333334, 14.733333333333333, 28.133333333333333,r
91,50.733333333333334, 56.6, 47.666666666666664, 47.53333333333333, 45.06666666666667, 40.733333333333334, 40.333333333333336, 40.46666666666667, 41.4, 42.8, 13.133333333333333, 26.333333333333332, 37.666666666666664, 14.866666666666667, 28.133333333333333,r
92,53.666666666666664, 56.6, 47.666666666666664, 47.53333333333333, 44.86666666666667, 40.666666666666664, 40.266666666666666, 40.46666666666667, 41.4, 42.666666666666664, 13.133333333333333, 26.466666666666665, 37.666666666666664, 15.066666666666666, 28.133333333333333,r
93,53.86666666666667, 56.53333333333333, 47.666666666666664, 47.46666666666667, 44.8, 40.666666666666664, 40.333333333333336, 40.4, 41.4, 42.666666666666664, 13.133333333333333, 26.4, 37.733333333333334, 15.066666666666666, 28.066666666666666,r
94,54.6, 56.53333333333333, 47.666666666666664, 47.46666666666667, 44.8, 40.666666666666664, 40.333333333333336, 40.4, 41.4, 42.6, 13.133333333333333, 26.4, 37.733333333333334, 15.066666666666666, 28.0,r
95,58.13333333333333, 56.46666666666667, 47.6, 47.2, 44.733333333333334, 40.666666666666664, 40.4, 40.53333333333333, 41.333333333333336, 42.53333333333333, 13.0, 26.533333333333335, 37.8, 14.733333333333333, 27.8,r
96,61.266666666666666, 56.333333333333336, 47.6, 47.0, 44.86666666666667, 40.53333333333333, 40.266666666666666, 40.46666666666667, 41.333333333333336, 42.53333333333333, 13.2, 26.6, 37.86666666666667, 14.466666666666667, 27.733333333333334,r
97,63.53333333333333, 56.333333333333336, 47.6, 47.0, 44.86666666666667, 40.53333333333333, 40.266666666666666, 40.4, 41.333333333333336, 42.53333333333333, 13.2, 26.6, 37.86666666666667, 14.466666666666667, 27.666666666666668,r
98,65.53333333333333, 56.266666666666666, 47.6, 46.86666666666667, 44.86666666666667, 40.53333333333333, 40.266666666666666, 40.46666666666667, 41.2, 42.46666666666667, 13.4, 26.6, 37.86666666666667, 14.333333333333334, 27.6,r
99,66.86666666666666, 56.333333333333336, 47.6, 46.86666666666667, 44.8, 40.46666666666667, 40.333333333333336, 40.4, 41.2, 42.333333333333336, 13.333333333333334, 26.666666666666668, 37.8, 14.333333333333334, 27.6,r
100,68.6, 56.266666666666666, 47.6, 46.8, 44.86666666666667, 40.46666666666667, 40.266666666666666, 40.4, 41.13333333333333, 42.13333333333333, 13.466666666666667, 26.733333333333334, 37.8, 14.2, 27.533333333333335,r
0,371.8125, 57.8125, 48.6875, 50.8125, 48.625, 42.0, 49.8125, 58.25, 65.1875, 68.5, 10.8125, 23.125, 34.1875, 13.875, 27.25,p
1,418.3333333333333, 57.46666666666667, 45.8, 48.13333333333333, 46.333333333333336, 40.53333333333333, 51.733333333333334, 59.2, 66.26666666666667, 69.66666666666667, 9.866666666666667, 21.733333333333334, 32.4, 13.2, 25.866666666666667,p
2,452.2, 58.6, 46.2, 48.46666666666667, 46.53333333333333, 40.6, 50.86666666666667, 58.6, 66.33333333333333, 69.93333333333334, 9.8, 21.933333333333334, 32.4, 13.4, 26.133333333333333,p
3,492.53333333333336, 59.93333333333333, 47.2, 49.733333333333334, 47.4, 41.333333333333336, 50.6, 58.46666666666667, 66.46666666666667, 70.93333333333334, 9.933333333333334, 22.2, 33.266666666666666, 13.933333333333334, 27.133333333333333,p
4,504.93333333333334, 63.333333333333336, 49.6, 52.733333333333334, 50.0, 43.53333333333333, 50.53333333333333, 58.266666666666666, 66.86666666666666, 72.2, 10.066666666666666, 22.4, 34.06666666666667, 14.533333333333333, 28.133333333333333,p
5,542.9333333333333, 65.73333333333333, 52.53333333333333, 56.2, 53.0, 46.666666666666664, 50.733333333333334, 59.6, 68.4, 74.86666666666666, 11.133333333333333, 23.533333333333335, 36.2, 14.733333333333333, 29.933333333333334,p
6,543.0666666666667, 67.2, 55.06666666666667, 58.8, 55.53333333333333, 49.2, 51.0, 60.53333333333333, 70.06666666666666, 77.66666666666667, 11.6, 24.6, 38.666666666666664, 15.333333333333334, 32.0,p
7,572.8, 69.0, 58.86666666666667, 62.6, 59.2, 53.06666666666667, 52.4, 62.6, 72.33333333333333, 81.26666666666667, 12.866666666666667, 26.2, 42.266666666666666, 16.133333333333333, 35.0,p
8,643.5333333333333, 71.0, 61.46666666666667, 65.26666666666667, 61.8, 55.8, 55.06666666666667, 66.33333333333333, 76.8, 87.2, 13.666666666666666, 28.066666666666666, 46.333333333333336, 16.866666666666667, 37.733333333333334,p
9,610.8, 72.4, 67.33333333333333, 70.53333333333333, 66.73333333333333, 60.266666666666666, 53.4, 65.93333333333334, 77.86666666666666, 90.73333333333333, 14.933333333333334, 31.0, 51.4, 18.533333333333335, 41.46666666666667,p
10,604.0, 73.53333333333333, 70.46666666666667, 73.53333333333333, 69.8, 63.266666666666666, 56.666666666666664, 70.26666666666667, 82.86666666666666, 96.8, 16.533333333333335, 33.666666666666664, 55.86666666666667, 19.733333333333334, 44.53333333333333,p
11,615.7333333333333, 74.6, 74.2, 78.06666666666666, 73.33333333333333, 66.33333333333333, 57.266666666666666, 71.53333333333333, 85.73333333333333, 100.46666666666667, 18.6, 36.46666666666667, 60.53333333333333, 21.666666666666668, 48.733333333333334,p
12,574.7333333333333, 76.8, 80.4, 84.0, 79.73333333333333, 72.0, 59.06666666666667, 75.2, 90.8, 106.66666666666667, 20.533333333333335, 40.86666666666667, 67.2, 23.866666666666667, 53.8,p
13,544.0666666666667, 77.6, 82.93333333333334, 86.8, 83.8, 75.2, 60.2, 78.73333333333333, 95.46666666666667, 111.6, 21.333333333333332, 44.53333333333333, 71.73333333333333, 25.666666666666668, 56.733333333333334,p
14,544.2666666666667, 78.2, 84.73333333333333, 88.4, 85.4, 76.66666666666667, 61.666666666666664, 81.06666666666666, 98.4, 114.6, 22.466666666666665, 46.46666666666667, 74.66666666666667, 26.4, 58.8,p
15,528.4, 79.2, 86.4, 90.8, 87.66666666666667, 78.93333333333334, 64.4, 85.33333333333333, 103.06666666666666, 119.66666666666667, 24.066666666666666, 49.06666666666667, 78.4, 27.466666666666665, 61.86666666666667,p
16,499.0, 79.86666666666666, 88.66666666666667, 92.6, 90.2, 81.13333333333334, 64.73333333333333, 86.6, 105.4, 122.13333333333334, 24.933333333333334, 51.266666666666666, 81.53333333333333, 29.2, 64.0,p
17,477.26666666666665, 80.8, 90.0, 94.13333333333334, 92.0, 83.13333333333334, 67.33333333333333, 90.66666666666667, 110.06666666666666, 127.26666666666667, 26.6, 53.8, 85.53333333333333, 30.4, 66.86666666666666,p
18,481.53333333333336, 81.26666666666667, 91.13333333333334, 95.33333333333333, 93.26666666666667, 84.4, 68.2, 92.2, 111.93333333333334, 129.46666666666667, 27.2, 55.2, 87.86666666666666, 31.066666666666666, 68.53333333333333,p
19,463.8666666666667, 81.53333333333333, 91.86666666666666, 96.0, 93.8, 85.26666666666667, 69.8, 94.33333333333333, 114.26666666666667, 132.13333333333333, 28.0, 56.266666666666666, 89.8, 31.466666666666665, 69.8,p
20,445.53333333333336, 82.2, 93.0, 97.13333333333334, 95.2, 86.86666666666666, 72.0, 97.46666666666667, 117.66666666666667, 136.2, 29.133333333333333, 57.93333333333333, 92.93333333333334, 31.933333333333334, 72.0,p
21,448.6, 82.53333333333333, 93.26666666666667, 97.53333333333333, 95.73333333333333, 87.46666666666667, 73.26666666666667, 98.86666666666666, 119.2, 137.8, 29.466666666666665, 58.6, 94.33333333333333, 32.333333333333336, 73.06666666666666,p
22,424.06666666666666, 82.66666666666667, 93.6, 98.06666666666666, 96.26666666666667, 88.26666666666667, 74.33333333333333, 100.4, 120.66666666666667, 139.73333333333332, 30.0, 59.53333333333333, 95.73333333333333, 32.4, 74.0,p
23,399.8, 83.0, 94.2, 98.6, 96.66666666666667, 88.93333333333334, 75.73333333333333, 102.0, 122.33333333333333, 141.66666666666666, 30.533333333333335, 60.266666666666666, 97.06666666666666, 32.53333333333333, 75.0,p
24,379.0, 83.13333333333334, 94.33333333333333, 98.86666666666666, 96.73333333333333, 89.06666666666666, 76.46666666666667, 102.8, 123.06666666666666, 142.26666666666668, 30.6, 60.6, 97.46666666666667, 32.53333333333333, 75.26666666666667,p
25,355.0, 83.53333333333333, 94.4, 99.06666666666666, 96.86666666666666, 89.26666666666667, 77.33333333333333, 103.93333333333334, 124.13333333333334, 143.53333333333333, 30.866666666666667, 60.8, 98.2, 32.53333333333333, 75.8,p
26,328.46666666666664, 83.66666666666667, 94.73333333333333, 99.13333333333334, 97.26666666666667, 89.66666666666667, 78.06666666666666, 104.8, 124.93333333333334, 144.53333333333333, 31.2, 61.06666666666667, 99.13333333333334, 32.93333333333333, 76.4,p
27,299.46666666666664, 83.8, 95.0, 99.46666666666667, 97.6, 90.33333333333333, 78.4, 105.66666666666667, 126.4, 146.2, 31.533333333333335, 62.46666666666667, 100.93333333333334, 33.86666666666667, 77.86666666666666,p
28,281.6666666666667, 83.73333333333333, 95.2, 99.66666666666667, 97.6, 90.4, 78.8, 106.06666666666666, 126.73333333333333, 146.73333333333332, 31.666666666666668, 62.6, 101.33333333333333, 33.86666666666667, 78.13333333333334,p
29,255.93333333333334, 83.93333333333334, 95.33333333333333, 99.93333333333334, 97.86666666666666, 90.73333333333333, 79.4, 106.53333333333333, 127.66666666666667, 147.66666666666666, 31.933333333333334, 63.4, 102.53333333333333, 34.4, 79.06666666666666,p
30,232.73333333333332, 84.13333333333334, 95.53333333333333, 100.06666666666666, 98.13333333333334, 91.0, 79.73333333333333, 107.26666666666667, 128.4, 148.46666666666667, 32.266666666666666, 64.0, 103.6, 34.733333333333334, 79.8,p
31,219.33333333333334, 84.0, 95.6, 100.06666666666666, 98.33333333333333, 91.33333333333333, 79.93333333333334, 107.46666666666667, 128.53333333333333, 148.73333333333332, 32.266666666666666, 64.26666666666667, 103.86666666666666, 34.8, 80.06666666666666,p
32,193.73333333333332, 84.26666666666667, 95.93333333333334, 100.33333333333333, 98.53333333333333, 91.4, 80.8, 108.4, 129.46666666666667, 149.53333333333333, 32.4, 64.53333333333333, 104.33333333333333, 35.0, 80.33333333333333,p
33,178.4, 84.33333333333333, 96.06666666666666, 100.6, 98.6, 91.46666666666667, 81.06666666666666, 108.73333333333333, 130.0, 150.06666666666666, 32.53333333333333, 65.0, 104.8, 35.4, 80.8,p
34,162.4, 84.4, 96.06666666666666, 100.66666666666667, 98.6, 91.6, 81.46666666666667, 109.13333333333334, 130.46666666666667, 150.53333333333333, 32.53333333333333, 65.2, 105.26666666666667, 35.666666666666664, 81.13333333333334,p
35,146.8, 84.46666666666667, 96.06666666666666, 100.73333333333333, 98.66666666666667, 91.66666666666667, 81.66666666666667, 109.33333333333333, 130.73333333333332, 150.86666666666667, 32.666666666666664, 65.46666666666667, 105.66666666666667, 35.8, 81.4,p
36,131.4, 84.53333333333333, 96.33333333333333, 100.8, 98.8, 91.8, 82.13333333333334, 109.8, 131.4, 151.33333333333334, 32.86666666666667, 65.93333333333334, 106.2, 35.93333333333333, 81.8,p
37,118.93333333333334, 84.73333333333333, 96.53333333333333, 100.93333333333334, 98.86666666666666, 92.0, 82.33333333333333, 110.33333333333333, 131.8, 151.8, 33.06666666666667, 66.2, 106.66666666666667, 36.0, 82.2,p
38,107.73333333333333, 84.8, 96.6, 100.93333333333334, 98.93333333333334, 92.13333333333334, 82.33333333333333, 110.46666666666667, 131.8, 152.06666666666666, 33.06666666666667, 66.13333333333334, 106.8, 36.06666666666667, 82.33333333333333,p
39,101.93333333333334, 84.86666666666666, 96.66666666666667, 100.93333333333334, 99.06666666666666, 92.2, 82.6, 110.66666666666667, 132.0, 152.33333333333334, 33.13333333333333, 66.33333333333333, 107.06666666666666, 36.13333333333333, 82.46666666666667,p
40,92.26666666666667, 84.93333333333334, 96.8, 101.13333333333334, 99.13333333333334, 92.46666666666667, 83.06666666666666, 110.93333333333334, 132.4, 152.86666666666667, 33.266666666666666, 66.46666666666667, 107.46666666666667, 36.2, 82.73333333333333,p
41,82.0, 84.93333333333334, 97.0, 101.26666666666667, 99.13333333333334, 92.53333333333333, 83.06666666666666, 111.26666666666667, 132.66666666666666, 153.06666666666666, 33.333333333333336, 66.6, 107.73333333333333, 36.333333333333336, 83.0,p
42,78.8, 85.0, 97.0, 101.26666666666667, 99.2, 92.6, 83.2, 111.4, 132.73333333333332, 153.2, 33.4, 66.73333333333333, 108.0, 36.333333333333336, 83.13333333333334,p
43,75.33333333333333, 85.0, 97.0, 101.33333333333333, 99.2, 92.53333333333333, 83.46666666666667, 111.73333333333333, 133.0, 153.53333333333333, 33.666666666666664, 66.8, 108.33333333333333, 36.333333333333336, 83.4,p
44,69.53333333333333, 85.06666666666666, 97.13333333333334, 101.4, 99.2, 92.53333333333333, 83.6, 111.86666666666666, 133.0, 153.73333333333332, 33.733333333333334, 66.8, 108.46666666666667, 36.333333333333336, 83.66666666666667,p
45,65.33333333333333, 85.06666666666666, 97.13333333333334, 101.33333333333333, 99.26666666666667, 92.6, 83.8, 112.06666666666666, 133.2, 153.8, 33.8, 67.2, 108.73333333333333, 36.333333333333336, 83.8,p
46,62.46666666666667, 85.13333333333334, 97.26666666666667, 101.4, 99.4, 92.73333333333333, 83.93333333333334, 112.13333333333334, 133.33333333333334, 154.06666666666666, 34.0, 67.26666666666667, 109.0, 36.333333333333336, 83.86666666666666,p
47,57.0, 85.13333333333334, 97.26666666666667, 101.4, 99.53333333333333, 92.73333333333333, 83.86666666666666, 112.26666666666667, 133.4, 154.13333333333333, 34.0, 67.4, 109.2, 36.6, 83.93333333333334,p
48,55.6, 85.26666666666667, 97.33333333333333, 101.33333333333333, 99.53333333333333, 92.8, 84.13333333333334, 112.6, 133.8, 154.6, 34.06666666666667, 67.46666666666667, 109.33333333333333, 36.6, 84.06666666666666,p
49,53.13333333333333, 85.26666666666667, 97.4, 101.46666666666667, 99.53333333333333, 92.86666666666666, 84.2, 112.66666666666667, 133.93333333333334, 154.66666666666666, 34.13333333333333, 67.66666666666667, 109.66666666666667, 36.46666666666667, 84.13333333333334,p
50,50.2, 85.33333333333333, 97.4, 101.4, 99.6, 92.86666666666666, 84.26666666666667, 112.66666666666667, 134.06666666666666, 154.73333333333332, 34.13333333333333, 67.8, 109.73333333333333, 36.53333333333333, 84.26666666666667,p
51,47.53333333333333, 85.33333333333333, 97.4, 101.4, 99.6, 92.93333333333334, 84.4, 113.0, 134.13333333333333, 155.0, 34.2, 67.8, 110.0, 36.53333333333333, 84.33333333333333,p
52,43.733333333333334, 85.53333333333333, 97.46666666666667, 101.53333333333333, 99.6, 93.0, 84.73333333333333, 113.2, 134.46666666666667, 155.33333333333334, 34.2, 67.8, 110.2, 36.46666666666667, 84.4,p
53,59.666666666666664, 85.66666666666667, 97.4, 101.53333333333333, 99.6, 93.0, 85.0, 113.53333333333333, 134.93333333333334, 155.8, 34.266666666666666, 68.0, 110.2, 36.53333333333333, 84.46666666666667,p
54,57.4, 85.73333333333333, 97.46666666666667, 101.66666666666667, 99.66666666666667, 93.0, 85.33333333333333, 113.8, 135.06666666666666, 156.06666666666666, 34.4, 68.2, 110.4, 36.53333333333333, 84.66666666666667,p
55,59.53333333333333, 85.8, 97.53333333333333, 101.6, 99.66666666666667, 93.0, 85.53333333333333, 114.0, 135.13333333333333, 156.2, 34.4, 68.13333333333334, 110.6, 36.53333333333333, 84.8,p
56,59.266666666666666, 85.73333333333333, 97.53333333333333, 101.6, 99.66666666666667, 93.0, 85.53333333333333, 114.13333333333334, 135.26666666666668, 156.33333333333334, 34.46666666666667, 68.2, 110.8, 36.4, 85.0,p
57,60.733333333333334, 85.86666666666666, 97.6, 101.6, 99.66666666666667, 93.06666666666666, 85.66666666666667, 114.4, 135.4, 156.53333333333333, 34.6, 68.33333333333333, 110.8, 36.46666666666667, 84.93333333333334,p
58,60.46666666666667, 85.93333333333334, 97.6, 101.6, 99.66666666666667, 93.06666666666666, 85.8, 114.6, 135.66666666666666, 156.66666666666666, 34.666666666666664, 68.33333333333333, 110.93333333333334, 36.46666666666667, 84.93333333333334,p
59,58.733333333333334, 86.0, 97.6, 101.6, 99.66666666666667, 93.06666666666666, 85.86666666666666, 114.73333333333333, 135.8, 156.8, 34.666666666666664, 68.33333333333333, 111.0, 36.53333333333333, 84.93333333333334,p
60,67.53333333333333, 86.0, 97.73333333333333, 101.6, 99.66666666666667, 93.13333333333334, 86.0, 114.8, 135.93333333333334, 156.86666666666667, 34.666666666666664, 68.33333333333333, 111.06666666666666, 36.53333333333333, 84.93333333333334,p
61,57.8, 86.13333333333334, 97.73333333333333, 101.6, 99.66666666666667, 93.13333333333334, 86.2, 115.06666666666666, 136.13333333333333, 157.13333333333333, 34.8, 68.26666666666667, 111.2, 36.53333333333333, 85.13333333333334,p
62,50.2, 86.13333333333334, 97.73333333333333, 101.6, 99.66666666666667, 93.2, 86.33333333333333, 115.26666666666667, 136.2, 157.26666666666668, 35.0, 68.33333333333333, 111.33333333333333, 36.53333333333333, 85.2,p
63,50.266666666666666, 86.13333333333334, 97.73333333333333, 101.6, 99.8, 93.2, 86.26666666666667, 115.4, 136.26666666666668, 157.33333333333334, 35.0, 68.33333333333333, 111.46666666666667, 36.53333333333333, 85.2,p
64,48.8, 86.2, 97.86666666666666, 101.6, 99.8, 93.2, 86.4, 115.53333333333333, 136.4, 157.53333333333333, 35.06666666666667, 68.33333333333333, 111.6, 36.53333333333333, 85.33333333333333,p
65,45.266666666666666, 86.13333333333334, 97.93333333333334, 101.6, 99.8, 93.2, 86.53333333333333, 115.53333333333333, 136.53333333333333, 157.66666666666666, 35.06666666666667, 68.4, 111.73333333333333, 36.46666666666667, 85.4,p
66,45.0, 86.13333333333334, 98.06666666666666, 101.6, 99.8, 93.26666666666667, 86.53333333333333, 115.53333333333333, 136.53333333333333, 157.66666666666666, 35.06666666666667, 68.33333333333333, 111.73333333333333, 36.46666666666667, 85.46666666666667,p
67,48.0, 86.13333333333334, 98.06666666666666, 101.6, 99.8, 93.26666666666667, 86.66666666666667, 115.73333333333333, 136.53333333333333, 157.6, 35.13333333333333, 68.33333333333333, 111.8, 36.53333333333333, 85.46666666666667,p
68,45.333333333333336, 86.13333333333334, 98.06666666666666, 101.66666666666667, 99.86666666666666, 93.33333333333333, 86.66666666666667, 115.8, 136.53333333333333, 157.6, 35.13333333333333, 68.26666666666667, 111.86666666666666, 36.53333333333333, 85.53333333333333,p
69,54.2, 86.13333333333334, 98.06666666666666, 101.73333333333333, 99.86666666666666, 93.33333333333333, 86.73333333333333, 115.73333333333333, 136.4, 157.66666666666666, 35.266666666666666, 68.26666666666667, 111.93333333333334, 36.46666666666667, 85.6,p
70,54.86666666666667, 86.13333333333334, 98.06666666666666, 101.73333333333333, 99.86666666666666, 93.33333333333333, 86.8, 115.86666666666666, 136.46666666666667, 157.73333333333332, 35.266666666666666, 68.26666666666667, 112.0, 36.46666666666667, 85.66666666666667,p
71,60.6, 86.13333333333334, 98.06666666666666, 101.8, 99.86666666666666, 93.33333333333333, 86.73333333333333, 115.73333333333333, 136.4, 157.73333333333332, 35.266666666666666, 68.26666666666667, 112.2, 36.4, 85.66666666666667,p
72,60.2, 86.13333333333334, 98.06666666666666, 101.8, 99.86666666666666, 93.33333333333333, 86.8, 115.66666666666667, 136.33333333333334, 157.66666666666666, 35.266666666666666, 68.26666666666667, 112.26666666666667, 36.4, 85.8,p
73,67.13333333333334, 86.26666666666667, 98.06666666666666, 101.86666666666666, 99.86666666666666, 93.33333333333333, 87.06666666666666, 115.66666666666667, 136.46666666666667, 157.86666666666667, 35.13333333333333, 68.26666666666667, 112.4, 36.46666666666667, 85.86666666666666,p
74,71.33333333333333, 86.13333333333334, 98.06666666666666, 102.0, 99.86666666666666, 93.33333333333333, 87.06666666666666, 115.46666666666667, 136.4, 157.86666666666667, 35.266666666666666, 68.2, 112.4, 36.46666666666667, 85.93333333333334,p
75,70.46666666666667, 86.13333333333334, 98.06666666666666, 102.0, 99.86666666666666, 93.33333333333333, 87.13333333333334, 115.53333333333333, 136.46666666666667, 158.0, 35.333333333333336, 68.26666666666667, 112.46666666666667, 36.4, 86.0,p
76,69.46666666666667, 86.13333333333334, 98.06666666666666, 102.06666666666666, 99.86666666666666, 93.33333333333333, 87.06666666666666, 115.4, 136.46666666666667, 158.0, 35.333333333333336, 68.33333333333333, 112.53333333333333, 36.333333333333336, 86.06666666666666,p
77,68.33333333333333, 86.13333333333334, 98.06666666666666, 102.13333333333334, 99.93333333333334, 93.33333333333333, 87.13333333333334, 115.6, 136.46666666666667, 158.0, 35.333333333333336, 68.46666666666667, 112.6, 36.333333333333336, 86.13333333333334,p
78,69.06666666666666, 86.13333333333334, 98.13333333333334, 102.2, 100.0, 93.4, 87.13333333333334, 115.6, 136.46666666666667, 158.06666666666666, 35.4, 68.53333333333333, 112.66666666666667, 36.333333333333336, 86.13333333333334,p
79,81.6, 86.13333333333334, 98.2, 102.26666666666667, 99.93333333333334, 93.4, 86.93333333333334, 115.53333333333333, 136.46666666666667, 158.13333333333333, 35.4, 68.66666666666667, 112.66666666666667, 36.266666666666666, 86.13333333333334,p
80,81.06666666666666, 86.26666666666667, 98.2, 102.26666666666667, 99.93333333333334, 93.4, 87.13333333333334, 115.66666666666667, 136.53333333333333, 158.2, 35.4, 68.6, 112.66666666666667, 36.2, 86.06666666666666,p
81,66.73333333333333, 86.33333333333333, 99.86666666666666, 103.86666666666666, 101.4, 94.33333333333333, 85.66666666666667, 114.8, 135.66666666666666, 157.8, 35.46666666666667, 68.73333333333333, 113.06666666666666, 36.4, 86.46666666666667,p
82,65.46666666666667, 86.26666666666667, 99.86666666666666, 103.86666666666666, 101.4, 94.33333333333333, 85.8, 114.86666666666666, 135.73333333333332, 157.86666666666667, 35.46666666666667, 68.73333333333333, 113.13333333333334, 36.4, 86.53333333333333,p
83,61.8, 86.46666666666667, 100.86666666666666, 104.86666666666666, 102.33333333333333, 95.13333333333334, 86.46666666666667, 115.73333333333333, 136.46666666666667, 158.33333333333334, 35.6, 69.06666666666666, 113.73333333333333, 36.46666666666667, 87.06666666666666,p
84,62.2, 86.46666666666667, 100.86666666666666, 104.86666666666666, 102.33333333333333, 95.13333333333334, 86.53333333333333, 115.8, 136.46666666666667, 158.4, 35.6, 69.0, 113.8, 36.46666666666667, 87.06666666666666,p
85,57.333333333333336, 86.66666666666667, 101.4, 105.4, 102.93333333333334, 95.73333333333333, 87.33333333333333, 116.93333333333334, 137.6, 159.53333333333333, 35.93333333333333, 69.4, 114.4, 36.6, 87.46666666666667,p
86,54.333333333333336, 86.86666666666666, 101.73333333333333, 105.73333333333333, 103.26666666666667, 96.13333333333334, 88.06666666666666, 117.8, 138.46666666666667, 160.46666666666667, 36.2, 69.8, 115.13333333333334, 36.8, 87.93333333333334,p
87,53.46666666666667, 86.86666666666666, 101.73333333333333, 105.73333333333333, 103.26666666666667, 96.13333333333334, 88.2, 117.86666666666666, 138.53333333333333, 160.53333333333333, 36.13333333333333, 69.8, 115.13333333333334, 36.8, 87.86666666666666,p
88,55.13333333333333, 86.86666666666666, 101.73333333333333, 105.73333333333333, 103.33333333333333, 96.13333333333334, 88.26666666666667, 118.0, 138.6, 160.6, 36.13333333333333, 69.73333333333333, 115.06666666666666, 36.8, 87.86666666666666,p
89,52.46666666666667, 87.06666666666666, 102.0, 105.93333333333334, 103.6, 96.4, 88.66666666666667, 118.53333333333333, 139.4, 161.46666666666667, 36.333333333333336, 70.06666666666666, 115.66666666666667, 36.93333333333333, 88.2,p
90,51.266666666666666, 87.26666666666667, 102.13333333333334, 106.13333333333334, 103.8, 96.73333333333333, 89.06666666666666, 119.06666666666666, 140.13333333333333, 162.26666666666668, 36.46666666666667, 70.4, 116.06666666666666, 37.06666666666667, 88.53333333333333,p
91,51.333333333333336, 87.26666666666667, 102.13333333333334, 106.13333333333334, 103.8, 96.73333333333333, 89.06666666666666, 119.06666666666666, 140.13333333333333, 162.26666666666668, 36.46666666666667, 70.4, 116.06666666666666, 37.06666666666667, 88.53333333333333,p
92,50.0, 87.46666666666667, 102.2, 106.2, 103.86666666666666, 96.86666666666666, 89.53333333333333, 119.66666666666667, 140.66666666666666, 162.86666666666667, 36.666666666666664, 70.66666666666667, 116.4, 37.06666666666667, 88.8,p
93,49.733333333333334, 87.53333333333333, 102.2, 106.2, 103.86666666666666, 96.86666666666666, 89.46666666666667, 119.6, 140.6, 162.8, 36.733333333333334, 70.6, 116.4, 37.13333333333333, 88.8,p
94,45.733333333333334, 87.66666666666667, 102.26666666666667, 106.26666666666667, 103.93333333333334, 97.0, 89.8, 120.06666666666666, 141.06666666666666, 163.4, 36.8, 70.8, 116.73333333333333, 37.266666666666666, 89.0,p
95,42.2, 87.8, 102.26666666666667, 106.26666666666667, 104.0, 97.06666666666666, 90.06666666666666, 120.33333333333333, 141.46666666666667, 163.73333333333332, 36.86666666666667, 70.93333333333334, 117.0, 37.266666666666666, 89.26666666666667,p
96,41.733333333333334, 87.86666666666666, 102.26666666666667, 106.26666666666667, 104.0, 97.2, 90.13333333333334, 120.33333333333333, 141.46666666666667, 163.8, 36.86666666666667, 70.86666666666666, 117.13333333333334, 37.266666666666666, 89.33333333333333,p
97,39.0, 87.93333333333334, 102.26666666666667, 106.4, 104.06666666666666, 97.33333333333333, 90.13333333333334, 120.53333333333333, 141.66666666666666, 164.13333333333333, 36.86666666666667, 71.0, 117.26666666666667, 37.266666666666666, 89.46666666666667,p
98,35.4, 87.93333333333334, 102.4, 106.4, 104.06666666666666, 97.33333333333333, 90.26666666666667, 120.66666666666667, 141.86666666666667, 164.33333333333334, 36.86666666666667, 71.06666666666666, 117.46666666666667, 37.333333333333336, 89.66666666666667,p
99,34.666666666666664, 87.93333333333334, 102.46666666666667, 106.4, 104.0, 97.33333333333333, 90.26666666666667, 120.53333333333333, 141.86666666666667, 164.4, 36.86666666666667, 71.06666666666666, 117.53333333333333, 37.266666666666666, 89.73333333333333,p
100,29.933333333333334, 88.0, 102.46666666666667, 106.4, 104.0, 97.4, 90.4, 120.73333333333333, 142.13333333333333, 164.6, 36.86666666666667, 71.0, 117.6, 37.333333333333336, 89.8,p
