1460864979, 5, 53, 39, 40, 37, 31, 23, 28, 39, 45, 10, 24, 32, 14, 24, 12
1460864979, 5, 54, 39, 40, 37, 31, 23, 28, 39, 45, 10, 24, 32, 14, 24, 12
1460864979, 5, 54, 39, 40, 37, 31, 23, 28, 39, 45, 10, 24, 32, 14, 24, 12
1460864979, 4, 54, 39, 40, 37, 31, 23, 28, 38, 44, 10, 23, 32, 14, 24, 12
1460864979, 3, 54, 39, 40, 37, 31, 23, 28, 38, 44, 10, 23, 32, 14, 24, 12
1460864980, 1, 54, 39, 40, 37, 31, 23, 28, 38, 44, 10, 23, 32, 14, 24, 12
1460864980, 3, 54, 39, 40, 37, 31, 23, 28, 38, 44, 10, 23, 32, 14, 24, 12
1460864980, 8, 54, 39, 40, 37, 31, 23, 28, 38, 44, 10, 23, 32, 13, 24, 12
1460864980, 9, 54, 39, 40, 37, 31, 23, 29, 38, 44, 10, 23, 32, 13, 24, 12
1460864980, 9, 54, 39, 40, 37, 31, 23, 29, 38, 44, 10, 23, 32, 13, 24, 12
1460864980, 5, 54, 39, 40, 37, 31, 23, 29, 38, 44, 11, 23, 32, 13, 24, 12
1460864980, 3, 54, 39, 40, 37, 31, 23, 29, 38, 44, 11, 23, 31, 13, 24, 12
1460864980, 12, 54, 39, 40, 37, 31, 24, 29, 38, 44, 10, 23, 31, 13, 24, 12
1460864980, 12, 54, 39, 40, 37, 31, 24, 29, 38, 44, 10, 22, 31, 13, 24, 12
1460864980, 11, 54, 39, 40, 37, 31, 24, 29, 38, 44, 10, 22, 31, 13, 24, 12
1460864980, 9, 54, 39, 40, 37, 31, 24, 30, 38, 44, 10, 22, 31, 13, 24, 12
1460864980, 8, 54, 39, 40, 37, 31, 24, 30, 38, 45, 10, 22, 31, 13, 24, 12
1460864980, 10, 54, 39, 40, 37, 31, 24, 29, 38, 45, 10, 22, 31, 13, 24, 12
1460864980, 11, 55, 39, 40, 37, 31, 24, 29, 39, 45, 9, 22, 31, 13, 24, 12
1460864980, 6, 55, 39, 40, 37, 31, 24, 29, 39, 45, 9, 22, 31, 13, 24, 12
1460864980, 3, 55, 39, 40, 37, 31, 24, 29, 39, 45, 9, 23, 31, 14, 24, 12
1460864980, 2, 55, 39, 40, 37, 31, 24, 28, 40, 45, 9, 23, 31, 15, 25, 12
1460864980, 10, 56, 39, 41, 37, 31, 24, 28, 41, 46, 9, 23, 31, 16, 25, 12
1460864980, 156, 56, 40, 42, 37, 31, 23, 23, 42, 47, 8, 25, 32, 20, 28, 12
1460864981, 558, 54, 43, 44, 37, 31, 21, 17, 38, 41, 9, 31, 37, 25, 31, 12
1460864981, 282, 53, 92, 97, 36, 33, 67, 71, 41, 43, 27, 102, 102, 107, 104, 14
1460864981, 62, 53, 97, 102, 37, 34, 77, 82, 36, 43, 33, 107, 111, 112, 112, 15
1460864981, 48, 53, 98, 103, 37, 35, 79, 83, 36, 43, 36, 109, 113, 112, 112, 15
1460864981, 20, 53, 100, 104, 38, 35, 80, 83, 34, 42, 39, 109, 114, 112, 112, 15
1460864981, 14, 53, 101, 104, 38, 36, 81, 83, 33, 41, 40, 109, 115, 112, 112, 15
1460864981, 11, 52, 101, 105, 39, 36, 81, 83, 33, 42, 41, 109, 115, 112, 113, 15
1460864981, 5, 52, 101, 105, 39, 36, 81, 83, 34, 42, 41, 110, 116, 112, 113, 15
1460864981, 1, 52, 102, 105, 39, 36, 81, 83, 34, 42, 41, 110, 116, 112, 114, 15
1460864981, 1, 52, 102, 105, 39, 36, 80, 83, 34, 42, 42, 110, 116, 112, 114, 15
1460864981, 3, 52, 102, 105, 39, 36, 80, 82, 34, 43, 42, 110, 116, 112, 114, 16
1460864981, 4, 52, 102, 105, 39, 36, 80, 82, 34, 43, 41, 110, 116, 112, 113, 16
1460864981, 9, 52, 102, 106, 39, 36, 79, 81, 34, 43, 41, 110, 116, 112, 113, 16
1460864981, 28, 52, 102, 106, 39, 36, 79, 81, 34, 43, 41, 110, 116, 112, 113, 16
1460864981, 107, 54, 102, 105, 39, 36, 72, 77, 40, 50, 40, 109, 116, 110, 112, 16
1460864981, 147, 58, 87, 79, 39, 37, 32, 33, 51, 62, 25, 76, 86, 58, 68, 16
1460864981, 233, 57, 58, 74, 38, 37, 20, 26, 49, 58, 27, 37, 49, 56, 63, 15
1460864981, 187, 53, 53, 73, 38, 36, 22, 23, 44, 53, 32, 32, 45, 55, 63, 15
1460864981, 73, 52, 54, 72, 38, 36, 19, 21, 42, 50, 30, 33, 47, 55, 64, 15
1460864982, 20, 51, 65, 72, 38, 36, 15, 21, 41, 49, 15, 48, 59, 55, 64, 15
1460864982, 13, 52, 67, 72, 38, 36, 17, 20, 43, 49, 13, 55, 64, 57, 64, 15
1460864982, 14, 53, 70, 72, 38, 36, 19, 19, 43, 50, 13, 61, 69, 58, 64, 15
1460864982, 11, 53, 69, 72, 38, 36, 18, 18, 44, 50, 13, 61, 68, 59, 65, 15
1460864982, 6, 53, 69, 72, 38, 36, 18, 18, 43, 49, 12, 60, 67, 59, 65, 15
1460864982, 2, 53, 69, 72, 38, 36, 19, 19, 42, 48, 12, 60, 67, 59, 65, 15
1460864982, 6, 53, 69, 72, 38, 36, 20, 19, 41, 47, 12, 60, 67, 60, 65, 15
1460864982, 7, 53, 69, 71, 38, 36, 20, 19, 41, 47, 12, 60, 67, 59, 64, 15
1460864982, 8, 53, 68, 69, 38, 36, 20, 16, 40, 46, 12, 58, 66, 55, 61, 14
1460864982, 12, 53, 67, 67, 38, 36, 18, 14, 40, 46, 12, 56, 64, 51, 58, 14
1460864982, 8, 53, 66, 67, 38, 35, 17, 13, 40, 46, 12, 55, 62, 50, 57, 14
1460864982, 6, 53, 63, 66, 38, 35, 14, 12, 40, 46, 10, 50, 58, 48, 55, 14
1460864982, 6, 54, 63, 65, 38, 35, 13, 12, 40, 46, 10, 49, 57, 46, 53, 14
1460864982, 10, 54, 62, 64, 38, 35, 13, 12, 40, 46, 10, 48, 57, 45, 53, 14
1460864982, 9, 54, 62, 64, 38, 35, 13, 12, 40, 46, 10, 48, 56, 45, 53, 14
1460864982, 7, 54, 62, 64, 38, 35, 13, 11, 40, 46, 10, 47, 56, 44, 52, 14
1460864982, 4, 54, 61, 63, 38, 35, 13, 11, 40, 46, 10, 46, 55, 43, 51, 14
1460864982, 35, 54, 59, 61, 38, 35, 13, 12, 39, 45, 10, 43, 53, 39, 47, 14
1460864982, 93, 54, 58, 60, 38, 35, 14, 12, 38, 44, 9, 40, 50, 38, 46, 14
1460864983, 495, 55, 58, 60, 38, 35, 17, 10, 37, 42, 9, 41, 51, 40, 48, 14
1460864983, 336, 53, 93, 96, 37, 34, 68, 68, 39, 42, 29, 101, 104, 103, 102, 14
1460864983, 178, 51, 98, 102, 36, 34, 81, 82, 35, 40, 39, 109, 112, 112, 111, 15
1460864983, 90, 50, 99, 103, 37, 35, 83, 84, 33, 38, 40, 109, 113, 112, 111, 15
1460864983, 38, 49, 100, 104, 37, 35, 84, 84, 31, 37, 42, 110, 114, 112, 111, 15
1460864983, 19, 49, 100, 104, 38, 35, 85, 85, 29, 36, 42, 109, 115, 111, 112, 15
1460864983, 5, 48, 101, 104, 38, 35, 85, 85, 28, 36, 43, 109, 115, 111, 112, 15
1460864983, 3, 48, 101, 105, 38, 35, 84, 84, 29, 37, 43, 110, 115, 111, 112, 15
1460864983, 7, 49, 101, 105, 38, 35, 84, 84, 30, 37, 43, 110, 115, 111, 112, 15
1460864983, 7, 49, 102, 105, 38, 35, 84, 84, 30, 37, 43, 110, 115, 111, 112, 15
1460864983, 8, 49, 102, 105, 38, 35, 85, 84, 30, 37, 43, 110, 116, 111, 112, 15
1460864983, 9, 49, 102, 105, 38, 35, 85, 85, 30, 38, 43, 111, 116, 112, 112, 15
1460864983, 12, 49, 102, 105, 38, 35, 85, 85, 30, 38, 43, 111, 117, 112, 113, 15
1460864983, 47, 49, 102, 106, 38, 35, 85, 85, 30, 38, 43, 111, 117, 112, 113, 15
1460864983, 86, 50, 102, 106, 38, 35, 85, 85, 30, 38, 42, 111, 117, 112, 113, 15
1460864983, 122, 50, 102, 91, 39, 36, 83, 50, 30, 38, 52, 110, 115, 81, 87, 15
1460864983, 477, 62, 56, 58, 46, 39, 19, 22, 40, 50, 8, 27, 41, 22, 37, 16
1460864983, 186, 63, 51, 54, 48, 41, 25, 26, 35, 46, 7, 20, 34, 15, 31, 16
1460864983, 118, 62, 51, 54, 49, 42, 22, 24, 31, 43, 8, 20, 34, 14, 30, 16
1460864984, 77, 62, 51, 54, 49, 42, 21, 22, 31, 43, 8, 21, 35, 14, 30, 16
1460864984, 60, 60, 51, 53, 49, 42, 19, 20, 30, 43, 8, 21, 35, 15, 30, 16
1460864984, 23, 60, 50, 53, 49, 42, 17, 20, 32, 44, 9, 22, 36, 15, 30, 16
1460864984, 11, 59, 50, 52, 48, 42, 17, 20, 34, 45, 9, 23, 36, 16, 30, 16
1460864984, 6, 59, 49, 51, 48, 41, 17, 20, 35, 46, 9, 24, 36, 16, 30, 15
1460864984, 3, 58, 48, 50, 48, 41, 17, 21, 37, 47, 9, 24, 36, 16, 29, 15
1460864984, 4, 58, 47, 49, 48, 41, 17, 21, 38, 47, 9, 25, 36, 16, 29, 15
1460864984, 4, 57, 47, 48, 48, 41, 17, 21, 38, 47, 9, 25, 36, 17, 28, 15
1460864984, 3, 57, 46, 47, 47, 41, 17, 21, 38, 47, 9, 26, 36, 17, 28, 15
1460864984, 4, 57, 46, 46, 47, 41, 17, 21, 38, 48, 10, 26, 37, 17, 28, 15
1460864984, 4, 56, 45, 46, 47, 41, 17, 21, 39, 48, 10, 27, 37, 17, 28, 15
1460864984, 5, 56, 45, 45, 47, 40, 17, 21, 39, 48, 10, 27, 37, 18, 28, 15
1460864984, 4, 55, 45, 45, 47, 40, 16, 21, 39, 48, 10, 28, 37, 18, 28, 15
1460864984, 3, 55, 44, 44, 47, 40, 16, 21, 39, 48, 10, 28, 37, 19, 28, 15
1460864984, 2, 54, 44, 44, 47, 40, 15, 20, 39, 48, 10, 28, 38, 19, 28, 15
1460864984, 1, 54, 44, 44, 47, 40, 15, 20, 40, 48, 10, 29, 38, 19, 29, 15
1460864984, 1, 54, 45, 44, 47, 40, 14, 20, 40, 48, 10, 29, 38, 20, 29, 15
1460864984, 9, 54, 45, 44, 47, 40, 14, 19, 40, 48, 10, 30, 39, 20, 29, 15
1460864984, 26, 54, 45, 44, 47, 40, 14, 19, 40, 48, 10, 30, 39, 21, 30, 15
1460864985, 181, 53, 45, 44, 46, 40, 14, 18, 40, 47, 10, 30, 39, 22, 30, 15
1460864985, 630, 52, 47, 47, 46, 40, 15, 9, 35, 39, 11, 34, 42, 27, 33, 15
1460864985, 310, 53, 95, 99, 41, 36, 71, 68, 35, 40, 35, 101, 106, 102, 103, 17
1460864985, 133, 52, 101, 105, 41, 36, 83, 84, 36, 40, 43, 114, 116, 117, 113, 18
1460864985, 59, 51, 101, 105, 41, 35, 84, 84, 35, 39, 44, 114, 116, 117, 113, 18
1460864985, 22, 50, 101, 105, 40, 36, 85, 84, 35, 38, 44, 114, 116, 116, 112, 17
1460864985, 18, 50, 101, 105, 39, 37, 85, 84, 34, 38, 45, 114, 116, 115, 112, 16
1460864985, 9, 50, 102, 105, 39, 37, 85, 84, 33, 36, 45, 113, 116, 115, 111, 16
1460864985, 12, 50, 102, 105, 39, 37, 85, 84, 33, 37, 45, 113, 116, 115, 112, 16
1460864985, 11, 50, 102, 106, 39, 37, 84, 85, 32, 37, 44, 112, 116, 114, 112, 16
1460864985, 91, 50, 102, 106, 40, 37, 82, 84, 32, 39, 45, 112, 116, 113, 112, 16
1460864985, 44, 50, 102, 106, 40, 37, 81, 83, 33, 40, 45, 112, 117, 113, 112, 16
1460864985, 7, 50, 102, 106, 40, 37, 81, 83, 33, 41, 44, 112, 117, 113, 113, 16
1460864985, 13, 49, 102, 106, 40, 37, 81, 84, 33, 41, 43, 112, 117, 113, 114, 16
1460864985, 38, 49, 103, 106, 40, 37, 80, 83, 34, 43, 42, 112, 118, 114, 114, 16
1460864985, 99, 49, 103, 106, 40, 37, 80, 82, 34, 43, 40, 113, 118, 113, 114, 16
1460864985, 125, 49, 102, 92, 40, 37, 79, 47, 35, 43, 57, 112, 117, 80, 86, 16
1460864985, 223, 50, 63, 72, 40, 37, 23, 24, 36, 44, 16, 37, 51, 46, 57, 16
1460864985, 198, 50, 53, 56, 39, 37, 29, 32, 40, 47, 9, 27, 42, 24, 38, 16
1460864985, 121, 50, 51, 53, 39, 37, 31, 33, 38, 43, 9, 26, 41, 21, 35, 16
1460864986, 60, 50, 49, 51, 42, 38, 33, 35, 39, 43, 8, 23, 38, 17, 32, 16
1460864986, 38, 51, 47, 50, 43, 38, 34, 35, 39, 43, 8, 21, 36, 15, 31, 16
1460864986, 16, 52, 47, 49, 43, 38, 34, 35, 40, 43, 8, 21, 35, 15, 30, 15
1460864986, 48, 52, 46, 49, 43, 39, 35, 36, 42, 46, 8, 21, 34, 15, 29, 15
1460864986, 17, 52, 44, 49, 44, 39, 36, 36, 44, 48, 9, 20, 33, 15, 29, 15
1460864986, 12, 51, 43, 49, 44, 39, 37, 37, 46, 50, 10, 20, 32, 15, 29, 15
1460864986, 8, 50, 43, 48, 43, 39, 38, 38, 47, 50, 10, 20, 32, 15, 29, 15
1460864986, 101, 49, 42, 48, 43, 38, 39, 40, 49, 51, 9, 20, 32, 15, 28, 15
1460864986, 53, 49, 42, 47, 43, 38, 41, 43, 52, 54, 9, 20, 31, 15, 27, 15
1460864986, 30, 50, 42, 47, 43, 38, 41, 45, 53, 55, 9, 20, 31, 14, 27, 15
1460864986, 51, 50, 43, 46, 43, 38, 41, 45, 53, 55, 9, 20, 32, 14, 27, 15
1460864986, 37, 50, 43, 46, 43, 38, 41, 45, 53, 55, 9, 20, 32, 13, 27, 15
1460864986, 14, 50, 43, 46, 43, 38, 40, 45, 53, 56, 9, 20, 32, 13, 26, 15
1460864986, 6, 50, 43, 46, 44, 38, 40, 45, 53, 56, 9, 20, 32, 13, 26, 15
1460864986, 60, 50, 44, 47, 44, 38, 40, 45, 53, 56, 9, 21, 32, 13, 27, 14
1460864986, 486, 51, 46, 48, 44, 38, 40, 45, 57, 59, 9, 23, 34, 17, 28, 14
1460864986, 421, 53, 87, 94, 40, 36, 41, 49, 46, 51, 22, 88, 92, 95, 96, 15
1460864986, 225, 50, 100, 105, 39, 36, 75, 81, 42, 44, 40, 114, 114, 119, 114, 17
1460864987, 110, 49, 100, 105, 38, 35, 77, 82, 40, 43, 42, 114, 115, 119, 113, 17
1460864987, 62, 49, 101, 105, 38, 35, 78, 82, 40, 42, 43, 115, 115, 118, 113, 17
1460864987, 27, 49, 101, 105, 38, 35, 78, 82, 39, 42, 44, 114, 115, 117, 113, 16
1460864987, 8, 49, 101, 105, 38, 36, 79, 82, 36, 40, 45, 112, 114, 115, 111, 16
1460864987, 1, 49, 101, 105, 38, 37, 79, 82, 34, 39, 45, 110, 113, 113, 110, 16
1460864987, 7, 49, 102, 106, 38, 37, 79, 82, 33, 39, 46, 110, 113, 112, 109, 16
1460864987, 26, 49, 102, 106, 38, 37, 80, 83, 32, 37, 46, 109, 113, 112, 109, 16
1460864987, 25, 49, 102, 106, 39, 37, 80, 83, 31, 37, 46, 109, 113, 111, 109, 16
1460864987, 18, 49, 102, 106, 39, 37, 80, 83, 30, 36, 44, 108, 112, 111, 108, 16
1460864987, 26, 49, 101, 106, 39, 38, 80, 82, 29, 36, 41, 107, 111, 109, 108, 16
1460864987, 72, 49, 101, 105, 39, 38, 76, 78, 29, 37, 37, 104, 109, 106, 106, 16
1460864987, 166, 49, 82, 78, 40, 38, 38, 29, 28, 37, 18, 64, 75, 52, 63, 16
1460864987, 324, 49, 57, 59, 40, 38, 26, 27, 30, 39, 8, 29, 45, 26, 41, 16
1460864987, 183, 50, 53, 55, 40, 37, 29, 31, 39, 48, 8, 26, 42, 22, 38, 16
1460864987, 110, 51, 53, 53, 39, 37, 30, 33, 45, 53, 8, 28, 43, 23, 37, 16
1460864987, 45, 52, 53, 54, 39, 37, 29, 33, 47, 55, 8, 29, 43, 25, 38, 16
1460864987, 25, 52, 53, 54, 38, 36, 28, 33, 48, 55, 8, 30, 43, 26, 39, 15
1460864987, 14, 53, 53, 54, 38, 36, 27, 32, 49, 56, 8, 31, 44, 28, 39, 15
1460864987, 6, 53, 52, 54, 38, 36, 27, 32, 50, 56, 8, 32, 44, 28, 39, 15
1460864987, 6, 53, 52, 54, 38, 36, 27, 32, 50, 57, 8, 32, 44, 28, 39, 15
1460864988, 9, 53, 52, 54, 38, 36, 27, 32, 50, 57, 8, 32, 44, 28, 39, 15
1460864988, 5, 53, 52, 54, 38, 36, 26, 31, 50, 57, 8, 32, 44, 28, 39, 15
1460864988, 7, 53, 52, 53, 38, 36, 26, 31, 51, 57, 8, 32, 44, 28, 39, 15
1460864988, 3, 54, 52, 53, 38, 36, 26, 30, 51, 57, 8, 32, 43, 29, 39, 15
1460864988, 4, 54, 52, 53, 38, 36, 25, 31, 51, 57, 8, 32, 43, 28, 39, 15
1460864988, 13, 54, 51, 53, 38, 36, 25, 31, 51, 57, 8, 32, 43, 28, 39, 15
1460864988, 14, 54, 51, 53, 38, 36, 25, 31, 51, 57, 8, 32, 43, 28, 38, 15
1460864988, 5, 54, 51, 53, 38, 36, 25, 31, 51, 57, 8, 32, 43, 28, 38, 15
1460864988, 9, 54, 51, 53, 38, 36, 24, 30, 50, 57, 8, 32, 43, 28, 38, 15
1460864988, 30, 54, 51, 52, 38, 36, 24, 29, 50, 56, 8, 32, 43, 28, 38, 15
1460864988, 301, 53, 52, 54, 38, 36, 21, 25, 49, 55, 8, 35, 45, 32, 41, 15
1460864988, 285, 57, 75, 77, 37, 35, 21, 25, 45, 53, 18, 66, 74, 66, 71, 13
1460864988, 303, 58, 98, 101, 39, 34, 73, 76, 33, 44, 43, 99, 106, 100, 102, 15
1460864988, 153, 55, 100, 103, 39, 35, 76, 77, 31, 42, 47, 103, 110, 102, 104, 15
1460864988, 83, 52, 102, 104, 39, 35, 78, 78, 30, 40, 48, 105, 112, 103, 105, 15
1460864988, 40, 51, 103, 105, 39, 35, 79, 80, 29, 40, 48, 106, 113, 104, 106, 15
1460864988, 14, 51, 103, 106, 39, 35, 78, 80, 31, 42, 48, 107, 114, 106, 108, 15
1460864988, 19, 51, 104, 106, 40, 35, 77, 81, 32, 43, 47, 108, 114, 106, 108, 15
1460864988, 18, 51, 104, 107, 40, 36, 77, 81, 32, 43, 47, 108, 115, 106, 108, 15
1460864989, 14, 51, 104, 107, 40, 36, 78, 81, 32, 43, 46, 108, 115, 106, 109, 15
1460864989, 11, 51, 104, 107, 40, 36, 78, 82, 32, 43, 45, 108, 115, 107, 109, 15
1460864989, 27, 50, 104, 107, 40, 36, 78, 82, 32, 43, 44, 108, 115, 107, 110, 16
1460864989, 34, 50, 104, 107, 40, 36, 77, 82, 33, 44, 44, 108, 115, 107, 110, 16
1460864989, 39, 52, 104, 107, 40, 36, 70, 76, 41, 53, 42, 108, 115, 104, 108, 16
1460864989, 155, 58, 103, 79, 41, 37, 60, 42, 53, 64, 76, 105, 112, 50, 63, 16
1460864989, 185, 61, 75, 72, 40, 36, 34, 44, 59, 69, 14, 52, 65, 44, 55, 15
1460864989, 161, 58, 70, 71, 37, 35, 35, 45, 62, 70, 12, 53, 62, 50, 58, 15
1460864989, 155, 53, 67, 70, 37, 35, 34, 42, 57, 64, 11, 49, 58, 48, 56, 15
1460864989, 38, 47, 60, 54, 37, 35, 34, 43, 53, 60, 16, 40, 51, 26, 38, 15
1460864989, 47, 44, 49, 52, 37, 35, 40, 46, 56, 62, 8, 29, 41, 27, 38, 15
1460864989, 64, 41, 48, 52, 36, 35, 36, 40, 51, 56, 8, 28, 40, 29, 38, 15
1460864989, 37, 40, 48, 51, 36, 35, 34, 37, 49, 54, 8, 28, 40, 29, 38, 15
1460864989, 55, 42, 48, 51, 36, 35, 32, 35, 49, 54, 8, 29, 40, 29, 38, 15
1460864989, 39, 43, 48, 51, 36, 35, 30, 33, 49, 54, 8, 29, 40, 29, 38, 15
1460864989, 22, 44, 49, 51, 36, 35, 29, 32, 49, 55, 8, 30, 41, 29, 38, 15
1460864989, 9, 45, 49, 51, 36, 35, 28, 32, 49, 55, 8, 30, 41, 29, 38, 15
1460864989, 9, 45, 49, 51, 36, 35, 27, 30, 48, 54, 8, 30, 41, 29, 38, 15
1460864989, 7, 46, 49, 51, 36, 35, 26, 29, 47, 53, 7, 30, 41, 29, 38, 15
1460864990, 6, 46, 49, 51, 36, 35, 25, 29, 47, 54, 7, 31, 41, 29, 38, 15
1460864990, 5, 46, 49, 51, 36, 35, 25, 29, 48, 54, 7, 31, 42, 30, 38, 15
1460864990, 6, 46, 51, 51, 36, 35, 24, 29, 48, 54, 7, 33, 43, 30, 38, 15
1460864990, 5, 47, 56, 51, 36, 35, 19, 29, 48, 54, 14, 43, 51, 30, 38, 15
1460864990, 4, 47, 60, 51, 36, 35, 18, 28, 48, 54, 21, 49, 56, 30, 38, 15
1460864990, 12, 47, 61, 51, 36, 35, 18, 28, 48, 54, 22, 51, 58, 30, 38, 15
1460864990, 217, 51, 62, 52, 36, 35, 19, 31, 52, 59, 21, 51, 58, 32, 40, 15
1460864990, 546, 56, 60, 63, 36, 35, 20, 28, 58, 64, 9, 50, 57, 50, 55, 15
1460864990, 343, 65, 95, 98, 66, 39, 52, 65, 49, 72, 29, 86, 112, 82, 110, 46
1460864990, 127, 63, 99, 103, 71, 41, 62, 75, 44, 66, 35, 91, 117, 87, 116, 49
1460864990, 57, 58, 100, 104, 71, 42, 68, 77, 38, 58, 37, 93, 118, 88, 116, 48
1460864990, 20, 54, 102, 105, 71, 43, 71, 79, 36, 52, 40, 96, 119, 91, 116, 45
1460864990, 12, 50, 102, 106, 68, 54, 73, 80, 37, 42, 41, 100, 108, 96, 101, 21
1460864990, 5, 49, 103, 106, 67, 54, 73, 81, 38, 42, 41, 102, 108, 98, 102, 20
1460864990, 17, 48, 103, 106, 67, 54, 73, 81, 40, 43, 41, 103, 109, 100, 102, 19
1460864990, 20, 48, 103, 107, 67, 54, 73, 81, 40, 44, 41, 104, 109, 100, 102, 19
1460864990, 20, 49, 104, 107, 66, 54, 73, 81, 41, 45, 41, 105, 110, 102, 104, 19
1460864990, 29, 50, 104, 107, 66, 54, 73, 81, 42, 46, 41, 106, 111, 102, 104, 19
1460864990, 54, 53, 104, 107, 66, 54, 71, 80, 45, 50, 39, 106, 111, 100, 103, 19
1460864991, 320, 66, 84, 88, 62, 53, 34, 47, 43, 55, 16, 53, 65, 52, 63, 17
1460864991, 313, 69, 61, 62, 53, 45, 18, 26, 45, 58, 9, 27, 42, 21, 36, 16
1460864991, 152, 66, 54, 54, 49, 42, 30, 39, 52, 60, 9, 24, 35, 15, 28, 14
1460864991, 131, 61, 52, 54, 49, 41, 28, 36, 49, 56, 9, 23, 34, 15, 28, 14
1460864991, 52, 58, 51, 54, 48, 41, 27, 34, 49, 54, 8, 24, 33, 17, 28, 14
1460864991, 25, 56, 50, 54, 48, 41, 26, 33, 48, 53, 8, 24, 33, 18, 29, 14
1460864991, 19, 56, 50, 53, 48, 41, 25, 32, 48, 52, 8, 25, 33, 19, 29, 14
1460864991, 7, 55, 50, 53, 48, 41, 24, 31, 47, 51, 8, 25, 33, 19, 29, 14
1460864991, 10, 54, 50, 53, 48, 41, 23, 30, 46, 50, 8, 25, 33, 19, 29, 14
1460864991, 9, 54, 50, 53, 48, 41, 22, 29, 46, 50, 8, 25, 33, 19, 29, 14
1460864991, 5, 53, 50, 53, 48, 41, 22, 29, 45, 49, 8, 25, 33, 19, 29, 14
1460864991, 4, 53, 50, 53, 48, 41, 22, 29, 45, 49, 8, 25, 33, 19, 29, 14
1460864991, 3, 53, 50, 53, 48, 41, 22, 29, 45, 49, 8, 24, 33, 19, 28, 14
1460864991, 6, 53, 50, 53, 48, 41, 22, 29, 45, 49, 8, 24, 32, 19, 28, 14
1460864991, 8, 53, 50, 53, 48, 41, 22, 29, 45, 49, 8, 24, 32, 19, 28, 14
1460864991, 4, 53, 50, 53, 48, 41, 22, 29, 45, 49, 8, 24, 32, 19, 28, 14
1460864991, 24, 53, 50, 53, 48, 41, 22, 29, 46, 49, 8, 24, 32, 19, 28, 14
1460864991, 10, 53, 50, 53, 48, 41, 22, 29, 46, 49, 8, 24, 32, 19, 28, 14
1460864991, 6, 53, 50, 53, 48, 41, 22, 29, 46, 49, 8, 24, 32, 19, 28, 14
1460864992, 9, 53, 50, 53, 48, 41, 22, 29, 45, 49, 8, 24, 32, 19, 28, 14
1460864992, 57, 53, 50, 53, 48, 41, 22, 29, 45, 49, 8, 25, 32, 19, 28, 14
1460864992, 561, 54, 50, 54, 48, 41, 21, 28, 46, 49, 8, 25, 33, 21, 29, 14
1460864992, 399, 66, 99, 102, 40, 37, 48, 62, 64, 74, 29, 105, 110, 105, 107, 15
1460864992, 204, 65, 102, 105, 39, 37, 57, 72, 59, 71, 38, 110, 116, 110, 112, 16
1460864992, 80, 58, 102, 105, 39, 37, 66, 74, 46, 58, 40, 109, 116, 110, 112, 16
1460864992, 33, 55, 103, 105, 39, 37, 70, 75, 41, 52, 41, 109, 116, 109, 112, 16
1460864992, 7, 52, 103, 106, 39, 37, 75, 78, 37, 47, 42, 109, 117, 110, 112, 16
1460864992, 8, 51, 103, 106, 39, 37, 77, 79, 34, 45, 43, 110, 117, 110, 112, 16
1460864992, 24, 51, 103, 106, 40, 37, 78, 80, 33, 44, 43, 109, 117, 110, 113, 17
1460864992, 21, 50, 103, 106, 40, 37, 78, 80, 33, 44, 43, 109, 118, 109, 113, 17
1460864992, 16, 50, 104, 106, 40, 37, 78, 80, 33, 44, 42, 109, 118, 109, 113, 17
1460864992, 14, 50, 104, 106, 40, 37, 77, 80, 34, 45, 42, 110, 118, 109, 113, 17
1460864992, 10, 50, 104, 106, 40, 38, 74, 78, 36, 48, 42, 110, 118, 109, 113, 17
1460864992, 27, 55, 104, 106, 40, 38, 68, 75, 44, 57, 40, 110, 118, 108, 112, 17
1460864992, 100, 58, 103, 90, 40, 38, 62, 43, 50, 63, 59, 108, 116, 72, 81, 17
1460864992, 218, 61, 76, 71, 40, 38, 27, 37, 54, 67, 15, 54, 67, 42, 55, 16
1460864992, 161, 61, 69, 70, 39, 37, 26, 37, 58, 67, 12, 51, 60, 46, 54, 16
1460864992, 152, 56, 65, 65, 39, 37, 27, 36, 56, 64, 11, 47, 57, 41, 50, 15
1460864992, 19, 51, 65, 64, 39, 37, 32, 41, 54, 63, 11, 46, 57, 40, 50, 16
1460864993, 8, 47, 65, 64, 40, 37, 36, 44, 56, 64, 11, 49, 59, 42, 52, 16
1460864993, 43, 45, 65, 64, 41, 38, 41, 49, 58, 65, 11, 50, 59, 43, 52, 16
1460864993, 14, 44, 65, 64, 41, 38, 42, 49, 59, 65, 11, 51, 59, 45, 52, 16
1460864993, 34, 43, 65, 64, 41, 38, 41, 48, 58, 64, 10, 51, 59, 45, 52, 16
1460864993, 47, 43, 65, 64, 41, 38, 39, 45, 56, 62, 10, 50, 58, 45, 52, 16
1460864993, 44, 42, 64, 64, 41, 38, 36, 42, 54, 60, 10, 50, 58, 45, 52, 16
1460864993, 15, 42, 64, 64, 41, 38, 36, 42, 54, 59, 10, 51, 58, 45, 52, 16
1460864993, 8, 42, 64, 64, 41, 39, 35, 42, 54, 59, 10, 51, 58, 45, 52, 16
1460864993, 7, 42, 64, 64, 41, 39, 35, 42, 54, 59, 10, 51, 58, 45, 52, 16
1460864993, 5, 43, 64, 64, 41, 39, 36, 42, 54, 59, 10, 51, 58, 46, 52, 16
1460864993, 4, 43, 64, 64, 41, 39, 35, 42, 54, 59, 10, 51, 58, 46, 52, 16
1460864993, 28, 43, 64, 64, 41, 39, 35, 41, 54, 60, 10, 51, 58, 46, 52, 16
1460864993, 34, 43, 64, 64, 42, 39, 35, 41, 54, 60, 10, 50, 58, 45, 52, 16
1460864993, 47, 43, 64, 64, 42, 39, 35, 41, 54, 60, 9, 50, 58, 45, 52, 16
1460864993, 20, 43, 64, 64, 42, 39, 34, 40, 53, 59, 10, 49, 58, 44, 51, 16
1460864993, 178, 44, 64, 64, 42, 39, 32, 38, 52, 59, 10, 49, 57, 43, 51, 16
1460864993, 556, 53, 64, 68, 42, 39, 19, 26, 52, 59, 10, 49, 57, 52, 58, 16
1460864993, 444, 65, 97, 101, 67, 41, 55, 68, 43, 68, 31, 86, 113, 84, 112, 46
1460864993, 139, 60, 101, 105, 72, 42, 72, 81, 36, 57, 34, 92, 119, 88, 118, 50
1460864994, 52, 54, 102, 106, 73, 43, 77, 85, 34, 49, 36, 93, 119, 88, 117, 49
1460864994, 17, 51, 102, 106, 73, 44, 79, 86, 35, 45, 38, 94, 119, 89, 117, 47
1460864994, 18, 49, 103, 107, 73, 46, 80, 87, 36, 41, 38, 96, 116, 91, 114, 40
1460864994, 39, 47, 103, 107, 70, 55, 78, 86, 37, 39, 38, 99, 108, 94, 102, 22
1460864994, 57, 47, 103, 107, 69, 56, 77, 85, 38, 41, 38, 99, 106, 95, 100, 20
1460864994, 47, 47, 103, 107, 69, 56, 77, 85, 39, 42, 37, 99, 106, 95, 100, 20
1460864994, 50, 49, 103, 107, 69, 56, 74, 82, 41, 45, 36, 100, 106, 95, 99, 20
1460864994, 61, 50, 103, 106, 68, 56, 71, 77, 43, 47, 32, 100, 105, 91, 96, 19
1460864994, 91, 51, 102, 102, 68, 55, 62, 64, 54, 57, 30, 95, 101, 78, 85, 19
1460864994, 113, 53, 99, 89, 66, 55, 55, 58, 64, 67, 48, 87, 92, 46, 57, 18
1460864994, 231, 55, 73, 71, 63, 53, 53, 64, 72, 74, 15, 34, 46, 20, 35, 18
1460864994, 177, 54, 68, 68, 61, 53, 45, 57, 65, 66, 15, 30, 42, 16, 33, 18
1460864994, 83, 54, 65, 67, 60, 52, 46, 57, 64, 66, 11, 26, 39, 17, 32, 17
1460864994, 129, 50, 63, 66, 60, 51, 46, 55, 61, 63, 10, 24, 37, 16, 32, 17
1460864994, 42, 48, 62, 65, 58, 48, 46, 55, 61, 63, 10, 25, 37, 17, 32, 16
1460864994, 30, 45, 61, 65, 58, 48, 41, 50, 56, 57, 9, 24, 36, 17, 32, 16
1460864994, 10, 44, 61, 65, 57, 48, 41, 49, 55, 57, 9, 23, 36, 17, 32, 16
1460864994, 1, 43, 61, 65, 57, 48, 40, 48, 54, 55, 9, 23, 36, 17, 32, 16
1460864994, 1, 42, 61, 65, 57, 47, 38, 46, 52, 53, 9, 23, 35, 17, 32, 16
1460864995, 0, 42, 60, 64, 57, 47, 38, 46, 51, 52, 9, 23, 35, 17, 32, 16
1460864995, 2, 42, 60, 64, 57, 47, 37, 45, 51, 51, 9, 23, 35, 17, 31, 16
1460864995, 11, 42, 60, 64, 57, 47, 37, 45, 50, 51, 9, 23, 35, 17, 31, 16
1460864995, 12, 42, 60, 64, 57, 47, 36, 44, 50, 51, 9, 23, 35, 18, 31, 16
1460864995, 16, 42, 60, 64, 56, 46, 36, 44, 50, 50, 9, 24, 35, 20, 32, 15
1460864995, 22, 42, 60, 64, 56, 46, 35, 43, 50, 50, 9, 25, 35, 20, 32, 15
1460864995, 21, 42, 60, 64, 56, 45, 33, 41, 48, 49, 9, 25, 35, 21, 33, 15
1460864995, 8, 43, 60, 64, 56, 45, 32, 40, 48, 48, 9, 25, 35, 21, 33, 15
1460864995, 201, 45, 60, 63, 55, 45, 32, 41, 51, 51, 10, 29, 37, 22, 31, 14
1460864995, 347, 52, 60, 63, 54, 44, 35, 44, 57, 58, 9, 30, 37, 24, 33, 14
1460864995, 469, 56, 62, 67, 54, 44, 25, 33, 54, 56, 10, 36, 42, 35, 41, 14
1460864995, 531, 60, 95, 99, 48, 37, 53, 58, 51, 58, 25, 103, 105, 104, 103, 21
1460864995, 140, 60, 99, 104, 37, 36, 68, 74, 49, 60, 33, 110, 115, 111, 112, 16
1460864995, 53, 58, 99, 104, 36, 35, 70, 76, 48, 58, 34, 110, 115, 112, 113, 16
1460864995, 36, 57, 99, 104, 36, 35, 71, 76, 45, 55, 34, 110, 115, 111, 112, 16
1460864995, 35, 55, 100, 104, 35, 36, 74, 78, 43, 52, 34, 110, 114, 112, 111, 16
1460864995, 26, 54, 100, 104, 36, 36, 74, 78, 41, 50, 35, 110, 113, 111, 110, 16
1460864995, 17, 54, 100, 104, 36, 36, 75, 79, 39, 49, 35, 109, 113, 110, 109, 16
1460864995, 8, 53, 100, 104, 36, 36, 75, 79, 39, 48, 35, 109, 112, 109, 109, 16
1460864996, 5, 53, 100, 104, 36, 36, 75, 79, 38, 48, 34, 108, 112, 109, 109, 16
1460864996, 71, 54, 100, 104, 36, 36, 72, 74, 42, 51, 33, 108, 112, 107, 106, 16
1460864996, 169, 58, 98, 89, 36, 36, 57, 41, 52, 62, 46, 103, 107, 78, 83, 16
1460864996, 209, 61, 72, 68, 36, 36, 25, 35, 56, 67, 14, 54, 64, 44, 54, 16
1460864996, 217, 61, 64, 66, 36, 36, 27, 36, 57, 67, 9, 44, 55, 41, 51, 16
1460864996, 149, 59, 63, 65, 35, 36, 23, 31, 55, 64, 9, 45, 56, 43, 53, 16
1460864996, 65, 56, 62, 65, 35, 35, 21, 29, 54, 61, 9, 47, 56, 46, 54, 16
1460864996, 51, 53, 62, 65, 35, 35, 20, 28, 52, 59, 9, 48, 57, 47, 54, 15
1460864996, 29, 51, 62, 65, 35, 35, 20, 28, 50, 59, 9, 48, 57, 47, 55, 15
1460864996, 17, 51, 62, 65, 35, 35, 20, 28, 49, 57, 9, 48, 57, 47, 55, 15
1460864996, 10, 50, 62, 65, 35, 35, 19, 27, 48, 56, 9, 48, 57, 47, 55, 15
1460864996, 5, 50, 62, 65, 35, 35, 19, 27, 48, 56, 9, 48, 57, 47, 55, 15
1460864996, 5, 49, 62, 65, 35, 35, 19, 27, 47, 56, 9, 48, 57, 47, 55, 15
1460864996, 9, 49, 62, 65, 35, 35, 19, 27, 47, 56, 9, 48, 57, 47, 55, 15
1460864996, 16, 49, 62, 65, 35, 35, 19, 27, 47, 56, 9, 48, 57, 47, 55, 15
1460864996, 9, 49, 62, 65, 35, 35, 19, 27, 47, 56, 9, 48, 57, 47, 55, 15
1460864996, 10, 49, 62, 65, 35, 35, 19, 27, 47, 56, 9, 48, 57, 47, 55, 15
1460864996, 8, 49, 62, 65, 35, 35, 20, 27, 47, 56, 9, 48, 57, 47, 55, 15
1460864996, 8, 48, 62, 65, 35, 35, 20, 28, 46, 56, 9, 48, 57, 47, 55, 15
1460864997, 10, 48, 62, 65, 35, 35, 20, 28, 46, 55, 9, 48, 57, 47, 55, 15
1460864997, 30, 48, 62, 65, 35, 35, 20, 28, 46, 55, 9, 48, 57, 47, 55, 15
1460864997, 283, 49, 62, 65, 35, 35, 18, 25, 46, 55, 9, 48, 57, 47, 55, 15
1460864997, 497, 51, 62, 66, 35, 35, 16, 24, 47, 55, 9, 50, 58, 49, 56, 15
1460864997, 367, 63, 95, 102, 92, 58, 49, 62, 61, 47, 21, 45, 75, 31, 75, 52
1460864997, 143, 67, 101, 105, 47, 36, 65, 79, 54, 69, 39, 110, 116, 110, 113, 23
1460864997, 89, 66, 101, 105, 40, 34, 66, 79, 59, 71, 40, 115, 118, 115, 114, 20
1460864997, 35, 65, 101, 105, 41, 34, 66, 77, 57, 70, 41, 115, 119, 115, 115, 20
1460864997, 24, 62, 101, 105, 45, 34, 68, 76, 51, 65, 41, 114, 119, 114, 115, 25
1460864997, 35, 58, 101, 105, 41, 40, 71, 77, 50, 53, 41, 117, 116, 117, 111, 15
1460864997, 25, 55, 101, 105, 42, 39, 73, 78, 47, 52, 41, 116, 116, 116, 112, 16
1460864997, 11, 54, 101, 105, 41, 39, 73, 78, 46, 51, 40, 116, 116, 116, 111, 16
1460864997, 31, 53, 101, 104, 40, 39, 74, 77, 46, 49, 39, 116, 116, 116, 111, 16
1460864997, 25, 52, 100, 104, 40, 39, 73, 76, 45, 48, 38, 115, 115, 115, 110, 16
1460864997, 73, 50, 100, 103, 40, 39, 73, 72, 43, 46, 35, 113, 114, 111, 107, 16
1460864997, 163, 50, 96, 99, 40, 39, 63, 62, 43, 47, 27, 106, 106, 102, 100, 15
1460864997, 174, 50, 84, 72, 40, 39, 36, 24, 43, 47, 31, 77, 81, 52, 58, 15
1460864997, 337, 49, 64, 65, 39, 39, 32, 28, 35, 34, 10, 45, 53, 40, 48, 15
1460864997, 252, 49, 62, 64, 39, 38, 30, 27, 34, 34, 10, 43, 53, 39, 48, 15
1460864998, 182, 49, 62, 64, 37, 37, 27, 24, 37, 36, 10, 46, 53, 43, 48, 14
1460864998, 113, 57, 62, 50, 37, 37, 18, 36, 53, 58, 24, 46, 54, 23, 34, 15
1460864998, 29, 57, 61, 49, 37, 36, 18, 37, 53, 60, 25, 45, 55, 22, 34, 15
1460864998, 54, 55, 61, 42, 37, 36, 17, 40, 51, 57, 32, 46, 54, 15, 29, 15
1460864998, 21, 55, 60, 40, 36, 36, 17, 42, 52, 56, 34, 46, 54, 14, 28, 15
1460864998, 22, 52, 60, 39, 36, 36, 17, 41, 50, 54, 36, 47, 54, 14, 27, 15
1460864998, 17, 50, 60, 38, 36, 36, 17, 40, 48, 51, 37, 47, 54, 13, 27, 15
1460864998, 11, 49, 60, 38, 36, 36, 18, 39, 47, 50, 37, 47, 54, 13, 27, 15
1460864998, 28, 49, 60, 38, 36, 36, 18, 39, 47, 50, 37, 47, 54, 13, 26, 15
1460864998, 20, 49, 60, 38, 36, 36, 18, 39, 47, 50, 37, 47, 54, 13, 26, 15
1460864998, 5, 48, 60, 38, 36, 36, 18, 39, 47, 50, 37, 47, 54, 13, 26, 15
1460864998, 4, 48, 60, 38, 36, 36, 18, 39, 46, 50, 37, 47, 54, 13, 26, 15
1460864998, 3, 48, 60, 38, 36, 36, 18, 39, 46, 49, 38, 47, 54, 12, 26, 15
1460864998, 3, 48, 60, 38, 36, 36, 18, 39, 46, 49, 38, 47, 54, 12, 26, 15
1460864998, 17, 48, 60, 38, 36, 36, 18, 39, 46, 49, 38, 47, 54, 12, 26, 15
1460864998, 15, 47, 60, 38, 36, 36, 19, 38, 45, 48, 37, 47, 54, 12, 26, 15
1460864998, 8, 47, 60, 38, 36, 36, 19, 37, 45, 48, 37, 47, 54, 13, 26, 15
1460864998, 19, 45, 60, 37, 36, 35, 20, 37, 44, 47, 38, 47, 55, 12, 26, 15
1460864998, 86, 46, 60, 37, 36, 35, 19, 36, 44, 47, 38, 47, 55, 12, 26, 15
1460864998, 568, 47, 60, 37, 36, 35, 19, 36, 43, 47, 37, 47, 55, 12, 26, 15
1460864999, 766, 48, 60, 38, 36, 35, 19, 34, 42, 45, 36, 48, 56, 14, 27, 15
1460864999, 366, 48, 60, 40, 36, 35, 38, 35, 36, 33, 33, 47, 55, 15, 28, 14
1460864999, 96, 49, 57, 40, 36, 35, 41, 37, 37, 31, 27, 42, 51, 16, 28, 14
1460864999, 59, 49, 53, 39, 35, 35, 41, 38, 37, 31, 23, 38, 47, 16, 27, 14
1460864999, 80, 50, 43, 38, 36, 35, 44, 38, 34, 27, 13, 27, 39, 14, 27, 14
1460864999, 100, 51, 39, 37, 36, 35, 45, 39, 32, 26, 12, 24, 36, 12, 26, 14
1460864999, 62, 51, 35, 36, 36, 35, 46, 39, 32, 26, 11, 22, 34, 11, 25, 14
1460864999, 48, 50, 35, 36, 36, 35, 45, 39, 32, 28, 11, 22, 34, 11, 25, 14
1460864999, 41, 51, 35, 36, 36, 35, 45, 39, 33, 28, 11, 22, 34, 11, 25, 14
1460864999, 145, 51, 35, 36, 36, 35, 45, 40, 34, 29, 11, 22, 34, 11, 25, 14
1460864999, 1162, 60, 62, 68, 64, 51, 35, 33, 24, 23, 9, 19, 30, 13, 28, 17
1460864999, 519, 68, 55, 87, 78, 65, 34, 21, 13, 20, 49, 40, 40, 22, 38, 20
1460864999, 167, 66, 46, 53, 59, 50, 43, 41, 38, 32, 9, 21, 25, 12, 21, 15
1460864999, 100, 65, 46, 51, 58, 48, 43, 42, 39, 35, 9, 21, 25, 12, 20, 15
1460864999, 107, 65, 45, 51, 58, 48, 44, 43, 39, 35, 9, 21, 25, 12, 20, 15
1460864999, 526, 65, 37, 45, 40, 35, 45, 47, 59, 64, 11, 18, 28, 15, 27, 13
1460864999, 143, 64, 35, 40, 37, 33, 47, 51, 63, 70, 8, 18, 30, 13, 26, 14
1460864999, 74, 64, 35, 40, 37, 33, 47, 51, 63, 70, 8, 18, 30, 13, 26, 14
1460864999, 75, 64, 35, 39, 37, 33, 46, 52, 63, 70, 8, 18, 30, 12, 26, 14
1460865000, 20, 64, 35, 39, 36, 33, 46, 52, 63, 70, 8, 18, 30, 12, 26, 14
1460865000, 30, 64, 35, 39, 36, 33, 46, 52, 63, 71, 8, 19, 30, 13, 26, 14
1460865000, 40, 64, 35, 39, 36, 33, 46, 52, 63, 71, 8, 19, 31, 13, 26, 14
1460865000, 33, 64, 35, 38, 35, 32, 46, 52, 64, 71, 8, 19, 31, 13, 26, 14
1460865000, 26, 64, 35, 38, 35, 32, 46, 52, 64, 71, 8, 20, 31, 14, 26, 14
1460865000, 24, 64, 35, 38, 35, 32, 46, 52, 64, 72, 8, 20, 31, 13, 26, 14
1460865000, 282, 64, 35, 38, 35, 32, 46, 52, 64, 72, 8, 20, 31, 13, 26, 14
1460865000, 760, 66, 35, 38, 35, 32, 53, 61, 73, 80, 8, 20, 31, 13, 26, 14
1460865000, 753, 57, 35, 38, 35, 32, 44, 43, 45, 43, 8, 20, 30, 13, 26, 13
1460865000, 476, 55, 37, 39, 34, 33, 46, 44, 45, 40, 8, 22, 32, 15, 26, 13
1460865000, 468, 65, 100, 103, 36, 35, 60, 66, 63, 65, 35, 115, 112, 115, 107, 18
1460865000, 119, 65, 100, 105, 37, 35, 64, 71, 62, 63, 37, 117, 114, 119, 110, 19
1460865000, 53, 63, 101, 105, 37, 35, 66, 71, 58, 61, 37, 116, 115, 118, 112, 17
1460865000, 21, 61, 101, 105, 36, 36, 69, 72, 50, 58, 37, 111, 116, 112, 113, 15
1460865000, 8, 58, 101, 105, 36, 36, 71, 74, 46, 55, 37, 111, 117, 111, 113, 15
1460865000, 14, 55, 101, 105, 36, 36, 74, 76, 42, 52, 37, 111, 117, 111, 114, 15
1460865000, 18, 53, 101, 105, 36, 36, 75, 77, 40, 50, 36, 110, 117, 111, 114, 15
1460865000, 102, 51, 100, 104, 36, 36, 75, 76, 38, 48, 34, 109, 116, 109, 113, 15
1460865000, 150, 49, 98, 103, 36, 36, 68, 73, 36, 46, 29, 103, 111, 105, 110, 15
1460865001, 274, 48, 75, 79, 36, 36, 29, 31, 35, 46, 12, 60, 72, 61, 72, 15
1460865001, 217, 47, 63, 60, 36, 35, 23, 21, 31, 39, 10, 42, 54, 33, 46, 15
1460865001, 193, 47, 62, 44, 38, 36, 22, 19, 28, 35, 21, 38, 50, 17, 30, 14
1460865001, 134, 46, 62, 42, 38, 36, 25, 19, 25, 31, 23, 37, 50, 16, 29, 14
1460865001, 115, 45, 62, 40, 37, 35, 31, 24, 23, 25, 27, 39, 50, 14, 28, 14
1460865001, 46, 44, 62, 39, 36, 35, 26, 23, 27, 30, 30, 41, 51, 14, 27, 14
1460865001, 15, 43, 62, 38, 36, 34, 24, 25, 29, 33, 32, 42, 52, 13, 26, 14
1460865001, 32, 42, 51, 38, 36, 34, 22, 26, 31, 35, 19, 30, 41, 13, 26, 14
1460865001, 11, 42, 48, 37, 36, 34, 22, 26, 31, 36, 15, 27, 39, 13, 26, 14
1460865001, 22, 41, 48, 37, 36, 34, 22, 26, 31, 36, 15, 26, 39, 13, 26, 14
1460865001, 23, 40, 47, 37, 36, 34, 22, 26, 32, 37, 14, 26, 39, 13, 26, 14
1460865001, 24, 40, 47, 37, 36, 34, 22, 26, 32, 37, 14, 26, 39, 13, 26, 14
1460865001, 20, 39, 47, 37, 36, 34, 22, 26, 32, 37, 14, 26, 38, 13, 26, 14
1460865001, 37, 39, 47, 37, 36, 34, 23, 27, 33, 38, 14, 26, 38, 13, 26, 14
1460865001, 145, 39, 46, 37, 36, 34, 23, 27, 33, 38, 13, 25, 38, 13, 26, 14
1460865001, 466, 39, 43, 40, 36, 34, 22, 25, 33, 38, 10, 24, 36, 14, 27, 14
1460865001, 435, 49, 86, 87, 36, 34, 47, 43, 39, 41, 19, 85, 88, 82, 83, 15
1460865001, 318, 50, 100, 103, 36, 35, 78, 75, 41, 42, 42, 114, 113, 113, 107, 16
1460865001, 78, 50, 101, 104, 36, 35, 82, 79, 41, 41, 45, 116, 116, 116, 109, 17
1460865002, 22, 50, 102, 104, 36, 35, 83, 81, 40, 40, 45, 117, 116, 117, 110, 17
1460865002, 26, 47, 102, 105, 36, 35, 86, 83, 37, 36, 45, 117, 116, 117, 110, 17
1460865002, 14, 46, 102, 105, 36, 35, 87, 84, 35, 35, 45, 117, 117, 117, 110, 17
1460865002, 11, 44, 102, 105, 36, 35, 87, 85, 35, 35, 45, 118, 117, 117, 111, 17
1460865002, 20, 44, 102, 105, 36, 35, 85, 84, 32, 38, 44, 115, 118, 114, 112, 16
1460865002, 115, 47, 102, 104, 35, 35, 77, 76, 39, 46, 42, 114, 118, 111, 110, 15
1460865002, 115, 55, 100, 102, 35, 35, 64, 67, 51, 59, 37, 111, 115, 107, 108, 15
1460865002, 176, 60, 79, 77, 35, 35, 26, 33, 60, 68, 13, 69, 77, 62, 69, 15
1460865002, 168, 61, 66, 68, 35, 35, 24, 32, 60, 69, 9, 51, 61, 50, 58, 15
1460865002, 202, 59, 65, 66, 35, 35, 15, 24, 54, 63, 10, 50, 60, 47, 56, 15
1460865002, 138, 58, 64, 65, 35, 34, 11, 21, 52, 60, 10, 51, 60, 48, 56, 14
1460865002, 119, 56, 64, 65, 35, 34, 11, 20, 51, 59, 10, 52, 60, 49, 56, 14
1460865002, 78, 55, 63, 65, 35, 34, 11, 19, 50, 57, 10, 53, 60, 50, 56, 14
1460865002, 55, 54, 63, 65, 35, 34, 11, 20, 49, 56, 10, 54, 60, 51, 57, 14
1460865002, 79, 53, 63, 65, 35, 34, 11, 19, 48, 55, 10, 54, 61, 51, 57, 14
1460865002, 27, 52, 63, 65, 35, 34, 11, 19, 48, 54, 11, 54, 61, 51, 57, 14
1460865002, 6, 52, 63, 65, 35, 34, 11, 19, 48, 54, 10, 54, 60, 51, 57, 14
1460865002, 5, 52, 63, 65, 35, 34, 12, 19, 48, 54, 10, 54, 60, 51, 56, 14
1460865002, 27, 52, 63, 65, 35, 34, 12, 20, 47, 54, 10, 54, 60, 51, 56, 14
1460865003, 21, 51, 61, 50, 35, 34, 11, 24, 47, 54, 22, 50, 57, 30, 39, 14
1460865003, 20, 51, 60, 50, 35, 34, 12, 25, 47, 54, 22, 49, 56, 29, 38, 14
1460865003, 11, 51, 59, 49, 35, 34, 12, 25, 47, 54, 20, 48, 55, 28, 38, 14
1460865003, 29, 51, 59, 49, 35, 34, 12, 25, 47, 54, 20, 47, 55, 28, 37, 14
1460865003, 85, 50, 59, 49, 35, 34, 13, 25, 47, 54, 20, 47, 55, 28, 37, 14
1460865003, 333, 52, 50, 50, 35, 34, 16, 24, 48, 54, 9, 36, 45, 30, 39, 14
1460865003, 564, 54, 52, 53, 35, 34, 8, 15, 47, 53, 10, 41, 49, 37, 44, 14
1460865003, 419, 60, 93, 96, 37, 34, 56, 62, 46, 56, 31, 97, 102, 95, 98, 14
1460865003, 129, 56, 97, 100, 38, 34, 66, 71, 41, 50, 36, 103, 108, 103, 104, 14
1460865003, 50, 52, 98, 101, 38, 34, 70, 74, 38, 47, 37, 105, 109, 104, 105, 14
1460865003, 32, 50, 100, 102, 38, 34, 73, 76, 36, 45, 39, 107, 111, 105, 106, 14
1460865003, 19, 48, 101, 103, 38, 34, 75, 78, 35, 44, 39, 108, 112, 107, 108, 14
1460865003, 26, 46, 101, 104, 38, 34, 76, 80, 33, 42, 38, 108, 113, 108, 108, 14
1460865003, 37, 44, 101, 104, 38, 34, 77, 81, 32, 41, 38, 109, 113, 108, 109, 14
1460865003, 104, 43, 101, 104, 38, 34, 78, 82, 31, 39, 38, 109, 113, 108, 108, 14
1460865003, 132, 43, 101, 103, 38, 35, 75, 77, 32, 40, 35, 107, 111, 104, 105, 14
1460865003, 120, 41, 100, 80, 39, 35, 67, 42, 37, 45, 61, 102, 107, 59, 67, 15
1460865003, 316, 65, 61, 58, 46, 41, 17, 27, 49, 55, 11, 34, 44, 24, 35, 15
1460865003, 177, 65, 55, 57, 47, 41, 22, 26, 48, 54, 8, 28, 38, 23, 34, 15
1460865003, 132, 64, 54, 56, 47, 41, 23, 27, 48, 55, 8, 27, 38, 23, 33, 15
1460865004, 109, 60, 53, 55, 48, 41, 22, 28, 47, 52, 8, 27, 37, 21, 32, 15
1460865004, 73, 56, 51, 53, 48, 41, 22, 28, 45, 50, 8, 26, 36, 20, 30, 15
1460865004, 33, 54, 50, 52, 48, 41, 25, 30, 47, 51, 8, 25, 34, 20, 30, 15
1460865004, 48, 54, 49, 52, 48, 41, 25, 30, 49, 51, 8, 26, 34, 21, 30, 15
1460865004, 31, 54, 49, 52, 47, 40, 25, 30, 50, 52, 8, 27, 34, 23, 30, 14
1460865004, 17, 54, 49, 52, 47, 40, 26, 30, 50, 52, 8, 27, 34, 23, 30, 14
1460865004, 6, 53, 49, 52, 47, 40, 26, 30, 51, 52, 8, 27, 34, 23, 30, 14
1460865004, 5, 53, 48, 52, 47, 40, 26, 30, 51, 52, 8, 27, 34, 23, 30, 14
1460865004, 7, 53, 48, 52, 47, 40, 26, 30, 51, 52, 8, 27, 33, 23, 30, 14
1460865004, 7, 52, 48, 52, 47, 40, 26, 30, 51, 52, 8, 27, 33, 23, 30, 14
1460865004, 17, 51, 48, 52, 47, 40, 24, 28, 49, 49, 8, 27, 33, 23, 30, 14
1460865004, 168, 49, 48, 52, 47, 40, 23, 27, 47, 47, 8, 27, 33, 23, 30, 14
1460865004, 555, 48, 49, 52, 47, 40, 21, 25, 45, 44, 8, 28, 34, 24, 30, 14
1460865004, 384, 56, 82, 86, 41, 36, 43, 42, 35, 41, 25, 76, 81, 76, 79, 13
1460865004, 313, 54, 99, 101, 39, 35, 78, 77, 30, 39, 46, 104, 109, 103, 103, 15
1460865004, 105, 51, 101, 103, 39, 36, 84, 82, 27, 35, 48, 107, 112, 105, 105, 15
1460865004, 35, 50, 102, 104, 39, 36, 87, 84, 25, 34, 49, 108, 114, 106, 107, 15
1460865004, 9, 49, 103, 105, 39, 36, 88, 86, 24, 33, 49, 109, 114, 108, 108, 15
1460865004, 36, 49, 103, 106, 39, 36, 89, 88, 24, 33, 49, 110, 116, 109, 109, 15
1460865005, 39, 48, 103, 106, 40, 36, 89, 89, 23, 34, 48, 109, 116, 109, 110, 16
1460865005, 54, 47, 104, 106, 40, 37, 85, 87, 25, 37, 47, 109, 116, 108, 110, 16
1460865005, 96, 53, 103, 105, 41, 37, 76, 78, 36, 49, 43, 108, 115, 102, 106, 16
1460865005, 154, 58, 102, 105, 41, 38, 66, 76, 44, 58, 38, 103, 111, 99, 104, 17
1460865005, 196, 62, 100, 69, 43, 39, 59, 28, 47, 61, 72, 96, 105, 36, 51, 17
1460865005, 197, 63, 73, 52, 42, 39, 16, 29, 48, 62, 29, 48, 63, 20, 36, 17
1460865005, 127, 62, 54, 50, 39, 38, 13, 24, 48, 60, 12, 35, 48, 25, 37, 16
1460865005, 121, 61, 52, 50, 38, 37, 13, 23, 51, 62, 11, 37, 49, 29, 39, 16
1460865005, 86, 61, 51, 50, 38, 37, 14, 23, 53, 63, 11, 39, 50, 32, 41, 16
1460865005, 53, 60, 49, 50, 37, 37, 16, 24, 55, 64, 11, 38, 49, 34, 42, 16
1460865005, 55, 60, 49, 50, 37, 37, 17, 25, 56, 66, 11, 38, 49, 35, 43, 16
1460865005, 88, 60, 49, 50, 37, 36, 16, 25, 56, 66, 11, 39, 50, 35, 44, 16
1460865005, 50, 57, 49, 50, 37, 36, 13, 21, 53, 63, 11, 39, 50, 36, 44, 16
1460865005, 24, 55, 48, 50, 37, 36, 12, 19, 51, 60, 11, 39, 49, 36, 44, 16
1460865005, 44, 55, 48, 50, 37, 36, 11, 18, 50, 60, 11, 39, 49, 36, 44, 16
1460865005, 20, 55, 49, 50, 37, 36, 9, 17, 49, 59, 11, 40, 50, 36, 44, 15
1460865005, 16, 55, 49, 50, 37, 36, 9, 17, 49, 59, 11, 40, 50, 36, 44, 15
1460865005, 15, 55, 49, 50, 37, 36, 7, 16, 49, 58, 12, 41, 51, 36, 44, 15
1460865005, 11, 55, 49, 50, 37, 36, 7, 15, 48, 57, 12, 41, 51, 36, 44, 15
1460865006, 7, 55, 49, 50, 37, 36, 6, 13, 46, 56, 12, 41, 51, 36, 44, 15
1460865006, 123, 55, 49, 50, 37, 36, 6, 12, 46, 55, 12, 42, 51, 37, 44, 15
1460865006, 490, 54, 50, 50, 37, 36, 6, 10, 45, 54, 11, 42, 51, 37, 45, 15
1460865006, 552, 54, 90, 90, 36, 35, 56, 52, 43, 48, 23, 96, 100, 93, 95, 15
1460865006, 304, 56, 100, 104, 36, 35, 77, 81, 45, 52, 40, 114, 118, 116, 116, 15
1460865006, 117, 55, 101, 105, 37, 35, 80, 82, 42, 50, 41, 114, 119, 116, 116, 15
1460865006, 53, 54, 102, 106, 37, 36, 81, 84, 39, 47, 41, 114, 119, 117, 117, 15
1460865006, 48, 53, 102, 106, 38, 36, 82, 84, 37, 45, 41, 113, 118, 115, 115, 16
1460865006, 41, 53, 102, 106, 39, 36, 82, 84, 34, 44, 40, 112, 118, 114, 115, 16
1460865006, 48, 53, 103, 107, 39, 36, 82, 85, 34, 43, 39, 112, 118, 114, 116, 16
1460865006, 49, 53, 103, 107, 39, 36, 83, 85, 33, 43, 38, 112, 119, 114, 116, 16
1460865006, 61, 53, 103, 107, 39, 36, 84, 85, 33, 43, 37, 113, 119, 114, 116, 16
1460865006, 94, 53, 103, 107, 39, 37, 80, 80, 36, 47, 36, 113, 119, 112, 115, 16
1460865006, 85, 54, 102, 95, 39, 37, 71, 48, 41, 52, 48, 109, 116, 85, 92, 16
1460865006, 214, 55, 75, 77, 39, 37, 21, 27, 44, 56, 12, 55, 68, 54, 65, 16
1460865006, 187, 57, 74, 76, 39, 37, 16, 22, 46, 56, 12, 57, 67, 55, 64, 15
1460865006, 136, 56, 73, 75, 38, 36, 18, 19, 45, 52, 12, 62, 70, 60, 66, 15
1460865006, 103, 53, 73, 74, 37, 36, 21, 21, 49, 54, 13, 67, 74, 63, 68, 15
1460865006, 87, 50, 73, 73, 36, 36, 23, 24, 50, 54, 13, 69, 74, 65, 69, 14
1460865006, 44, 47, 73, 58, 36, 36, 25, 26, 49, 53, 33, 70, 75, 40, 47, 14
1460865007, 34, 45, 73, 54, 36, 36, 27, 29, 49, 53, 38, 70, 74, 35, 43, 14
1460865007, 38, 44, 73, 54, 37, 36, 29, 31, 50, 53, 39, 70, 74, 34, 42, 14
1460865007, 39, 42, 73, 53, 37, 36, 31, 33, 50, 53, 39, 70, 74, 34, 42, 14
1460865007, 33, 41, 73, 53, 37, 36, 32, 34, 50, 53, 39, 70, 74, 34, 42, 14
1460865007, 21, 40, 60, 53, 37, 36, 28, 35, 50, 53, 17, 49, 56, 34, 41, 14
1460865007, 18, 39, 53, 53, 37, 36, 28, 35, 50, 53, 11, 41, 49, 34, 41, 14
1460865007, 21, 39, 53, 53, 37, 36, 29, 36, 50, 53, 10, 40, 48, 33, 41, 14
1460865007, 11, 38, 53, 53, 37, 36, 30, 37, 50, 54, 10, 40, 48, 33, 41, 14
1460865007, 9, 38, 53, 53, 37, 36, 32, 39, 51, 54, 10, 40, 48, 33, 41, 14
1460865007, 5, 37, 53, 53, 37, 36, 33, 40, 51, 55, 10, 40, 48, 33, 41, 14
1460865007, 8, 37, 53, 53, 37, 36, 33, 40, 51, 55, 10, 40, 48, 33, 41, 14
1460865007, 43, 37, 53, 53, 37, 36, 33, 40, 51, 55, 10, 40, 48, 33, 41, 14
1460865007, 336, 38, 52, 53, 37, 36, 31, 38, 50, 54, 10, 38, 47, 32, 41, 14
1460865007, 389, 65, 80, 85, 75, 62, 20, 29, 28, 39, 14, 30, 45, 24, 39, 21
1460865007, 366, 68, 94, 100, 87, 72, 56, 68, 43, 49, 30, 40, 55, 31, 41, 24
1460865007, 142, 65, 97, 103, 87, 72, 70, 75, 42, 44, 35, 47, 60, 37, 44, 24
1460865007, 50, 61, 99, 104, 88, 73, 79, 81, 45, 41, 38, 51, 64, 40, 48, 23
1460865007, 18, 58, 100, 105, 88, 73, 82, 83, 47, 40, 38, 54, 66, 42, 50, 23
1460865007, 21, 57, 100, 105, 89, 73, 84, 84, 47, 40, 38, 57, 67, 44, 51, 22
1460865008, 27, 55, 101, 106, 89, 73, 86, 84, 47, 39, 38, 60, 69, 45, 52, 22
1460865008, 26, 54, 101, 106, 89, 73, 85, 85, 47, 39, 38, 61, 70, 46, 53, 22
1460865008, 54, 54, 101, 106, 89, 73, 85, 84, 47, 39, 37, 62, 70, 47, 53, 22
1460865008, 66, 53, 101, 106, 89, 73, 84, 83, 47, 39, 36, 63, 70, 47, 54, 22
1460865008, 114, 54, 101, 104, 89, 72, 76, 74, 46, 41, 31, 61, 69, 41, 51, 21
1460865008, 131, 56, 99, 90, 88, 72, 67, 38, 44, 42, 47, 55, 64, 24, 41, 21
1460865008, 200, 61, 62, 74, 65, 55, 17, 16, 28, 36, 21, 23, 36, 23, 37, 18
1460865008, 186, 64, 57, 63, 62, 52, 19, 18, 29, 39, 11, 23, 35, 14, 30, 17
1460865008, 268, 62, 58, 63, 61, 51, 15, 12, 21, 32, 10, 23, 35, 14, 29, 17
1460865008, 115, 62, 57, 59, 58, 49, 15, 15, 26, 35, 9, 23, 35, 14, 28, 16
1460865008, 64, 61, 54, 56, 56, 47, 17, 18, 31, 37, 9, 24, 34, 15, 27, 16
1460865008, 33, 60, 52, 54, 55, 47, 18, 20, 33, 39, 9, 25, 34, 15, 26, 16
1460865008, 22, 58, 51, 53, 55, 46, 18, 20, 33, 39, 9, 25, 33, 15, 26, 16
1460865008, 15, 58, 51, 52, 55, 46, 18, 20, 34, 38, 9, 25, 33, 16, 26, 15
1460865008, 21, 57, 50, 52, 54, 46, 18, 20, 34, 38, 9, 26, 33, 16, 25, 15
1460865008, 17, 56, 50, 51, 54, 46, 18, 20, 34, 37, 9, 26, 33, 16, 25, 15
1460865008, 23, 56, 50, 51, 54, 46, 18, 20, 34, 37, 9, 26, 33, 16, 25, 15
1460865008, 35, 55, 50, 51, 54, 46, 18, 20, 34, 36, 9, 26, 33, 16, 25, 15
1460865008, 19, 55, 49, 51, 54, 46, 18, 21, 34, 36, 9, 26, 32, 16, 24, 15
1460865009, 9, 55, 49, 50, 54, 46, 19, 21, 33, 35, 9, 25, 32, 16, 24, 15
1460865009, 42, 55, 48, 49, 54, 46, 21, 22, 32, 34, 9, 25, 31, 15, 23, 15
1460865009, 206, 54, 47, 49, 54, 46, 22, 22, 32, 33, 9, 24, 30, 15, 23, 15
1460865009, 661, 55, 47, 49, 54, 45, 23, 21, 30, 31, 9, 24, 30, 15, 23, 15
1460865009, 425, 65, 93, 95, 41, 38, 51, 48, 48, 56, 24, 95, 100, 92, 95, 16
1460865009, 151, 67, 99, 103, 38, 36, 74, 76, 49, 56, 36, 109, 111, 110, 108, 16
1460865009, 62, 66, 99, 104, 37, 36, 79, 79, 46, 52, 36, 109, 112, 111, 109, 16
1460865009, 38, 64, 100, 105, 36, 36, 82, 81, 44, 49, 36, 110, 113, 112, 110, 15
1460865009, 62, 62, 100, 105, 36, 36, 83, 82, 42, 47, 34, 110, 113, 112, 110, 15
1460865009, 74, 61, 100, 105, 36, 36, 82, 82, 41, 46, 33, 110, 113, 112, 111, 15
1460865009, 72, 60, 100, 105, 36, 36, 81, 81, 40, 46, 32, 109, 112, 111, 110, 15
1460865009, 73, 59, 99, 105, 36, 36, 79, 79, 40, 46, 30, 108, 111, 110, 110, 15
1460865009, 68, 60, 98, 103, 36, 36, 69, 66, 44, 51, 26, 106, 109, 105, 105, 15
1460865009, 93, 61, 96, 100, 36, 36, 57, 54, 49, 56, 24, 102, 104, 98, 99, 15
1460865009, 100, 61, 93, 97, 36, 36, 42, 44, 52, 59, 18, 93, 96, 92, 94, 15
1460865009, 117, 62, 90, 75, 36, 36, 33, 25, 56, 63, 42, 86, 90, 55, 63, 15
1460865009, 78, 65, 89, 46, 36, 36, 31, 44, 60, 69, 68, 83, 88, 20, 34, 15
1460865009, 136, 65, 51, 44, 36, 35, 30, 42, 58, 66, 13, 32, 45, 18, 32, 15
1460865009, 180, 65, 47, 45, 36, 35, 30, 39, 56, 65, 11, 30, 43, 19, 33, 15
1460865010, 119, 63, 47, 45, 35, 35, 28, 32, 53, 59, 11, 32, 44, 23, 34, 15
1460865010, 66, 62, 45, 45, 35, 35, 28, 30, 52, 58, 10, 31, 43, 24, 35, 15
1460865010, 51, 59, 45, 45, 35, 35, 26, 28, 50, 56, 10, 31, 43, 24, 35, 15
1460865010, 17, 56, 45, 45, 35, 35, 23, 25, 48, 54, 10, 32, 43, 25, 36, 14
1460865010, 6, 55, 45, 45, 35, 35, 22, 24, 47, 54, 10, 32, 43, 25, 36, 14
1460865010, 4, 54, 45, 45, 35, 34, 21, 23, 46, 53, 10, 32, 43, 25, 36, 14
1460865010, 2, 54, 45, 45, 35, 34, 20, 23, 46, 53, 10, 32, 43, 25, 36, 14
1460865010, 1, 54, 45, 45, 35, 34, 19, 23, 45, 53, 10, 32, 43, 25, 36, 14
1460865010, 3, 53, 45, 45, 35, 34, 19, 22, 45, 53, 10, 32, 43, 25, 36, 14
1460865010, 4, 53, 45, 45, 35, 34, 19, 22, 45, 53, 10, 32, 43, 25, 36, 14
1460865010, 6, 53, 45, 45, 35, 34, 19, 23, 46, 53, 10, 32, 43, 25, 36, 14
1460865010, 3, 53, 45, 45, 35, 34, 19, 23, 46, 54, 10, 32, 43, 25, 36, 14
1460865010, 9, 53, 45, 45, 35, 34, 18, 23, 46, 54, 10, 32, 43, 25, 36, 14
1460865010, 17, 52, 45, 45, 35, 34, 18, 23, 46, 53, 10, 32, 43, 25, 36, 14
1460865010, 163, 51, 45, 45, 35, 34, 18, 20, 42, 49, 10, 32, 43, 25, 35, 14
1460865010, 449, 52, 43, 43, 35, 34, 21, 23, 41, 48, 10, 29, 41, 21, 33, 14
1460865010, 651, 54, 47, 47, 36, 34, 14, 12, 41, 49, 10, 37, 47, 30, 40, 14
1460865010, 288, 76, 100, 104, 36, 35, 73, 80, 71, 82, 25, 113, 115, 112, 112, 15
1460865010, 128, 76, 100, 106, 37, 35, 77, 89, 70, 82, 24, 114, 116, 118, 117, 16
1460865011, 56, 76, 100, 106, 37, 36, 77, 90, 67, 79, 24, 114, 116, 118, 117, 16
1460865011, 16, 74, 100, 106, 37, 36, 77, 89, 65, 76, 25, 114, 116, 119, 118, 16
1460865011, 47, 73, 100, 106, 37, 36, 76, 89, 62, 73, 26, 114, 116, 119, 118, 16
1460865011, 88, 72, 101, 106, 37, 36, 75, 89, 59, 71, 28, 113, 116, 118, 117, 16
1460865011, 112, 71, 101, 106, 37, 36, 74, 87, 58, 69, 28, 112, 115, 117, 116, 16
1460865011, 158, 69, 101, 105, 37, 36, 72, 79, 56, 67, 26, 111, 114, 113, 113, 16
1460865011, 251, 67, 81, 82, 37, 36, 19, 28, 58, 68, 13, 70, 78, 67, 74, 16
1460865011, 244, 66, 70, 71, 36, 35, 15, 26, 60, 69, 11, 55, 65, 51, 60, 16
1460865011, 154, 63, 68, 70, 36, 35, 11, 21, 55, 64, 11, 53, 63, 51, 60, 15
1460865011, 55, 58, 67, 70, 36, 35, 12, 19, 50, 59, 10, 52, 63, 51, 60, 15
1460865011, 29, 56, 67, 70, 36, 35, 13, 20, 50, 57, 10, 55, 63, 54, 61, 15
1460865011, 50, 53, 67, 70, 35, 35, 15, 22, 50, 56, 10, 57, 64, 57, 62, 15
1460865011, 110, 50, 67, 62, 35, 35, 17, 23, 49, 54, 17, 58, 64, 45, 51, 15
1460865011, 139, 47, 66, 53, 35, 35, 19, 26, 46, 51, 29, 58, 64, 32, 41, 15
